,Dzień Znalezienia,Numer Pociągu,Relacja Pociągu,Stacja Znalezienia,Rodzaj Rzeczy
0,2025-01-15,9102,Łódź Fabryczna - Warszawa Wsch.,Łódź Fabryczna,Rzeczy Osobiste
1,2025-01-15,45100,Bielsko-Biała Gł. - Gdynia Gł.,Gdynia Główna,Portfel
2,2025-01-15,1528,Łódź Fabryczna - Gdynia Gł.,Gdynia Główna,Telefon
3,2025-01-15,1802,Warszawa Wsch. - Szczecin Gł.,Warszawa Wschodnia,Walizka / Plecak
4,2025-01-15,4520,Tychy - Gdynia Gł.,Gdynia Główna,Okulary
5,2025-01-15,4524,Racibórz - Olsztyn Gł.,Olsztyn Główny,Reklamówka / Torba
6,2025-01-15,25100,Chełm - Bydgoszcz Gł.,Łowicz Główny,Walizka / Plecak
7,2025-01-15,61104,Wrocław Gł. - Białystok,Białystok,Rzeczy Osobiste
8,2025-01-15,1624,Białystok - Wrocław Gł.,Wrocław Główny,Reklamówka / Torba
9,2025-01-15,1100,Białystok - Łódź Fabryczna,Łódź Fabryczna,Walizka / Plecak
10,2025-01-15,3528,Kraków Gł. - Olsztyn Gł.,Olsztyn Główny,Słuchawki
11,2025-01-15,3528,Kraków Gł. - Olsztyn Gł.,Olsztyn Główny,Etui
12,2025-01-15,6122,Wrocław Gł. - Warszawa Wsch.,Warszawa Wschodnia,Reklamówka / Torba
13,2025-01-15,37102,Przemyśl Gł. - Poznań Gł.,Wrocław Główny,Walizka / Plecak
14,2025-01-15,5404,Gdynia Gł. - Gliwice,Gliwice,Reklamówka / Torba
15,2025-01-15,8110,Szczecin Gł. - Warszawa Wsch.,Warszawa Wschodnia,Walizka / Plecak
16,2025-01-15,8300,Kołobrzeg - Kraków Główny,Kraków Główny,Ubranie
17,2025-01-15,16102,Warszawa Wsch. - Wrocław Gł.,Wrocław Główny,Kosztowności
18,2025-01-15,4520,Tychy - Gdynia Gł.,Łódź Kaliska,Walizka / Plecak
19,2025-01-15,5220,Bydgoszcz Gł. - Lublin Gł.,Bydgoszcz Wsch.,Dokument/Y
20,2025-01-15,6134,Wrocław Gł. - Warszawa Wsch.,Warszawa Wschodnia,Ubranie
21,2025-01-15,38108,Zakopane - Szczecin Gł.,Nowy Dwór Mazowiecki,Rzeczy Osobiste
22,2025-01-15,23102,Kraków Głowny-Lublin,Lublin,Reklamówka / Torba
23,2025-01-15,4502,Gliwice - Gdynia Gł.,Warszawa Wschodnia,Walizka / Plecak
24,2025-01-15,81114,Kołobrzeg - Łódź Fabryczna,Łódź Fabryczna,Dokument/Y
25,2025-01-15,83104,Piła Gł. - Rzeszów Główny,Rzeszów Główny,Walizka / Plecak
26,2025-01-15,81114,Kołobrzeg - Łódź Fabryczna,Łódź Fabryczna,Telefon
27,2025-01-15,45100,Bielsko-Biała Gł. - Gdynia Gł.,Gdynia Główna,Ubranie
28,2025-01-15,4124,Katowice - Płock,Płock,Telefon
29,2025-01-15,58102,Olsztyn Gł. - Szczecin Gł.,Koszalin,Reklamówka / Torba
30,2025-01-15,5320,Olsztyn Gł. - Kraków Gł.,Działdowo,Portfel
31,2025-01-15,3508,Rzeszów Główny - Gdynia Gł.,Iława Główna,Sprzęt Elektroniczny
32,2025-01-15,5424,Olsztyn Gł. - Racibórz,Kuźnia Raciborska,Sprzęt Elektroniczny
33,2025-01-15,5328,Olsztyn Gł. - Kraków Gł.,Jędrzejów,Walizka / Plecak
34,2025-01-15,83110,Kołobrzeg - Kraków Gł.,Kościan,Sprzęt Elektroniczny
35,2025-01-15,5604,Gdynia Gł. - Wrocław Gł.,Wrocław Główny,Walizka / Plecak
36,2025-01-15,1102,Białystok - Łódź Fabryczna,Łódź Fabryczna,Etui
37,2025-01-15,111,Bohumin - Warszawa Wsch.,Warszawa Wschodnia,Rzeczy Osobiste
38,2025-01-15,83172,Świnoujście - Przemyśl Gł.,Przemyśl Główny,Ubranie
39,2025-01-15,6129,Wroław-Białystok,Białystok,Książka
40,2025-01-15,8106,Szczecin Gł. - Warszawa Wsch.,Warszawa Wschodnia,Reklamówka / Torba
41,2025-01-15,3808,Przemyśl Gł. - Szczecin Gł.,Kraków Główny,Telefon
42,2025-01-14,1808,Suwałki - Szczecin Gł.,Szczecin Główny,Rzeczy Osobiste
43,2025-01-14,71002,Berlin - Warszawa Wsch.,Warszawa Olszynka Grochowska,Sprzęt Elektroniczny
44,2025-01-14,3528,Kraków Gł. - Olsztyn Gł.,Olsztyn Główny,Sprzęt Elektroniczny
45,2025-01-14,5402,Gdynia Gł. - Bielsko-Biała Gł.,Bielsko-Biała Główna,Ubranie
46,2025-01-14,81170,Świnoujście - Warszawa Wsch.,Łowicz Główny,Walizka / Plecak
47,2025-01-14,5406,Gdynia Gł. - Bielsko-Biała Gł.,Bielsko-Biała Główna,Ubranie
48,2025-01-14,461,Gdynia Gł. - Praha Hl. N.,Żmigród,Rzeczy Osobiste
49,2025-01-14,41005,Budapeszt-Warszawa,Warszaw Olszynka Grochowska,Sprzęt Elektroniczny
50,2025-01-14,6134,Wrocław Gł. - Warszawa Wsch.,Warszawa Wschodnia,Artykuły Biurowe
51,2025-01-14,5104,Gdynia Gł. - Warszawa Zach.,Warszawa Centralna,Walizka / Plecak
52,2025-01-14,61191,Jelenia Góra-Warszawa,Warszaw Olszynka Grochowska,Sprzęt Elektroniczny
53,2025-01-14,75102,Poznań Gł. - Olsztyn Gł.,Olsztyn Główny,Rzeczy Osobiste
54,2025-01-14,1808,Suwałki - Szczecin Gł.,Szczecin Główny,Sprzęt Elektroniczny
55,2025-01-14,5224,Bydgoszcz Gł. - Lublin Gł.,Lublin Główny,Walizka / Plecak
56,2025-01-14,3534,Kraków - Bydgoszcz,Bydgoszcz Główna,Sprzęt Agd
57,2025-01-14,5360,Gdynia Gł. - Zakopane,Kutno,Ubranie
58,2025-01-14,18114,Łódź Fabryczna - Kołobrzeg,Lębork,Reklamówka / Torba
59,2025-01-14,4504,Bielsko-Biała Gł. - Gdynia Gł.,Gdynia Główna,Dokument/Y
60,2025-01-14,264,Praha Hl. N. - Gdynia Gł.,Inowrocław,Reklamówka / Torba
61,2025-01-14,3812,Przemyśl Gł. - Ustka,Koszalin,Walizka / Plecak
62,2025-01-14,18114,Łódź Fabryczna - Kołobrzeg,Warszawa Wschodnia,Reklamówka / Torba
63,2025-01-14,18114,Łódź Fabryczna - Kołobrzeg,Koszalin,Walizka / Plecak
64,2025-01-14,83100,Świnoujście - Rzeszów Główny,Rzeszów Główny,Walizka / Plecak
65,2025-01-14,1612,Warszawa Wsch. - Wrocław Gł.,Leszno,Telefon
66,2025-01-14,83102,Kołobrzeg - Rzeszów Główny,Warszawa Wschodnia,Reklamówka / Torba
67,2025-01-14,5326,Olsztyn Główny - Kraków Główny,Kraków Główny,Reklamówka / Torba
68,2025-01-14,17102,Warszawa Wsch. - Zielona Góra Gł.,Zielona Góra Główna,Sprzęt Elektroniczny
69,2025-01-14,110,Warszawa Wsch. - Bohumin,Katowice,Ubranie
70,2025-01-14,3528,Kraków Gł. - Olsztyn Gł.,Olsztyn Główny,Ubranie
71,2025-01-14,3804,Kraków Gł. - Kołobrzeg,Szczecinek,Słuchawki
72,2025-01-14,IC 1000,Łódż Fab. -Białystok,Białystok,Sprzęt Elektroniczny
73,2025-01-13,24101,Kielce Główne - Gliwice,Kielce Główne,Pieniądze
74,2025-01-13,14100,Warszawa Wsch. - Gliwice,Gliwice,Sprzęt Elektroniczny
75,2025-01-13,13104,Warszawa Wsch. - Przemyśl Gł.,Przemyśl Główny,Sprzęt Sportowy
76,2025-01-13,4122,Bielsko-Biała Gł. - Warszawa Wsch.,Częstochowa,Sprzęt Elektroniczny
77,2025-01-13,1500,Warszawa Zach. - Gdynia Gł.,Gdynia Główna,Ubranie
78,2025-01-13,407,Warszawa Wsch. - München Hbf,Oświęcim,Dokument/Y
79,2025-01-13,83104,Piła Gł. - Rzeszów Główny,Puławy Miasto,Telefon
80,2025-01-13,84100,Słupsk - Katowice,Katowice,Sprzęt Elektroniczny
81,2025-01-13,37104,Przemyśl Gł. - Zielona Góra Gł.,Zielona Góra Główna,Ubranie
82,2025-01-13,73005,Berlin Hbf - Kraków Główny,Kraków Główny,Etui
83,2025-01-13,83171,Kołobrzeg - Kraków Główny,Kraków Główny,Ubranie
84,2025-01-13,17102,Warszawa Wsch. - Zielona Góra Gł.,Zielona Góra Główna,Ubranie
85,2025-01-13,3820,Kraków Gł. - Szczecin Gł.,Szczecin Główny,Walizka / Plecak
86,2025-01-13,1620,Warszawa Wsch. - Wrocław Gł.,Wrocław Główny,Walizka / Plecak
87,2025-01-13,8109,Szczecin Gł. - Suwałki,Białystok,Reklamówka / Torba
88,2025-01-13,45100,Bielsko-Biała Gł. - Gdynia Gł.,Gdynia Główna,Etui
89,2025-01-13,2720,Lublin Gł. - Poznań Gł.,Pabianice,Walizka / Plecak
90,2025-01-13,63102,Jelenia Góra - Kraków Główny,Kraków Główny,Artykuły Medyczne
91,2025-01-13,78101,Zbąszynek - Gorzów Wlkp.,Gorzów Wielkopolski,Dokument/Y
92,2025-01-13,5332,Olsztyn Główny- Kraków Główny,Kraków Główny,Sprzęt Elektroniczny
93,2025-01-13,83170,Kołobrzeg - Kraków Gł.,Radom Główny,Walizka / Plecak
95,2025-01-13,65102,Wrocław Gł. - Olsztyn Gł.,Kościan,Telefon
96,2025-01-13,31100,Zakopane - Warszawa Wsch.,Zakopane,Sprzęt Agd
97,2025-01-13,73002,Frankfurt-Przemyśl.Gł,Przemyśl Bakończyce,Sprzęt Elektroniczny
98,2025-01-13,58102,Olsztyn Gł. - Szczecin Gł.,Szczecin Główny,Ubranie
99,2025-01-13,8300,Kołobrzeg - Kraków Główny,Kraków Główny,Ubranie
100,2025-01-13,91134,Łódź Fabryczna - Warszawa Wsch.,Łódź Fabryczna,Telefon
101,2025-01-13,4522,Katowice - Gdynia Gł.,Gdynia Główna,Ubranie
102,2025-01-13,48100,Katowice - Ustka,Białogard,Reklamówka / Torba
103,2025-01-13,1810,Warszawa Wsch. - Szczecin Gł.,Szczecin Główny,Sprzęt Elektroniczny
104,2025-01-13,58104,Olsztyn Gł. - Szczecin Gł.,Szczecin Główny,Walizka / Plecak
105,2025-01-13,57100,Olsztyn Gł. - Poznań Gł.,Inowrocław,Sprzęt Elektroniczny
106,2025-01-13,38100,Rzeszów Główny - Świnoujście,Krzyż,Dokument/Y
107,2025-01-13,3530,Kraków Gł. - Olsztyn Gł.,Warka,Saszetka / Nerka
108,2025-01-13,1630,Warszawa Wsch. - Wrocław Gł.,Wrocław Główny,Książka
109,2025-01-13,6132,Zgorzelec - Warszawa Wsch.,Warszawa Wschodnia,Walizka / Plecak
110,2025-01-13,38102,Rzeszów Gł-Kołobrzeg,Toruń Gł,Saszetka / Nerka
111,2025-01-13,26100,Lublin Gł. - Wrocław Gł.,Kielce Główne,Sprzęt Elektroniczny
112,2025-01-13,16104,Białystok - Wrocław Gł.,Kalisz,Słuchawki
113,2025-01-13,9103,Łódź-Warszawa,Warszawa Olszynka Grochowska,Sprzęt Elektroniczny
115,2025-01-13,1528,Łódź Fabryczna - Gdynia Gł.,Bydgoszcz Główna,Reklamówka / Torba
116,2025-01-13,57104,Gdynia Gł. - Zielona Góra Gł.,Bydgoszcz Główna,Sprzęt Agd
117,2025-01-12,75102,Poznań Gł. - Olsztyn Gł.,Olsztyn Główny,Walizka / Plecak
118,2025-01-12,83102,Kołobrzeg - Rzeszów Główny,Rzeszów Główny,Reklamówka / Torba
119,2025-01-12,63100,Wrocław Gł. - Przemyśl Gł.,Przemyśl Główny,Reklamówka / Torba
120,2025-01-12,8315,Szczecin Gł-Przemyśl Gł,Przemyśl Bakńczyce,Walizka / Plecak
121,2025-01-12,41013,Wiedeń- Warszawa,Warszawa Olszynka Grochowska,Walizka / Plecak
122,2025-01-12,8120,Szczecin Gł. - Łódź Fabryczna,Środa Wielkopolska,Walizka / Plecak
123,2025-01-12,5602,,Wrocław Główny,Artykuły Dziecięce
124,2025-01-12,41013,Wieden -Warszawa,Warszawa Olszynka Grochowska,Reklamówka / Torba
125,2025-01-12,18104,Białystok - Szczecin Gł.,Sopot,Kosztowności
126,2025-01-12,5300,Gdynia Główna- Kraków Główny,Kraków Główny,Ubranie
127,2025-01-12,8111,Szczecin Gł. - Warszawa Wsch.,Warszawa Olszynka Grochowska,Reklamówka / Torba
128,2025-01-12,73005,Berlin Hbf- Kraków Główny,Kraków Główny,Ubranie
129,2025-01-12,51104,Gdynia Gł. - Łódź Fabryczna,Łódź Fabryczna,Ubranie
130,2025-01-12,3800,Kraków Gł. - Kołobrzeg,Kołobrzeg,Walizka / Plecak
131,2025-01-12,1328,Łódź Fabryczna- Kraków Główny,Kraków Główny,Sprzęt Elektroniczny
132,2025-01-12,3150,Zakopane - Warszawa Wsch.,Zakopane,Dokument/Y
133,2025-01-12,46000,,Wrocław Główny,Ubranie
134,2025-01-12,83172,Świnoujście-Przemyśl,Przemyśl Bakończyce,Artykuły Muzyczne
135,2025-01-12,28160,Lublin Gł. - Szczecin Gł.,Szczecin Główny,Reklamówka / Torba
136,2025-01-12,7220,Poznań Gł. - Lublin Gł.,Tomaszów Mazowiecki,Walizka / Plecak
137,2025-01-12,6502,Wrocław Gł. - Olsztyn Gł.,Olsztyn Główny,Sprzęt Elektroniczny
138,2025-01-12,1102,Białystok - Łódź Fabryczna,Warszawa Wschodnia,Reklamówka / Torba
139,2025-01-12,3128,Kraków Gł. - Łódź Fabryczna,Piotrków Trybunalski,Walizka / Plecak
140,2025-01-12,3534,Kraków Gł. - Bydgoszcz Gł.,Solec Kujawski,Walizka / Plecak
141,2025-01-12,3532,Kraków Gł. - Olsztyn Gł.,Olsztyn Główny,Sprzęt Elektroniczny
142,2025-01-12,8306,Ustka - Przemyśl Gł.,Sędziszów Małopolski,Sprzęt Elektroniczny
143,2025-01-12,83100,Świnoujście - Rzeszów Główny,Lublin Główny,Reklamówka / Torba
144,2025-01-12,5122,Olsztyn Gł. - Łódź Fabryczna,Łódź Fabryczna,Ubranie
145,2025-01-12,61102,Wrocław Gł. - Warszawa Wsch.,Warszawa Wschodnia,Sprzęt Elektroniczny
146,2025-01-12,1622,Warszawa Wsch. - Wrocław Gł.,Łódź Widzew,Etui
147,2025-01-12,67104,Wrocław Gł. - Zielona Góra Gł.,Nowogród Osiedle,Rzeczy Osobiste
148,2025-01-12,6220,Wrocław Gł. - Kielce Główne,Włoszczowa,Kosztowności
149,2025-01-12,36106,Kraków Gł. - Jelenia Góra,Sędzisław,Walizka / Plecak
150,2025-01-12,31100,Zakopane - Warszawa Wsch.,Warszawa Wschodnia,Ubranie
151,2025-01-12,8304,Kołobrzeg - Kraków Gł.,Mysłowice,Reklamówka / Torba
152,2025-01-12,5300,Gdynia Gł. - Kraków Gł.,Kraków Główny,Reklamówka / Torba
153,2025-01-12,73107,Poznań Gł-Przemyśl Gł,Przemyśl Bakończyce,Telefon
154,2025-01-12,2520,Lublin Gł. - Bydgoszcz Gł.,Łowicz Główny,Sprzęt Elektroniczny
155,2025-01-12,5406,Gdynia Gł. - Bielsko-Biała Gł.,Zawiercie,Sprzęt Elektroniczny
156,2025-01-11,16104,,Wrocław Główny,Etui
157,2025-01-11,51102,Gdynia Gł. - Łódź Fabryczna,Łódź Fabryczna,Ubranie
158,2025-01-11,51106,Gdynia Gł. - Łódź Fabryczna,Żyrardów,Portfel
159,2025-01-11,35170,Krynica-Gdynia,Gdynia Leszczynki,Portfel
160,2025-01-11,18150,Łódź Kaliska - Kołobrzeg,Gdynia Główna,Sprzęt Elektroniczny
161,2025-01-11,8102,Szczecin Gł. - Warszawa Wsch.,Warszawa Wschodnia,Rzeczy Osobiste
162,2025-01-11,83102,Kołobrzeg - Rzeszów Główny,Puławy Miasto,Reklamówka / Torba
163,2025-01-11,5222,Bydgoszcz Gł. - Lublin Gł.,Warszawa Wschodnia,Ubranie
164,2025-01-11,3502,Kraków Gł. - Gdynia Gł.,Gdynia Główna,Ubranie
165,2025-01-11,3722,Kraków Gł. - Poznań Gł.,Ostrów Wielkopolski,Rzeczy Osobiste
166,2025-01-11,7202,Zielona Góra -Lublin,Lublin,Portfel
167,2025-01-11,3524,Kraków Gł. - Olsztyn Gł.,Olsztyn Główny,Książka
168,2025-01-11,5620,Ełk - Wrocław Gł.,Wrocław Główny,Sprzęt Agd
169,2025-01-11,5400,Gdynia Gł. - Gliwice,Warszawa Zachodnia,Sprzęt Elektroniczny
170,2025-01-11,53170,Gdynia - Krynica Zdrój,Gdynia Leszczynki,Rzeczy Osobiste
171,2025-01-11,5302,Gdynia Główna - Kraków Główny,Kraków Główny,Sprzęt Elektroniczny
172,2025-01-11,5300,Gdynia Główna - Kraków Główny,Kraków Główny,Reklamówka / Torba
173,2025-01-11,27100,Lublin-Poznań,Poznań Główny,Saszetka / Nerka
174,2025-01-11,63172,Wrocław Gł. - Przemyśl Gł.,Przemyśl Główny,Artykuły Medyczne
175,2025-01-11,262,Praha Hl. N. - Gdynia Gł.,Gdynia Główna,Ubranie
176,2025-01-11,58106,Olsztyn Gł. - Szczecin Gł.,Szczecin Główny,Rzeczy Osobiste
177,2025-01-11,6124,Wrocław Gł. - Białystok,Warszawa Centralna,Dokument/Y
178,2025-01-11,1522,Łódź Fabryczna - Olsztyn Gł.,Olsztyn Główny,Walizka / Plecak
180,2025-01-11,43009,Petrovice - Przemyśl Gł,Przemyśl Bakończyce,Reklamówka / Torba
181,2025-01-11,460,Praha Hl. N. - Gdynia Gł.,Wrocław Główny,Etui
182,2025-01-11,7322,Poznań Główny- Kraków Główny,Kraków Główny,Dokument/Y
183,2025-01-11,17100,Warszawa Wsch. - Zielona Góra Gł.,Zielona Góra Główna,Ubranie
184,2025-01-11,62104,Wrocław Gł-Lublin,Lublin,Dokument/Y
185,2025-01-11,5324,Olsztyn Główny- Kraków Główny,Kraków Główny,Reklamówka / Torba
186,2025-01-11,5424,Olsztyn Gł. - Racibórz,Racibórz,Ubranie
187,2025-01-11,5620,Ełk - Wrocław Gł.,Wrocław Główny,Reklamówka / Torba
188,2025-01-11,73000,Frankfurt- Przemyśl Gł,Przemyśl Bakńczyce,Reklamówka / Torba
189,2025-01-11,58106,Olsztyn Gł. - Szczecin Gł.,Szczecin Główny,Książka
18,2025-01-14,41005,Budapeszt-Warszawa,Warszawa Olszynka Grochowska,Sprzęt Elektroniczny
19,2025-01-14,3804,Kraków Gł. - Kołobrzeg,Oborniki Wielkopolskie Miasto,Ubranie
20,2025-01-14,61191,Jelenia Góra-Warszawa,Warszawa Olszynka Grochowska,Sprzęt Elektroniczny
22,2025-01-14,8304,Kołobrzeg - Kraków Gł.,Kraków Główny,Walizka / Plecak
63,2025-01-13,6520,Wrocław Gł. - Ełk,Tłuszcz,Walizka / Plecak
93,2025-01-12,115,Praha Hl. N. - Przemyśl Gł.,Brzesko-Okocim,Walizka / Plecak
95,2025-01-12,1322,Warszawa Wschodnia - Kraków Główny,Kraków Główny,Portfel
115,2025-01-12,83171,Kołobrzeg- Kraków Główny,Kraków Główny,Ubranie
119,2025-01-11,38104,Rzeszów Główny - Piła Gł.,Sochaczew,Sprzęt Agd
120,2025-01-11,58102,Olsztyn Gł. - Szczecin Gł.,Gdynia Główna,Ubranie
131,2025-01-11,1810,Warszawa Wsch. - Szczecin Gł.,Szczecin Główny,Walizka / Plecak
132,2025-01-11,83102,Kołobrzeg - Rzeszów Główny,Pilawa,Rzeczy Osobiste
134,2025-01-11,1632,Warszawa Wsch. - Zgorzelec,Częstochowa,Dokument/Y
138,2025-01-11,19134,Warszawa Wsch. - Łódź Fabryczna,Łódź Fabryczna,Walizka / Plecak
139,2025-01-11,13106,Warszawa Wsch. - Przemyśl Gł.,Przemyśl Główny,Ubranie
140,2025-01-11,5620,Ełk - Wrocław Gł.,Wrocław Nadodrze,Sprzęt Elektroniczny
143,2025-01-11,7320,Poznań Gł. - Kraków Gł.,Kraków Główny,Parasol
154,2025-01-11,1124,Terespol - Warszawa Zach.,Warszawa Zachodnia,Walizka / Plecak
158,2025-01-11,81104,Szczecin Gł. - Białystok,Koszalin,Dokument/Y
160,2025-01-11,5306,Gdynia Gł. - Kraków Gł.,Warszawa Zachodnia,Reklamówka / Torba
163,2025-01-10,,,Gdynia Leszczynki,Portfel
164,2025-01-10,73000,Berlin-Przemyśl Gł,Przemyśl Bakończyce,Telefon
165,2025-01-10,5304,Gdynia Główna- Kraków Główny,Kraków Główny,Ubranie
166,2025-01-10,5300,Gdynia Główna- Kraków Główny,Kraków Główny,Ubranie
167,2025-01-10,1304,Warszawa Wschodnia- Kraków Główny,Kraków Główny,Rzeczy Osobiste
168,2025-01-10,1634,,Wrocław Główny,Ubranie
169,2025-01-10,5300,Gdynia Główna- Kraków Główny,Kraków Główny,Sprzęt Elektroniczny
170,2025-01-10,8322,Szczecin Gł. - Kraków Gł.,Kraków Główny,Walizka / Plecak
171,2025-01-10,,,Bydgoszcz Główna,Dokument/Y
172,2025-01-10,249,Berlin Gesundbrunnen - Warszawa Wsch.,Warszawa Wschodnia,Rzeczy Osobiste
173,2025-01-10,231,Berlin Gesundbrunnen - Gdynia Gł.,Gdynia Główna,Reklamówka / Torba
174,2025-01-10,5602,,Wrocław Główny,Etui
175,2025-01-10,15104,Łódź Fabryczna - Gdynia Gł.,Nowy Dwór Mazowiecki,Sprzęt Elektroniczny
176,2025-01-10,5306,Gdynia Główna - Kraków Główny,Kraków Główny,Artykuły Biurowe
177,2025-01-10,86100,Kołobrzeg - Wrocław Gł.,Wrocław Główny,Ubranie
178,2025-01-10,1634,,Wrocław Główny,Rzeczy Osobiste
179,2025-01-10,81104,Szczecin Gł. - Białystok,Szczytno,Reklamówka / Torba
180,2025-01-10,86100,Kołobrzeg - Wrocław Gł.,Wrocław Główny,Książka
181,2025-01-10,6120,Wrocław Gł. - Warszawa Wsch.,Warszawa Wschodnia,Rzeczy Osobiste
182,2025-01-10,22100,Hrubieszów Miasto - Lublin Gł.,Hrubieszów Miasto,Kosztowności
183,2025-01-10,3858,Przemyśl Gł. - Świnoujście,Kostrzyn,Telefon
186,2025-01-13,3500,Kraków Gł. - Gdynia Gł.,Gdynia Główna,Walizka / Plecak
187,2025-01-10,3812,Przemyśl Gł. - Słupsk,Szczecinek,Sprzęt Elektroniczny
188,2025-01-10,3504,Kraków Gł. - Gdynia Gł.,Tczew,Rzeczy Osobiste
189,2025-01-10,51106,Gdynia Gł. - Łódź Fabryczna,Łódź Fabryczna,Walizka / Plecak
190,2025-01-10,65100,Jelenia Góra - Gdynia Gł.,Gdynia Główna,Sprzęt Elektroniczny
191,2025-01-10,3508,Rzeszów Główny - Gdynia Gł.,Gdańsk Oliwa,Sprzęt Elektroniczny
192,2025-01-10,18114,Łódź Fabryczna - Kołobrzeg,Mława Miasto,Walizka / Plecak
193,2025-01-10,72100,Poznań Głowny-Lublin,Lublin,Artykuły Biurowe
194,2025-01-10,84100,Słupsk - Katowice,Rawicz,Sprzęt Elektroniczny
195,2025-01-10,38110,Kraków Gł. - Kołobrzeg,Piła Główna,Artykuły Biurowe
196,2025-01-10,16104,Białystok - Wrocław Gł.,Oleśnica Rataje,Portfel
197,2025-01-10,5324,Olsztyn Główny - Kraków Główny,Kraków Główny,Sprzęt Elektroniczny
198,2025-01-10,3534,Kraków Gł. - Bydgoszcz Gł.,Zgierz,Sprzęt Agd
199,2025-01-10,5424,Olsztyn Gł. - Racibórz,Racibórz,Walizka / Plecak
200,2025-01-10,6128,Wrocław Gł. - Białystok,Białystok,Reklamówka / Torba
201,2025-01-10,61107,Wrocław Gł. - Białystok,Białystok,Parasol
202,2025-01-10,51106,Gdynia Gl - Łódź Fabryczna,Lodz Fabryczna,Walizka / Plecak
203,2025-01-10,14010,"Bohumin -Warszawa-,, Szopen,,",Warszawa Olszynka Grochowska,Telefon
204,2025-01-10,1104,Bialystok - Łódź,Lodz Fabryczna,Walizka / Plecak
205,2025-01-10,3510,Kraków Gł. - Gdynia Gł.,Warszawa Wschodnia,Rzeczy Osobiste
206,2025-01-10,5310,Gdynia Gł. - Kraków Gł.,Warszawa Zachodnia,Akcesoria Dla Zwierząt
207,2025-01-10,5220,Bydgoszcz Gł. - Lublin Gł.,Warszawa Centralna,Rzeczy Osobiste
208,2025-01-14,1424,Płock - Katowice,Łódź Kaliska,Reklamówka / Torba
209,2025-01-14,1424,Płock - Katowice,Łódź Kaliska,Walizka / Plecak
210,2025-01-13,6125,Wrocław Gł.-Białystok,Białystok,Portfel
211,2025-01-13,8322,Szczecin Gł. - Kraków Gł.,Włoszczowa Północ,Reklamówka / Torba
212,2025-01-13,3532,Kraków Gł,Olsztyn Główny,Saszetka / Nerka
213,2025-01-13,5328,Olsztyn Gł. - Kraków Gł.,Kielce Główne,Walizka / Plecak
214,2025-01-13,30108,Zakopane - Kraków Gł.,Kraków Główny,Walizka / Plecak
215,2025-01-13,4508,Gliwice - Gdynia Gł.,Warszawa Wschodnia,Walizka / Plecak
216,2025-01-13,38102,Rzeszów Główny - Kołobrzeg,Toruń Główny,Saszetka / Nerka
217,2025-01-13,41,Berlin Gesundbrunnen - Warszawa Wsch.,Poznań Główny,Saszetka / Nerka
218,2025-01-13,38108,Zakopane - Szczecin Gł.,Szczecin Główny,Walizka / Plecak
219,2025-01-13,3530,Kraków Gł. - Olsztyn Gł.,Olsztyn Główny,Reklamówka / Torba
220,2025-01-13,31102,Kraków Gł. - Warszawa Wsch.,Warszawa Wschodnia,Książka
221,2025-01-12,81150,Kołobrzeg - Łódź Kaliska,Tczew,Etui
222,2025-01-12,59,Berlin Gesundbrunnen - Przemyśl Gł.,Kraków Główny,Reklamówka / Torba
223,2025-01-10,1634,,Wrocław Główny,Artykuły Muzyczne
224,2025-01-10,58100,Gdańsk Główny - Szczecin Główny,Szczecin Główny,Portfel
225,2025-01-10,45100,Katowice-Gdynia,Gdynia Leszczynki,Walizka / Plecak
226,2025-01-10,3530,Kraków Gł. - Olsztyn Gł.,Olsztyn Główny,Artykuły Spożywcze
227,2025-01-10,56102,,Wrocław Główny,Reklamówka / Torba
228,2025-01-10,65102,Wrocław Gł. - Olsztyn Gł.,Olsztyn Główny,Ubranie
229,2025-01-10,8320,Szczecin Gł. - Kraków Gł.,Łódź Kaliska,Walizka / Plecak
230,2025-01-10,23104,Lublin - Kraków,Kraków Główny,Ubranie
231,2025-01-10,70108,Poznań Gł. - Zielona Góra Gł.,Zielona Góra Główna,Ubranie
232,2025-01-13,83192,Szczecin Gł. - Zakopane,Szczecin Dąbie,Rzeczy Osobiste
233,2025-01-12,3822,Kraków Gł. - Szczecin Gł.,Szczecin Główny,Reklamówka / Torba
234,2025-01-10,8312,Słupsk - Przemyśl Gł.,Przemyśl Główny,Portfel
235,2025-01-10,85106,Szczecin-Olsztyn,Olsztyn Główny,Artykuły Muzyczne
236,2025-01-10,75102,Poznan-Olsztyn,Olsztyn Główny,Telefon
237,2025-01-10,38108,Zakopane - Szczecin Gł.,Gdynia Główna,Reklamówka / Torba
238,2025-01-13,407.0,Warszawa Wsch. - München Hbf,Oświęcim,Dokument/Y
239,2025-01-13,73002.0,Frankfurt-Przemyśl.Gł,Przemyśl Bakończyce,Sprzęt Elektroniczny
240,2025-01-13,4508.0,Gliwice - Gdynia Gł.,Warszawa Wschodnia,Walizka / Plecak
241,2025-01-13,1528.0,Łódź Fabryczna - Gdynia Gł.,Bydgoszcz Główna,Reklamówka / Torba
242,2025-01-13,38100.0,Rzeszów Główny - Świnoujście,Krzyż,Dokument/Y
243,2025-01-13,6132.0,Zgorzelec - Warszawa Wsch.,Warszawa Wschodnia,Walizka / Plecak
244,2025-01-13,15102.0,Łódź Fabryczna - Gdynia Gł.,Gdynia Główna,Saszetka / Nerka
245,2025-01-13,8109.0,Szczecin Gł. - Suwałki,Białystok,Reklamówka / Torba
246,2025-01-13,31102.0,Kraków Gł. - Warszawa Wsch.,Warszawa Wschodnia,Książka
247,2025-01-13,13104.0,Warszawa Wsch. - Przemyśl Gł.,Przemyśl Główny,Sprzęt Sportowy
248,2025-01-13,38108.0,Zakopane - Szczecin Gł.,Szczecin Główny,Walizka / Plecak
249,2025-01-13,3820.0,Kraków Gł. - Szczecin Gł.,Szczecin Główny,Walizka / Plecak
250,2025-01-13,83104.0,Piła Gł. - Rzeszów Główny,Puławy Miasto,Telefon
251,2025-01-13,1500.0,Warszawa Zach. - Gdynia Gł.,Gdynia Główna,Ubranie
252,2025-01-13,1522.0,Łódź Fabryczna - Olsztyn Gł.,Działdowo,Walizka / Plecak
253,2025-01-13,14100.0,Warszawa Wsch. - Gliwice,Gliwice,Sprzęt Elektroniczny
254,2025-01-13,5328.0,Olsztyn Gł. - Kraków Gł.,Kielce Główne,Walizka / Plecak
255,2025-01-13,3532.0,Kraków Gł,Olsztyn Główny,Saszetka / Nerka
256,2025-01-13,84100.0,Słupsk - Katowice,Katowice,Sprzęt Elektroniczny
257,2025-01-13,57100.0,Olsztyn Gł. - Poznań Gł.,Inowrocław,Sprzęt Elektroniczny
258,2025-01-13,41.0,Berlin Gesundbrunnen - Warszawa Wsch.,Poznań Główny,Saszetka / Nerka
259,2025-01-13,1620.0,Warszawa Wsch. - Wrocław Gł.,Wrocław Główny,Walizka / Plecak
260,2025-01-13,48100.0,Katowice - Ustka,Białogard,Reklamówka / Torba
261,2025-01-13,83170.0,Kołobrzeg - Kraków Gł.,Radom Główny,Walizka / Plecak
262,2025-01-13,2720.0,Lublin Gł. - Poznań Gł.,Pabianice,Walizka / Plecak
263,2025-01-12,83100.0,Świnoujście - Rzeszów Główny,Lublin Główny,Reklamówka / Torba
264,2025-01-12,18104.0,Białystok - Szczecin Gł.,Sopot,Kosztowności
265,2025-01-12,28160.0,Lublin Gł. - Szczecin Gł.,Szczecin Główny,Reklamówka / Torba
266,2025-01-12,73107.0,Poznań Gł-Przemyśl Gł,Przemyśl Bakończyce,Telefon
267,2025-01-12,3532.0,Kraków Gł. - Olsztyn Gł.,Olsztyn Główny,Sprzęt Elektroniczny
268,2025-01-12,5300.0,Gdynia Główna- Kraków Główny,Kraków Główny,Ubranie
269,2025-01-12,8120.0,Szczecin Gł. - Łódź Fabryczna,Środa Wielkopolska,Walizka / Plecak
270,2025-01-12,3534.0,Kraków Gł. - Bydgoszcz Gł.,Solec Kujawski,Walizka / Plecak
271,2025-01-12,3128.0,Kraków Gł. - Łódź Fabryczna,Piotrków Trybunalski,Walizka / Plecak
272,2025-01-12,1322.0,Warszawa Wsch. - Kraków Gł.,Kraków Główny,Artykuły Spożywcze
273,2025-01-12,63100.0,Wrocław Gł. - Przemyśl Gł.,Przemyśl Główny,Reklamówka / Torba
274,2025-01-12,55.0,Berlin Gesundbrunnen - Kraków Gł.,Kraków Główny,Walizka / Plecak
275,2025-01-12,115.0,Praha Hl. N. - Przemyśl Gł.,Brzesko-Okocim,Walizka / Plecak
276,2025-01-12,73005.0,Berlin Hbf- Kraków Główny,Kraków Główny,Ubranie
277,2025-01-12,51104.0,Gdynia Gł. - Łódź Fabryczna,Łódź Fabryczna,Ubranie
278,2025-01-12,3822.0,Kraków Gł. - Szczecin Gł.,Szczecin Główny,Reklamówka / Torba
279,2025-01-12,1102.0,Białystok - Łódź Fabryczna,Warszawa Wschodnia,Reklamówka / Torba
280,2025-01-12,6502.0,Wrocław Gł. - Olsztyn Gł.,Olsztyn Główny,Sprzęt Elektroniczny
281,2025-01-12,83171.0,Kołobrzeg- Kraków Główny,Kraków Główny,Ubranie
282,2025-01-12,3800.0,Kraków Gł. - Kołobrzeg,Kołobrzeg,Walizka / Plecak
283,2025-01-12,7220.0,Poznań Gł. - Lublin Gł.,Tomaszów Mazowiecki,Walizka / Plecak
284,2025-01-12,11150.0,Terespol - Warszawa Wsch.,Warszawa Wschodnia,Rzeczy Osobiste
285,2025-01-12,8108.0,Szczecin Gł. - Suwałki,Małkinia,Sprzęt Elektroniczny
286,2025-01-12,1328.0,Łódź Fabryczna- Kraków Główny,Kraków Główny,Sprzęt Elektroniczny
287,2025-01-12,8306.0,Ustka - Przemyśl Gł.,Sędziszów Małopolski,Sprzęt Elektroniczny
288,2025-01-12,59.0,Berlin Gesundbrunnen - Przemyśl Gł.,Kraków Główny,Reklamówka / Torba
289,2025-01-12,75102.0,Poznań Gł. - Olsztyn Gł.,Olsztyn Główny,Walizka / Plecak
290,2025-01-12,83102.0,Kołobrzeg - Rzeszów Główny,Rzeszów Główny,Reklamówka / Torba
291,2025-01-12,6220.0,Wrocław Gł. - Kielce Główne,Włoszczowa,Kosztowności
292,2025-01-12,3150.0,Zakopane - Warszawa Wsch.,Zakopane,Dokument/Y
293,2025-01-12,8315.0,Szczecin Gł-Przemyśl Gł,Przemyśl Bakńczyce,Walizka / Plecak
294,2025-01-12,41013.0,Wiedeń- Warszawa,Warszawa Olszynka Grochowska,Walizka / Plecak
295,2025-01-12,5602.0,,Wrocław Główny,Artykuły Dziecięce
296,2025-01-12,41013.0,Wieden -Warszawa,Warszawa Olszynka Grochowska,Reklamówka / Torba
297,2025-01-12,46000.0,,Wrocław Główny,Ubranie
298,2025-01-12,83172.0,Świnoujście-Przemyśl,Przemyśl Bakończyce,Artykuły Muzyczne
299,2025-01-12,16102.0,,Wrocław Główny,Telefon
300,2025-01-12,61102.0,Wrocław Gł. - Warszawa Wsch.,Warszawa Wschodnia,Sprzęt Elektroniczny
301,2025-01-12,3504.0,Kraków Gł. - Gdynia Gł.,Warszawa Centralna,Sprzęt Elektroniczny
302,2025-01-12,1622.0,Warszawa Wsch. - Wrocław Gł.,Łódź Widzew,Etui
303,2025-01-12,31100.0,Zakopane - Warszawa Wsch.,Warszawa Wschodnia,Ubranie
304,2025-01-12,16106.0,Białystok - Wrocław Gł.,Pabianice,Walizka / Plecak
305,2025-01-12,81150.0,Kołobrzeg - Łódź Kaliska,Tczew,Etui
306,2025-01-12,5300.0,Gdynia Gł. - Kraków Gł.,Kraków Główny,Reklamówka / Torba
307,2025-01-12,5406.0,Gdynia Gł. - Bielsko-Biała Gł.,Zawiercie,Sprzęt Elektroniczny
308,2025-01-12,2520.0,Lublin Gł. - Bydgoszcz Gł.,Łowicz Główny,Sprzęt Elektroniczny
309,2025-01-12,8304.0,Kołobrzeg - Kraków Gł.,Mysłowice,Reklamówka / Torba
310,2025-01-12,36106.0,Kraków Gł. - Jelenia Góra,Sędzisław,Walizka / Plecak
311,2025-01-12,67104.0,Wrocław Gł. - Zielona Góra Gł.,Nowogród Osiedle,Rzeczy Osobiste
312,2025-01-12,5122.0,Olsztyn Gł. - Łódź Fabryczna,Łódź Fabryczna,Ubranie
313,2025-01-11,7320.0,Poznań Gł. - Kraków Gł.,Kraków Główny,Parasol
314,2025-01-11,81104.0,Szczecin Gł. - Białystok,Koszalin,Dokument/Y
315,2025-01-11,5324.0,Olsztyn Główny- Kraków Główny,Kraków Główny,Reklamówka / Torba
316,2025-01-11,1810.0,Warszawa Wsch. - Szczecin Gł.,Szczecin Główny,Walizka / Plecak
317,2025-01-11,58106.0,Olsztyn Gł. - Szczecin Gł.,Szczecin Główny,Rzeczy Osobiste
318,2025-01-11,7322.0,Poznań Główny- Kraków Główny,Kraków Główny,Dokument/Y
319,2025-01-11,58106.0,Olsztyn Gł. - Szczecin Gł.,Szczecin Główny,Książka
320,2025-01-11,6124.0,Wrocław Gł. - Białystok,Warszawa Centralna,Dokument/Y
321,2025-01-11,262.0,Praha Hl. N. - Gdynia Gł.,Gdynia Główna,Ubranie
322,2025-01-11,27100.0,Lublin-Poznań,Poznań Główny,Saszetka / Nerka
323,2025-01-11,5620.0,Ełk - Wrocław Gł.,Wrocław Główny,Sprzęt Agd
324,2025-01-11,3502.0,Kraków Gł. - Gdynia Gł.,Gdynia Główna,Ubranie
325,2025-01-11,18150.0,Łódź Kaliska - Kołobrzeg,Gdynia Główna,Sprzęt Elektroniczny
326,2025-01-11,13106.0,Warszawa Wsch. - Przemyśl Gł.,Przemyśl Główny,Ubranie
327,2025-01-11,51102.0,Gdynia Gł. - Łódź Fabryczna,Łódź Fabryczna,Ubranie
328,2025-01-11,8102.0,Szczecin Gł. - Warszawa Wsch.,Warszawa Wschodnia,Rzeczy Osobiste
329,2025-01-11,5222.0,Bydgoszcz Gł. - Lublin Gł.,Warszawa Wschodnia,Ubranie
330,2025-01-11,83102.0,Kołobrzeg - Rzeszów Główny,Pilawa,Rzeczy Osobiste
331,2025-01-11,83102.0,Kołobrzeg - Rzeszów Główny,Puławy Miasto,Reklamówka / Torba
332,2025-01-11,3722.0,Kraków Gł. - Poznań Gł.,Ostrów Wielkopolski,Rzeczy Osobiste
333,2025-01-11,3524.0,Kraków Gł. - Olsztyn Gł.,Olsztyn Główny,Książka
334,2025-01-11,5400.0,Gdynia Gł. - Gliwice,Warszawa Zachodnia,Sprzęt Elektroniczny
335,2025-01-11,5302.0,Gdynia Główna - Kraków Główny,Kraków Główny,Sprzęt Elektroniczny
336,2025-01-11,19134.0,Warszawa Wsch. - Łódź Fabryczna,Łódź Fabryczna,Walizka / Plecak
337,2025-01-11,51106.0,Gdynia Gł. - Łódź Fabryczna,Żyrardów,Portfel
338,2025-01-11,1632.0,Warszawa Wsch. - Zgorzelec,Częstochowa,Dokument/Y
339,2025-01-11,5300.0,Gdynia Główna - Kraków Główny,Kraków Główny,Reklamówka / Torba
340,2025-01-11,63172.0,Wrocław Gł. - Przemyśl Gł.,Przemyśl Główny,Artykuły Medyczne
341,2025-01-11,5620.0,Ełk - Wrocław Gł.,Wrocław Nadodrze,Sprzęt Elektroniczny
342,2025-01-11,1522.0,Łódź Fabryczna - Olsztyn Gł.,Olsztyn Główny,Walizka / Plecak
343,2025-01-11,7202.0,Zielona Góra -Lublin,Lublin,Portfel
344,2025-01-11,62104.0,Wrocław Gł-Lublin,Lublin,Dokument/Y
345,2025-01-11,1124.0,Terespol - Warszawa Zach.,Warszawa Zachodnia,Walizka / Plecak
346,2025-01-11,460.0,Praha Hl. N. - Gdynia Gł.,Wrocław Główny,Etui
347,2025-01-11,53170.0,Gdynia - Krynica Zdrój,Gdynia Leszczynki,Rzeczy Osobiste
348,2025-01-11,5306.0,Gdynia Gł. - Kraków Gł.,Warszawa Zachodnia,Reklamówka / Torba
349,2025-01-11,35170.0,Krynica-Gdynia,Gdynia Leszczynki,Portfel
350,2025-01-11,16104.0,,Wrocław Główny,Etui
351,2025-01-11,17100.0,Warszawa Wsch. - Zielona Góra Gł.,Zielona Góra Główna,Ubranie
352,2025-01-11,43009.0,Petrovice - Przemyśl Gł,Przemyśl Bakończyce,Reklamówka / Torba
353,2025-01-11,58102.0,Olsztyn Gł. - Szczecin Gł.,Gdynia Główna,Ubranie
354,2025-01-11,5424.0,Olsztyn Gł. - Racibórz,Racibórz,Ubranie
355,2025-01-11,73000.0,Frankfurt- Przemyśl Gł,Przemyśl Bakńczyce,Reklamówka / Torba
356,2025-01-11,5620.0,Ełk - Wrocław Gł.,Wrocław Główny,Reklamówka / Torba
357,2025-01-11,38104.0,Rzeszów Główny - Piła Gł.,Sochaczew,Sprzęt Agd
358,2025-01-10,58100.0,Gdańsk Główny - Szczecin Główny,Szczecin Główny,Portfel
359,2025-01-10,56102.0,,Wrocław Główny,Reklamówka / Torba
360,2025-01-10,45100.0,Katowice-Gdynia,Gdynia Leszczynki,Walizka / Plecak
361,2025-01-10,73000.0,Berlin-Przemyśl Gł,Przemyśl Bakończyce,Telefon
362,2025-01-10,1634.0,,Wrocław Główny,Ubranie
363,2025-01-10,1634.0,,Wrocław Główny,Rzeczy Osobiste
364,2025-01-10,86100.0,Kołobrzeg - Wrocław Gł.,Wrocław Główny,Książka
365,2025-01-10,51106.0,Gdynia Gł. - Łódź Fabryczna,Łódź Fabryczna,Walizka / Plecak
366,2025-01-10,5306.0,Gdynia Główna - Kraków Główny,Kraków Główny,Artykuły Biurowe
367,2025-01-10,5602.0,,Wrocław Główny,Etui
368,2025-01-10,3534.0,Kraków Gł. - Bydgoszcz Gł.,Zgierz,Sprzęt Agd
369,2025-01-10,72100.0,Poznań Głowny-Lublin,Lublin,Artykuły Biurowe
370,2025-01-10,5424.0,Olsztyn Gł. - Racibórz,Racibórz,Walizka / Plecak
371,2025-01-10,3504.0,Kraków Gł. - Gdynia Gł.,Tczew,Rzeczy Osobiste
372,2025-01-10,1634.0,,Wrocław Główny,Artykuły Muzyczne
373,2025-01-10,86100.0,Kołobrzeg - Wrocław Gł.,Wrocław Główny,Ubranie
374,2025-01-10,38108.0,Zakopane - Szczecin Gł.,Gdynia Główna,Reklamówka / Torba
375,2025-01-10,18114.0,Łódź Fabryczna - Kołobrzeg,Mława Miasto,Walizka / Plecak
376,2025-01-10,65100.0,Jelenia Góra - Gdynia Gł.,Gdynia Główna,Sprzęt Elektroniczny
377,2025-01-10,6128.0,Wrocław Gł. - Białystok,Białystok,Reklamówka / Torba
378,2025-01-10,61107.0,Wrocław Gł. - Białystok,Białystok,Parasol
379,2025-01-10,231.0,Berlin Gesundbrunnen - Gdynia Gł.,Gdynia Główna,Reklamówka / Torba
380,2025-01-10,81104.0,Szczecin Gł. - Białystok,Szczytno,Reklamówka / Torba
381,2025-01-10,4120.0,Bielsko-Biała Gł. - Białystok,Koluszki,Telefon
382,2025-01-10,3510.0,Kraków Gł. - Gdynia Gł.,Warszawa Wschodnia,Rzeczy Osobiste
383,2025-01-10,5310.0,Gdynia Gł. - Kraków Gł.,Warszawa Zachodnia,Akcesoria Dla Zwierząt
384,2025-01-10,3128.0,Kraków Gł. - Łódź Fabryczna,Piotrków Trybunalski,Etui
385,2025-01-10,5220.0,Bydgoszcz Gł. - Lublin Gł.,Warszawa Centralna,Rzeczy Osobiste
386,2025-01-10,3530.0,Kraków Gł. - Olsztyn Gł.,Olsztyn Główny,Artykuły Spożywcze
387,2025-01-10,26104.0,,Wrocław Główny,Etui
388,2025-01-10,65102.0,Wrocław Gł. - Olsztyn Gł.,Olsztyn Główny,Ubranie
389,2025-01-10,3812.0,Przemyśl Gł. - Słupsk,Szczecinek,Sprzęt Elektroniczny
390,2025-01-10,8320.0,Szczecin Gł. - Kraków Gł.,Łódź Kaliska,Walizka / Plecak
391,2025-01-10,23104.0,Lublin - Kraków,Kraków Główny,Ubranie
392,2025-01-10,14010.0,"Bohumin -Warszawa-,, Szopen,,",Warszawa Olszynka Grochowska,Telefon
393,2025-01-10,70108.0,Poznań Gł. - Zielona Góra Gł.,Zielona Góra Główna,Ubranie
394,2025-01-10,8312.0,Słupsk - Przemyśl Gł.,Przemyśl Główny,Portfel
395,2025-01-10,3858.0,Przemyśl Gł. - Świnoujście,Kostrzyn,Telefon
396,2025-01-10,85106.0,Szczecin-Olsztyn,Olsztyn Główny,Artykuły Muzyczne
397,2025-01-10,75102.0,Poznan-Olsztyn,Olsztyn Główny,Telefon
398,2025-01-10,5304.0,Gdynia Główna- Kraków Główny,Kraków Główny,Ubranie
399,2025-01-10,15104.0,Łódź Fabryczna - Gdynia Gł.,Nowy Dwór Mazowiecki,Sprzęt Elektroniczny
400,2025-01-10,5300.0,Gdynia Główna- Kraków Główny,Kraków Główny,Ubranie
401,2025-01-10,1304.0,Warszawa Wschodnia- Kraków Główny,Kraków Główny,Rzeczy Osobiste
402,2025-01-10,84100.0,Słupsk - Katowice,Rawicz,Sprzęt Elektroniczny
403,2025-01-10,5300.0,Gdynia Główna- Kraków Główny,Kraków Główny,Sprzęt Elektroniczny
404,2025-01-10,8322.0,Szczecin Gł. - Kraków Gł.,Kraków Główny,Walizka / Plecak
405,2025-01-10,51106.0,Gdynia Gl - Łódź Fabryczna,Lodz Fabryczna,Walizka / Plecak
406,2025-01-10,1104.0,Bialystok - Łódź,Lodz Fabryczna,Walizka / Plecak
407,2025-01-10,1428.0,Warszawa Wsch. - Żywiec,Dąbrowa Górnicza,Telefon
408,2025-01-10,83106.0,Szczecin Gł. - Zakopane,Trzebinia,Reklamówka / Torba
409,2025-01-10,61102.0,Wrocław Gł. - Warszawa Wsch.,Warszawa Wschodnia,Walizka / Plecak
410,2025-01-10,22100.0,Hrubieszów Miasto - Lublin Gł.,Hrubieszów Miasto,Kosztowności
411,2025-01-10,5324.0,Olsztyn Główny - Kraków Główny,Kraków Główny,Sprzęt Elektroniczny
412,2025-01-10,249.0,Berlin Gesundbrunnen - Warszawa Wsch.,Warszawa Wschodnia,Rzeczy Osobiste
413,2025-01-10,6120.0,Wrocław Gł. - Warszawa Wsch.,Warszawa Wschodnia,Rzeczy Osobiste
414,2025-01-10,16104.0,Białystok - Wrocław Gł.,Oleśnica Rataje,Portfel
415,2025-01-10,3508.0,Rzeszów Główny - Gdynia Gł.,Gdańsk Oliwa,Sprzęt Elektroniczny
416,2025-01-10,38110.0,Kraków Gł. - Kołobrzeg,Piła Główna,Artykuły Biurowe
417,2025-01-09,5402.0,Gdynia Gł. - Bielsko-Biała Gł.,Bielsko-Biała Główna,Etui
418,2025-01-09,6122.0,Wrocław Gł. - Warszawa Wsch.,Wrocław Nadodrze,Walizka / Plecak
419,2025-01-09,4508.0,Gliwice - Gdynia Gł.,Gdynia Główna,Sprzęt Elektroniczny
420,2025-01-09,8478033.0,Słupsk-Przemyśl Poc Nr 8313/2,Warszawa Olszynka Grochowska,Telefon
421,2025-01-09,6134.0,Wrocław Gł. - Warszawa Wsch.,Warszawa Wschodnia,Reklamówka / Torba
422,2025-01-09,51100.0,Gdynia Gł. - Łódź Fabryczna,Skierniewice,Sprzęt Elektroniczny
423,2025-01-09,61107.0,Wrocław Gł. - Białystok,Białystok,Sprzęt Sportowy
424,2025-01-09,85104.0,Szczecin Gł. - Olsztyn Gł.,Olsztyn Główny,Książka
425,2025-01-09,8120.0,Szczecin Gł. - Łódź Fabryczna,Łódź Fabryczna,Sprzęt Agd
426,2025-01-09,110.0,Warszawa Wsch. - Bohumin,Chałupki,Walizka / Plecak
427,2025-01-09,1702.0,Warszawa Wsch. - Zielona Góra Gł.,Zielona Góra Główna,Sprzęt Elektroniczny
428,2025-01-09,5300.0,Gdynia Główna - Kraków Główny,Kraków Główny,Sprzęt Elektroniczny
429,2025-01-09,6502.0,Wrocław Gł-Olsztyn Gł,Olsztyn Główny,Telefon
430,2025-01-09,1306.0,Warszawa Wschodnia - Kraków Główny,Kraków Główny,Ubranie
431,2025-01-09,1020.0,Warszawa Wsch. Terespol,Terespol,Parasol
432,2025-01-09,1304.0,Warszawa Wschodnia - Kraków Główny,Kraków Główny,Artykuły Medyczne
433,2025-01-09,1622.0,,Wrocław Główny,Artykuły Dziecięce
434,2025-01-09,26102.0,Lublin Gł. - Wrocław Gł.,Wrocław Główny,Sprzęt Elektroniczny
435,2025-01-09,83192.0,Szczecin Gł. - Zakopane,Chabówka Stadion,Rzeczy Osobiste
436,2025-01-09,83172.0,Świnoujście-Przemyśl Gł,Przemyśl Bakończyce,Telefon
437,2025-01-09,15110.0,Warszawa Wsch. - Gdynia Gł.,Olsztyn Główny,Portfel
438,2025-01-09,3812.0,Przemyśl Gł. - Słupsk,Rawicz,Reklamówka / Torba
439,2025-01-09,5334.0,Bydgoszcz Główna - Kraków Główny,Kraków Główny,Sprzęt Elektroniczny
440,2025-01-09,1020.0,Warszawa Wsch. - Terespol,Terespol,Parasol
441,2025-01-09,460.0,Praha Hl. N. - Gdynia Gł.,Gniezno,Telefon
442,2025-01-09,3600.0,Przemyśl Gł. - Wrocław Gł.,Wrocław Główny,Ubranie
443,2025-01-09,,,Wrocław Główny,Saszetka / Nerka
444,2025-01-09,4500.0,Bielsko-Biała Gł. - Gdynia Gł.,Gdynia Główna,Sprzęt Elektroniczny
445,2025-01-09,49.0,Berlin Gesundbrunnen - Warszawa Wsch.,Rzepin,Walizka / Plecak
446,2025-01-09,25100.0,Chełm-Bydgoszcz Gł.,Bydgoszcz Główna,Sprzęt Elektroniczny
447,2025-01-09,4504.0,Bielsko-Biała Gł. - Gdynia Gł.,Gdynia Główna,Walizka / Plecak
448,2025-01-08,3820.0,Kraków Gł. - Szczecin Gł.,Szamotuły,Sprzęt Elektroniczny
449,2025-01-08,38100.0,Rzeszów Główny - Świnoujście,Szamotuły,Sprzęt Elektroniczny
450,2025-01-08,15104.0,Łódź Fabryczna - Gdynia Gł.,Gdynia Główna,Sprzęt Elektroniczny
451,2025-01-08,45100.0,Bielsko-Biała Gł. - Gdynia Gł.,Gdańsk Wrzeszcz,Dokument/Y
452,2025-01-08,1528.0,Łódź Fabryczna - Gdynia Gł.,Gdynia Główna,Reklamówka / Torba
453,2025-01-08,57104.0,Gdynia Gł. - Zielona Góra Gł.,Zielona Góra Główna,Walizka / Plecak
454,2025-01-08,5328.0,Olsztyn Gł. - Kraków Gł.,Miechów,Saszetka / Nerka
455,2025-01-08,3502.0,Kraków Gł. - Gdynia Gł.,Gdynia Główna,Sprzęt Elektroniczny
456,2025-01-08,2524.0,Lublin Gł. - Bydgoszcz Gł.,Łowicz Główny,Portfel
457,2025-01-08,91130.0,Łódź Fabryczna - Warszawa Wsch.,Warszawa Wschodnia,Ubranie
458,2025-01-08,3806.0,Przemyśl Gł. - Słupsk,Słupsk,Walizka / Plecak
459,2025-01-08,1528.0,Łódź Fabryczna - Gdynia Gł.,Gdynia Główna,Walizka / Plecak
460,2025-01-08,1005.0,Łódź Fabryczna-Białystok,Białystok,Sprzęt Elektroniczny
461,2025-01-08,8300.0,Kołobrzeg - Kraków Gł.,Warszawa Wschodnia,Obuwie
462,2025-01-08,3820.0,Kraków Gł. - Szczecin Gł.,Szczecin Główny,Walizka / Plecak
463,2025-01-08,1602.0,,Wrocław Główny,Walizka / Plecak
464,2025-01-08,58104.0,Olsztyn Gł. - Szczecin Gł.,Lębork,Walizka / Plecak
465,2025-01-08,5600.0,,Wrocław Główny,Dokument/Y
466,2025-01-08,63172.0,Wrocław Gł. - Przemyśl Gł.,Przemyśl Główny,Etui
467,2025-01-08,16152.0,Warszawa Wsch. - Szklarska Por.G.,Szklarska Poręba Górna,Ubranie
468,2025-01-08,3812.0,Przemyśl Gł. - Słupsk,Białogard,Walizka / Plecak
469,2025-01-08,3560.0,Zakopane - Gdynia Gł.,Zgierz,Rzeczy Osobiste
470,2025-01-08,3508.0,Rzeszów Główny - Gdynia Gł.,Iława Główna,Sprzęt Elektroniczny
471,2025-01-08,3524.0,Kraków   Olsztyn,Olsztyn Główny,Portfel
472,2025-01-08,16104.0,,Wrocław Główny,Telefon
473,2025-01-08,75102.0,Poznań Gł. - Olsztyn Gł.,Olsztyn Główny,Sprzęt Elektroniczny
474,2025-01-08,8120.0,Szczecin Gł. - Łódź Fabryczna,Środa Wielkopolska,Sprzęt Elektroniczny
475,2025-01-08,1100.0,Białystok - Łódź Fabryczna,Łódź Fabryczna,Sprzęt Elektroniczny
476,2025-01-08,8120.0,Szczecin Gł. - Łódź Fabryczna,Łódź Fabryczna,Reklamówka / Torba
477,2025-01-08,3806.0,Przemyśl Gł. - Słupsk,Rogoźno Wielkopolskie,Rzeczy Osobiste
478,2025-01-08,3108.0,Kraków Gł. - Warszawa Wsch.,Warszawa Wschodnia,Reklamówka / Torba
479,2025-01-07,5450.0,Gdynia Gł. - Bielsko-Biała Gł.,Bielsko-Biała Główna,Etui
480,2025-01-07,608.0,Giżycko - Olsztyn Gł.,Giżycko,Ubranie
481,2025-01-07,,,Wrocław Główny,Walizka / Plecak
482,2025-01-07,6128.0,Wrocław-Białystok,Białystok,Sprzęt Elektroniczny
483,2025-01-07,5600.0,,Wrocław Główny,Artykuły Muzyczne
484,2025-01-07,1410.0,Warszawa Wsch. - Bielsko-Biała Gł.,Katowice,Rzeczy Osobiste
485,2025-01-07,54100.0,Gdynia Gł. - Bielsko-Biała Gł.,Oława,Ubranie
486,2025-01-07,,,Wrocław Główny,Książka
487,2025-01-07,8305.0,Kołobrzeg- Kraków Główny,Kraków Główny,Sprzęt Elektroniczny
488,2025-01-07,4524.0,Racibórz - Olsztyn Gł.,Olsztyn Główny,Ubranie
489,2025-01-07,8320.0,Szczecin Główny- Kraków Główny,Kraków Główny,Sprzęt Elektroniczny
490,2025-01-07,4502.0,Gliwice - Gdynia Gł.,Warszawa Wschodnia,Reklamówka / Torba
491,2025-01-07,16104.0,Białystok - Wrocław Gł.,Wrocław Główny,Saszetka / Nerka
492,2025-01-07,81104.0,Szczecin Gł. - Białystok,Ełk,Sprzęt Elektroniczny
493,2025-01-07,65102.0,Wrocław Gł. - Olsztyn Gł.,Olsztyn Główny,Walizka / Plecak
494,2025-01-07,83192.0,Szczecin Gł. - Zakopane,Zakopane,Walizka / Plecak
495,2025-01-07,,,Wrocław Główny,Ubranie
496,2025-01-07,5130.0,Bydgoszcz Gł. - Warszawa Zach.,Mława Miasto,Rzeczy Osobiste
497,2025-01-07,5124.0,Bydgoszcz Gł. - Warszawa Wsch.,Warszawa Wschodnia,Rzeczy Osobiste
498,2025-01-07,21104.0,Lublin Gł. - Warszawa Wsch.,Warszawa Wschodnia,Sprzęt Agd
499,2025-01-07,53104.0,Gdynia Gł. - Zakopane,Zakopane,Walizka / Plecak
500,2025-01-07,3108.0,Kraków Gł. - Warszawa Wsch.,Kraków Główny,Sprzęt Agd
501,2025-01-07,7220.0,Poznań-Lublin,Lublin,Walizka / Plecak
502,2025-01-07,80102.0,Gorzów Wlkp. - Piła Gł.,Gorzów Wielkopolski,Artykuły Muzyczne
503,2025-01-07,8320.0,Szczecin Główny- Kraków Główny,Kraków Główny,Ubranie
504,2025-01-07,81114.0,Kołobrzeg - Łódź Fabryczna,Łódź Fabryczna,Dokument/Y
505,2025-01-07,25100.0,Chełm - Bydgoszcz Gł.,Bydgoszcz Główna,Artykuły Spożywcze
506,2025-01-07,57100.0,Olsztyn Gł. - Poznań Gł.,Poznań Główny,Walizka / Plecak
507,2025-01-07,4128.0,Żywiec - Warszawa Wsch.,Warszawa Olszynka Grochowska,Portfel
508,2025-01-07,56100.0,Gdynia Gł. - Jelenia Góra,Wrocław Główny,Portfel
509,2025-01-07,15106.0,Łódź Fabryczna - Gdynia Gł.,Iława Główna,Portfel
510,2025-01-07,54.0,Kraków Gł. - Berlin Gesundbrunnen,Rzepin,Sprzęt Elektroniczny
511,2025-01-07,5122.0,Olsztyn Gł. - Łódź Fabryczna,Łódź Fabryczna,Parasol
512,2025-01-07,3808.0,Przemyśl Gł. - Szczecin Gł.,Wrocław Główny,Artykuły Medyczne
513,2025-01-07,58104.0,Olsztyn Gł. - Szczecin Gł.,Szczecin Główny,Rzeczy Osobiste
514,2025-01-07,2520.0,Lublin Gł. - Bydgoszcz Gł.,Bydgoszcz Główna,Ubranie
515,2025-01-07,6300.0,Wrocław Gł. - Przemyśl Gł.,Dębica,Sprzęt Elektroniczny
516,2025-01-07,3526.0,Kraków Gł. - Olsztyn Gł.,Olsztyn Główny,Rzeczy Osobiste
517,2025-01-07,60101.0,Wrocław Gł. - Jelenia Góra,Jaworzyna Śląska,Sprzęt Elektroniczny
518,2025-01-06,51102.0,Gdynia Gł. - Łódź Fabryczna,Warszawa Wschodnia,Dokument/Y
519,2025-01-06,5604.0,Gdynia Gł. - Wrocław Gł.,Wrocław Główny,Sprzęt Elektroniczny
520,2025-01-06,28160.0,Lublin Gł. - Szczecin Gł.,Szczecin Główny,Ubranie
521,2025-01-06,22100.0,Hrubieszów Miasto - Lublin Gł.,Hrubieszów Miasto,Reklamówka / Torba
522,2025-01-06,4524.0,Racibórz - Olsztyn Gł.,Olsztyn Główny,Ubranie
523,2025-01-06,38102.0,Rzeszów Główny - Kołobrzeg,Gorzów Wielkopolski,Sprzęt Elektroniczny
524,2025-01-06,73102.0,Poznań Gł. - Przemyśl Gł.,Przemyśl Główny,Reklamówka / Torba
525,2025-01-06,73104.0,Zielona Góra Gł. - Przemyśl Gł.,Jarosław,Walizka / Plecak
526,2025-01-06,45100.0,Bielsko-Biała Gł. - Gdynia Gł.,Bydgoszcz Główna,Telefon
527,2025-01-06,6129.0,Wroclaw-Bialystok,Warszaawa Olszynka Grochowska -Pracownik Biurowy,Reklamówka / Torba
528,2025-01-06,63102.0,Jelenia Góra - Kraków,Kraków Główny,Ubranie
529,2025-01-06,23104.0,Lublin - Kraków,Kraków Główny,Ubranie
530,2025-01-06,5324.0,Olsztyn Główny - Kraków Główny,Kraków Główny,Ubranie
531,2025-01-06,83108.0,Szczecin Gł. - Zakopane,Radom Główny,Dokument/Y
532,2025-01-06,54104.0,Gdynia Gł. - Bielsko-Biała Gł.,Bielsko-Biała Główna,Walizka / Plecak
533,2025-01-06,4522.0,Katowice - Gdynia Gł.,Włocławek,Reklamówka / Torba
534,2025-01-06,7322.0,Poznań Główny - Kraków Główny,Kraków Główny,Sprzęt Elektroniczny
535,2025-01-06,1622.0,,Wrocław Główny,Dokument/Y
536,2025-01-06,5222.0,Bydgoszcz Gł. - Lublin Gł.,Lublin Główny,Książka
537,2025-01-06,8305.0,Kołobrzeg - Kraków Główny,Kraków Główny,Książka
538,2025-01-06,54104.0,Gdynia Gł.- Bielsko Biała Gł,Bielsko Biała Gł.,Artykuły Dziecięce
539,2025-01-06,1634.0,Warszawa Wsch. - Wrocław Gł.,Wrocław Główny,Rzeczy Osobiste
540,2025-01-06,35104.0,Zakopane - Gdynia Gł.,Gdynia Główna,Rzeczy Osobiste
541,2025-01-06,1634.0,Warszawa Wsch. - Wrocław Gł.,Wrocław Główny,Sprzęt Elektroniczny
542,2025-01-06,5310.0,Gdynia Główna -Kraków Główny,Kraków Główny,Ubranie
543,2025-01-06,4160.0,Wisła Uzdr. - Warszawa Wsch.,Opoczno Południe,Dokument/Y
544,2025-01-06,31108.0,Rzeszów Główny - Warszawa Zach.,Warszawa Zachodnia,Dokument/Y
545,2025-01-06,1628.0,Białystok - Wrocław Gł.,Wrocław Główny,Sprzęt Elektroniczny
546,2025-01-06,52100.0,Bydgoszcz Gł. - Chełm,Chełm,Książka
547,2025-01-06,83170.0,Kołobrzeg - Kraków Główny,Kraków Główny,Rzeczy Osobiste
548,2025-01-06,51104.0,Gdynia Gł. - Łódź Fabryczna,Malbork,Reklamówka / Torba
549,2025-01-06,8305.0,Kołobrzeg - Kraków Główny,Kraków Główny,Sprzęt Turystyczny
550,2025-01-06,71007.0,Berlin-Warszawa,Warszawa Olszynka Grochowska,Sprzęt Elektroniczny
551,2025-01-06,3532.0,Kraków Gł. - Olsztyn Gł.,Olsztyn Główny,Ubranie
552,2025-01-06,85102.0,Szczecin Gł. - Olsztyn Gł.,Olsztyn Główny,Kosztowności
553,2025-01-06,54100.0,Gdynia Gł. - Bielsko-Biała Gł.,Kuźnia Raciborska,Walizka / Plecak
554,2025-01-06,3530.0,Kraków Gł-Olsztyn Gł,Olsztyn Główny,Sprzęt Elektroniczny
555,2025-01-06,3530.0,Kraków Gł. - Olsztyn Gł.,Skarżysko-Kamienna,Telefon
556,2025-01-06,3532.0,Kraków Gł. - Olsztyn Gł.,Kielce Główne,Sprzęt Elektroniczny
557,2025-01-06,8305.0,Kołobrzeg - Kraków Główny,Kraków Główny,Ubranie
558,2025-01-06,49.0,Berlin Gesundbrunnen - Warszawa Wsch.,Poznań Główny,Saszetka / Nerka
559,2025-01-06,3812.0,Przemyśl Gł. - Słupsk,Koszalin,Sprzęt Elektroniczny
560,2025-01-06,35170.0,Zakopane - Gdynia Gł.,Sucha Beskidzka Zamek,Sprzęt Elektroniczny
561,2025-01-06,8305.0,Kołobrzeg - Kraków Główny,Kraków Główny,Akcesoria Dla Zwierząt
562,2025-01-05,8306.0,Słupsk - Przemyśl Gł.,Katowice,Reklamówka / Torba
563,2025-01-05,143.0,Vilnius(Lt) - Kraków Gł.,Piaseczno,Artykuły Medyczne
564,2025-01-05,5620.0,Ełk - Wrocław Gł.,Wrocław Główny,Reklamówka / Torba
565,2025-01-05,1306.0,Warszawa - Kraków,Kraków Główny,Sprzęt Elektroniczny
566,2025-01-05,3534.0,Kraków Gł. - Bydgoszcz Gł.,Aleksandrów Kujawski,Akcesoria Dla Zwierząt
567,2025-01-05,1304.0,Warszawa - Kraków,Kraków Główny,Rzeczy Osobiste
568,2025-01-05,36102.0,Kraków Gł. - Jelenia Góra,Jelenia Góra,Ubranie
569,2025-01-05,3508.0,Rzeszów Główny - Gdynia Gł.,Gdynia Główna,Ubranie
570,2025-01-05,36101.0,Przemyśl Gł. - Wrocław Gł.,Wrocław Główny,Walizka / Plecak
571,2025-01-05,5422.0,Gdynia Główna,Katowice,Ubranie
572,2025-01-05,55.0,Berlin Hbf - Kraków Gł.,Opole Główne,Artykuły Biurowe
573,2025-01-05,81114.0,Kołobrzeg - Łódź Fabryczna,Łódź Widzew,Książka
574,2025-01-05,6520.0,Wrocław Gł.-Ełk,Ełk,Reklamówka / Torba
575,2025-01-05,4128.0,Żywiec-Warszawa Wschodnia,Zywiec,Etui
576,2025-01-05,4122.0,Bielsko-Biała Gł. - Warszawa Wsch.,Warszawa Wschodnia,Ubranie
577,2025-01-05,88103.0,Piła Gł. - Gorzów Wlkp.,Gorzów Wielkopolski,Ubranie
578,2025-01-05,81114.0,Kołobrzeg - Łódź Fabryczna,Łódź Fabryczna,Ubranie
579,2025-01-05,57104.0,Gdynia Gł.-Zielona Góra,Zielona Góra Główna,Portfel
580,2025-01-05,6129.0,Wrocław Gł.-Białystok,Białystok,Etui
581,2025-01-05,3822.0,Kraków Gł. - Szczecin Gł.,Września,Artykuły Muzyczne
582,2025-01-05,5600.0,Gdynia Gł. - Wrocław Gł.,Poznań Główny,Sprzęt Elektroniczny
583,2025-01-05,85106.0,Szczecin Gł. - Olsztyn Gł.,Elbląg,Reklamówka / Torba
584,2025-01-05,264.0,Praha Hl. N. - Gdynia Gł.,Gdynia Główna,Sprzęt Elektroniczny
585,2025-01-05,83110.0,Kołobrzeg - Kraków,Kraków Główny,Portfel
586,2025-01-05,3526.0,Kraków Gł. - Olsztyn Gł.,Olsztyn Główny,Rzeczy Osobiste
587,2025-01-05,85102.0,Szczecin Gł. - Olsztyn Gł.,Elbląg,Reklamówka / Torba
588,2025-01-05,8320.0,Szczecin Gł. - Kraków Gł.,Kraków Główny,Ubranie
589,2025-01-05,61104.0,Wrocław Gł. - Białystok,Łódź Chojny,Sprzęt Elektroniczny
590,2025-01-05,1122.0,Terespol - Warszawa Zach.,Warszawa Wschodnia,Ubranie
591,2025-01-05,51102.0,Gdynia Gł. - Łódź Fabryczna,Łódź Fabryczna,Dokument/Y
592,2025-01-05,23100.0,Lublin Gł. - Kraków Gł.,Gliwice,Reklamówka / Torba
593,2025-01-05,4128.0,Żywiec-Warszawa Wschodnia,Żywiec,Reklamówka / Torba
594,2025-01-05,3530.0,Kraków Gł. - Olsztyn Gł.,Olsztyn Główny,Sprzęt Turystyczny
595,2025-01-05,63172.0,Wrocław Gł. - Przemyśl Gł.,Łańcut,Reklamówka / Torba
596,2025-01-05,38104.0,Rzeszów Główny - Piła Gł.,Piła Główna,Dokument/Y
597,2025-01-05,62104.0,Wrocław Gł. - Lublin Gł.,Lublin Główny,Walizka / Plecak
598,2025-01-05,73106.0,Poznań Gł. - Przemyśl Gł.,Kraków Główny,Sprzęt Agd
599,2025-01-05,260.0,Praha Hl. N. - Gdynia Gł.,Gdynia Główna,Walizka / Plecak
600,2025-01-05,3150.0,Zakopane - Warszawa Wsch.,Zakopane,Sprzęt Turystyczny
601,2025-01-04,5332.0,Olsztyn Główny - Kraków Główny,Kraków Główny,Reklamówka / Torba
602,2025-01-04,3800.0,Kraków Gł. - Kołobrzeg,Gdańsk Główny,Kosztowności
603,2025-01-04,45104.0,Bielsko-Biała Gł. - Gdynia Gł.,Tczew,Książka
604,2025-01-04,8300.0,Kołobrzeg - Kraków Główny,Kraków Główny,Artykuły Biurowe
605,2025-01-04,7322.0,Poznań Główny - Kraków Główny,Kraków Główny,Ubranie
606,2025-01-04,85102.0,Szczecin Gł. - Olsztyn Gł.,Olsztyn Główny,Ubranie
607,2025-01-04,5600.0,Gdynia Gł. - Wrocław Gł.,Wrocław Główny,Sprzęt Elektroniczny
608,2025-01-04,8320.0,Szczecin - Kraków,Kraków Główny,Rzeczy Osobiste
609,2025-01-04,37150.0,Zakopane - Poznań Gł.,Poznań Główny,Rzeczy Osobiste
610,2025-01-04,65102.0,Wrocław Gł. - Olsztyn Gł.,Olsztyn Główny,Ubranie
611,2025-01-04,3528.0,Kraków Gł. - Olsztyn Gł.,Działdowo,Sprzęt Turystyczny
612,2025-01-04,1524.0,Warszawa Wsch. - Bydgoszcz Gł.,Bydgoszcz Główna,Ubranie
613,2025-01-04,260.0,Praha Hl. N. - Gdynia Gł.,Gdynia Główna,Ubranie
614,2025-01-04,26102.0,Lublin Gł. - Wrocław Gł.,Wrocław Główny,Telefon
615,2025-01-04,61105.0,Wrocław Gł.- Białystok,Białystok,Kosztowności
616,2025-01-04,83104.0,Piła Gł. - Rzeszów Główny,Rzeszów Główny,Walizka / Plecak
617,2025-01-04,51104.0,Gdynia Gł. - Łódź Fabryczna,Łódź Fabryczna,Walizka / Plecak
618,2025-01-04,61190.0,Szklarska Por.G. - Warszawa Wsch.,Szklarska Poręba Górna,Etui
619,2025-01-04,8322.0,Szczecin Główny - Kraków Główny,Kraków Główny,Telefon
620,2025-01-04,65102.0,Wrocław Gł. - Olsztyn Gł.,Olsztyn Główny,Sprzęt Elektroniczny
621,2025-01-04,3530.0,Kraków Gł. - Olsztyn Gł.,Olsztyn Główny,Sprzęt Sportowy
622,2025-01-04,34100.0,Przemyśl Gł. - Gliwice,Katowice,Reklamówka / Torba
623,2025-01-04,33112.0,Zagórz - Kraków,Kraków Główny,Artykuły Muzyczne
624,2025-01-04,61190.0,Szklarska Por.G. - Warszawa Wsch.,Oleśnica Rataje,Pieniądze
625,2025-01-04,58104.0,Olsztyn Gł. - Szczecin Gł.,Świdwin,Walizka / Plecak
626,2025-01-04,5302.0,Gdynia Główna - Kraków Główny,Kraków Główny,Rzeczy Osobiste
627,2025-01-04,16104.0,Białystok - Wrocław Gł.,Wrocław Główny,Sprzęt Elektroniczny
628,2025-01-04,8106.0,Szczecin Gł. - Warszawa Wsch.,Koło,Sprzęt Agd
629,2025-01-04,75102.0,,Olsztyn Główny,Walizka / Plecak
630,2025-01-04,1460.0,Warszawa Wsch. - Wisła Uzdr.,Wisła Uzdrowisko,Sprzęt Turystyczny
631,2025-01-04,8300.0,Kołobrzeg - Kraków Główny,Kraków Główny,Ubranie
632,2025-01-04,75100.0,Poznań-Olsztyn,Olsztyn Główny,Sprzęt Elektroniczny
633,2025-01-04,3524.0,Kraków Gł. - Olsztyn Gł.,Olsztyn Główny,Rzeczy Osobiste
634,2025-01-04,3108.0,Kraków Gł. - Warszawa Wsch.,Warszawa Wschodnia,Walizka / Plecak
635,2025-01-04,9102.0,Łódź Fabryczna - Warszawa Wsch.,Koluszki,Sprzęt Elektroniczny
636,2025-01-04,5600.0,Gdynia Gł. - Wrocław Gł.,Wrocław Główny,Rzeczy Osobiste
637,2025-01-04,45102.0,Katowice - Gdynia Gł.,Gdynia Główna,Etui
638,2025-01-04,68102.0,Wrocław Gł. - Szczecin Gł.,Zielona Góra Główna,Rzeczy Osobiste
639,2025-01-04,1628.0,Białystok - Wrocław Gł.,Wrocław Główny,Sprzęt Elektroniczny
640,2025-01-04,1322.0,Warszawa Wschodnia - Kraków Główny,Kraków Główny,Rzeczy Osobiste
641,2025-01-04,33104.0,Krynica-Zdrój - Kraków Gł.,Nowy Sącz,Artykuły Muzyczne
642,2025-01-04,104.0,Wien Hbf - Warszawa Wsch.,Warszawa Wschodnia,Walizka / Plecak
643,2025-01-04,5304.0,Gdynia Główna - Kraków Główny,Kraków Główny,Ubranie
644,2025-01-04,37102.0,Przemyśl Gł. - Poznań Gł.,Rawicz,Artykuły Medyczne
645,2025-01-04,1530.0,Warszawa - Bydgoszcz,Bydgoszcz Główna,Dokument/Y
646,2025-01-04,5424.0,Olsztyn Gł. - Racibórz,Racibórz,Reklamówka / Torba
647,2025-01-04,3534.0,Kraków Gł. - Bydgoszcz Gł.,Bydgoszcz Główna,Ubranie
648,2025-01-03,130.0,Zebrzydowice - Warszawa Wsch.,Warszawa Wschodnia,Etui
649,2025-01-03,8302.0,Świnoujście - Kraków Główny,Kraków Główny,Ubranie
650,2025-01-03,3530.0,Kraków Gł. - Olsztyn Gł.,Olsztyn Główny,Walizka / Plecak
651,2025-01-03,5220.0,Bydgoszcz Gł. - Lublin Gł.,Toruń Główny,Rzeczy Osobiste
652,2025-01-03,5310.0,Gdynia Główna -Kraków Główny,Kraków Główny,Ubranie
653,2025-01-03,1122.0,Terespol - Warszawa Zach.,Warszawa Zachodnia,Reklamówka / Torba
654,2025-01-03,4524.0,Racibórz - Olsztyn Gł.,Nowy Dwór Mazowiecki,Rzeczy Osobiste
655,2025-01-03,63100.0,Wrocław Gł. - Przemyśl Gł.,Przemyśl Główny,Ubranie
656,2025-01-03,31100.0,Zakopane - Warszawa Wsch.,Kraków Główny,Sprzęt Elektroniczny
657,2025-01-03,6129.0,Wrocław-Białystok,Białystok,Obuwie
658,2025-01-03,32102.0,Kraków Gł. - Lublin Gł.,Puławy Miasto,Telefon
659,2025-01-03,3112.0,Kraków Gł. - Warszawa Wsch.,Warszawa Wschodnia,Sprzęt Turystyczny
660,2025-01-03,65100.0,Jelenia Góra - Gdynia Gł.,Gdynia Główna,Portfel
661,2025-01-03,8102.0,Szczecin Gł. - Warszawa Wsch.,Warszawa Wschodnia,Telefon
662,2025-01-03,8354.0,Szczecin Gł. - Przemyśl Gł.,Przemyśl Główny,Walizka / Plecak
663,2025-01-03,1310.0,Warszawa Wschodnia - Kraków Główny,Kraków Główny,Ubranie
664,2025-01-03,6135.0,Zgorzelec - Warszawa,Warszawa Olszynka Grochowska,Sprzęt Elektroniczny
665,2025-01-03,265.0,Gdynia Gł. - Praha Hl. N.,Leszno,Saszetka / Nerka
666,2025-01-03,81107.0,Kołobrzeg -Warszawa  Wschodnia,Warszawa Olszynka Grochowska,Portfel
667,2025-01-03,1632.0,Warszawa Wsch. - Zgorzelec,Zgorzelec,Walizka / Plecak
668,2025-01-03,5326.0,Olsztyn Główny - Kraków Główny,Kraków Główny,Sprzęt Elektroniczny
669,2025-01-03,57112.0,Olsztyn Gł. - Poznań Gł.,Inowrocław,Portfel
670,2025-01-03,,,Bydgoszcz Główna,Dokument/Y
671,2025-01-03,,,Bydgoszcz Główna,Sprzęt Elektroniczny
672,2025-01-03,23102.0,Lublin Główny - Kraków Główny,Kraków Główny,Ubranie
673,2025-01-03,2520.0,Lublin Gł. - Bydgoszcz Gł.,Bydgoszcz Główna,Ubranie
674,2025-01-03,85106.0,Szczecin Gł. - Olsztyn Gł.,Olsztyn Główny,Walizka / Plecak
675,2025-01-03,8302.0,Świnoujście - Kraków Gł.,Katowice,Rzeczy Osobiste
676,2025-01-03,5334.0,Bydgoszcz Gł. - Kraków Gł.,Kraków Główny,Ubranie
677,2025-01-03,3128.0,Kraków Gł. - Łódź Fabryczna,Kraków Główny,Dokument/Y
678,2025-01-03,1000.0,Łódź Fabryczna - Białystok,Łapy,Walizka / Plecak
679,2025-01-02,8300.0,Kołobrzeg - Kraków Główny,Kraków Główny,Ubranie
680,2025-01-02,262.0,Praha Hl. N. - Gdynia Gł.,Strzelin,Reklamówka / Torba
681,2025-01-02,8306.0,Słupsk - Przemyśl Gł.,Przeworsk,Sprzęt Sportowy
682,2025-01-02,3530.0,Kraków Gł. - Olsztyn Gł.,Olsztynek,Reklamówka / Torba
683,2025-01-02,2702.0,Lublin Gł. - Zielona Góra Gł.,Zielona Góra Główna,Rzeczy Osobiste
684,2025-01-02,3530.0,Kraków Gł. - Olsztyn Gł.,Olsztyn Główny,Sprzęt Sportowy
685,2025-01-02,1628.0,Białystok - Wrocław Gł.,Wrocław Główny,Sprzęt Elektroniczny
686,2025-01-02,35104.0,Zakopane - Gdynia Gł.,Gdynia Główna,Reklamówka / Torba
687,2025-01-02,5324.0,Olsztyn Główny -Kraków Główny,Kraków Główny,Walizka / Plecak
688,2025-01-02,54100.0,Gdynia Gł. - Bielsko-Biała Gł.,Wrocław Główny,Walizka / Plecak
689,2025-01-02,35104.0,Zakopane - Gdynia Gł.,Gdynia Główna,Walizka / Plecak
690,2025-01-02,73005.0,Frankfrut - Kraków,Kraków Główny,Reklamówka / Torba
691,2025-01-02,13108.0,Warszawa Zach. - Rzeszów Główny,Rzeszów Główny,Ubranie
692,2025-01-02,83171.0,Kołobrzeg -Kraków Główny,Kraków Główny,Sprzęt Elektroniczny
693,2025-01-02,83171.0,Kołobrzeg-Kraków Główny,Kraków Główny,Ubranie
694,2025-01-02,22019.0,Lublin- Rawa Ruska,Lublin,Telefon
695,2025-01-02,5324.0,Olsztyn - Kraków,Kraków Główny,Reklamówka / Torba
696,2025-01-02,1630.0,Warszawa Wsch. - Wrocław Gł.,Wrocław Główny,Sprzęt Elektroniczny
697,2025-01-02,31100.0,Zakopane - Warszawa Wsch.,Warszawa Zachodnia,Dokument/Y
698,2025-01-02,38104.0,Rzeszów Główny - Piła Gł.,Toruń Główny,Rzeczy Osobiste
699,2025-01-02,61102.0,Wrocław Gł. - Warszawa Wsch.,Warszawa Wschodnia,Reklamówka / Torba
700,2025-01-02,115.0,Praha Hl. N. - Przemyśl Gł.,Kraków Główny,Artykuły Dziecięce
701,2025-01-02,71100.0,Zielona Góra Gł. - Warszawa Wsch.,Kutno,Telefon
702,2025-01-02,8312.0,Słupsk - Przemyśl Gł.,Przemyśl Główny,Sprzęt Agd
703,2025-01-02,5310.0,Gdynia Główna - Kraków Główny,Kraków Główny,Sprzęt Elektroniczny
704,2025-01-02,38104.0,Rzeszów Główny - Piła Gł.,Piła Główna,Sprzęt Agd
705,2025-01-02,3506.0,Kraków Gł. - Gdynia Gł.,Gdynia Główna,Reklamówka / Torba
706,2025-01-02,2702.0,Lublin Gł. - Zielona Góra Gł.,Zielona Góra Główna,Reklamówka / Torba
707,2025-01-02,8300.0,Kołobrzeg - Kraków Główny,Kraków Główny,Sprzęt Turystyczny
708,2025-01-02,8300.0,Kołobrzeg - Kraków Główny,Kraków Główny,Parasol
709,2025-01-02,5620.0,Ełk - Wrocław Gł.,Wrocław Główny,Sprzęt Elektroniczny
710,2025-01-02,75102.0,Poznań Gł. - Olsztyn Gł.,Olsztyn Główny,Ubranie
711,2025-01-02,8314.0,Szczecin Główny - Kraków Główny,Kraków Główny,Artykuły Medyczne
712,2025-01-02,83172.0,Świnoujście - Przemyśl Gł,Przemysl Bakonczyce,Sprzęt Elektroniczny
713,2025-01-02,43008.0,Praga - Przemyśl,Przemyśl Bak.,Walizka / Plecak
714,2025-01-02,6102.0,Wrocław Gł. - Warszawa Wsch.,Warszawa Wschodnia,Ubranie
715,2025-01-02,3560.0,Zakopane - Gdynia Gł.,Gdynia Główna,Rzeczy Osobiste
716,2025-01-02,1620.0,Warszawa Wsch. - Wrocław Gł.,Wrocław Główny,Ubranie
717,2025-01-02,3524.0,Kraków Gł. - Olsztyn Gł.,Olsztyn Główny,Walizka / Plecak
718,2025-01-02,83171.0,Kołobrzeg-Kraków Główny,Kraków Główny,Telefon
719,2025-01-02,38104.0,Rzeszów Główny - Piła Gł.,Piła Główna,Parasol
720,2025-01-01,50108.0,Olsztyn Gł. - Gdynia Gł.,Gdynia Główna,Ubranie
721,2025-01-01,3720.0,Kraków Gł. - Poznań Gł.,Pabianice,Telefon
722,2025-01-01,5700.0,Gdynia Gł. - Poznań Gł.,Poznań Główny,Rzeczy Osobiste
723,2025-01-01,260.0,Praha Hl. N. - Gdynia Gł.,Tczew,Ubranie
724,2025-01-01,3804.0,Kraków Gł. - Kołobrzeg,Oborniki Śląskie,Reklamówka / Torba
725,2025-01-01,1604.0,Warszawa Wsch. - Wrocław Gł.,Wrocław Główny,Ubranie
726,2025-01-01,15104.0,Łódź Fabryczna - Gdynia Gł.,Gdynia Główna,Sprzęt Elektroniczny
727,2025-01-01,6102.0,Wrocław Gł. - Warszawa Wsch.,Opole Główne,Saszetka / Nerka
728,2025-01-01,5328.0,Olsztyn Gł. - Kraków Gł.,Warszawa Służewiec,Dokument/Y
729,2025-01-01,35104.0,Zakopane - Gdynia Gł.,Warszawa Centralna,Rzeczy Osobiste
730,2025-01-01,38104.0,Rzeszów-Piła Gł.,Piła Główna,Sprzęt Elektroniczny
731,2025-01-01,31106.0,Krakow-Warszawa,Warszawa Olszynka Grochowska,Portfel
732,2025-01-01,4506.0,Bielsko-Biała Gł. - Gdynia Gł.,Gdynia Główna,Ubranie
733,2025-01-01,3722.0,Kraków Gł. - Poznań Gł.,Środa Wielkopolska,Portfel
734,2025-01-01,1620.0,Warszawa Wsch. - Wrocław Gł.,Wrocław Główny,Saszetka / Nerka
735,2025-01-01,61106.0,Wrocław Gł. - Białystok,Białystok,Artykuły Dziecięce
736,2025-01-01,8314.0,Szczecin Główny -Kraków Główny,Kraków Główny,Rzeczy Osobiste
737,2025-01-01,5324.0,Olsztyn Główny -Kraków Główny,Kraków Główny,Sprzęt Elektroniczny
738,2025-01-01,16150.0,Warszawa Wsch. - Szklarska Por.G.,Szklarska Poręba Górna,Ubranie
739,2025-01-01,5320.0,Olsztyn Gł. - Kraków Gł.,Olsztyn Główny,Saszetka / Nerka
740,2025-01-01,,,Bydgoszcz Główna,Książka
741,2025-01-01,31108.0,Rzeszów Główny - Warszawa Zach.,Rzeszów Główny,Ubranie
742,2025-01-01,8305.0,Kołobrzeg-Kraków Główny,Kraków Główny,Sprzęt Elektroniczny
743,2025-01-01,38108.0,Zakopane - Szczecin Gł.,Jędrzejów,Portfel
744,2025-01-01,37106.0,Przemyśl Gł. - Poznań Gł.,Poznań Główny,Sprzęt Elektroniczny
745,2025-01-01,83171.0,Kołobrzeg - Kraków,Kraków Główny,Ubranie
746,2025-01-01,37106.0,Przemyśl Gł. - Poznań Gł.,Bochnia,Rzeczy Osobiste
747,2025-01-01,3800.0,Kraków Gł. - Kołobrzeg,Kołobrzeg,Reklamówka / Torba
748,2025-01-01,1620.0,Warszawa Wsch. - Wrocław Gł.,Wrocław Główny,Walizka / Plecak
749,2025-01-01,5304.0,Gdynia Gł. - Kraków Gł.,Kraków Główny,Etui
750,2025-01-01,17102.0,Warszawa Wsch. - Zielona Góra Gł.,Nowy Tomyśl,Portfel
751,2025-01-01,5424.0,Olsztyn Gł. - Racibórz,Racibórz,Walizka / Plecak
752,2025-01-01,3812.0,Przemyśl Gł. - Słupsk,Koszalin,Portfel
753,2025-01-01,1628.0,Białystok - Wrocław Gł.,Wrocław Główny,Ubranie
754,2025-01-01,265.0,Gdynia Gł. - Praha Hl. N.,Strzelin,Rzeczy Osobiste
755,2025-01-01,115.0,Praha Hl. N. - Przemyśl Gł.,Przemyśl Główny,Walizka / Plecak
756,2025-01-01,85104.0,Szczecin Gł. - Olsztyn Gł.,Olsztyn Główny,Rzeczy Osobiste
757,2025-01-01,8109.0,Szczecin Gł-Suwałki,Białystok,Reklamówka / Torba
758,2025-01-01,83100.0,Świnoujście - Rzeszów Główny,Werbkowice,Sprzęt Elektroniczny
759,2025-01-01,8320.0,Szczecin Główny - Kraków Główny,Kraków Główny,Ubranie
760,2025-01-01,16150.0,Warszawa Wsch. - Szklarska Por.G.,Szklarska Poręba Górna,Telefon
761,2025-01-01,5450.0,Gdynia Gł. - Bielsko-Biała Gł.,Warszawa Zachodnia,Reklamówka / Torba
762,2025-01-01,31108.0,Rzeszów Główny - Warszawa Zach.,Warszawa Zachodnia,Ubranie
763,2025-01-01,5220.0,Bydgoszcz Gł. - Lublin Gł.,Bydgoszcz Główna,Sprzęt Elektroniczny
764,2025-01-01,5101.0,Gdynia Gł. - Warszawa Zach.,Tczew,Rzeczy Osobiste
765,2024-12-31,13100.0,Warszawa Wsch. - Zakopane,Zakopane,Telefon
766,2024-12-31,8320.0,Szczecuin - Kraków,Kraków Główny,Książka
767,2024-12-31,3506.0,Kraków Gł. - Gdynia Gł.,Iława Główna,Rzeczy Osobiste
768,2024-12-31,73000.0,Berlin - Przemyśl,Przemyśl Bak,Etui
769,2024-12-31,6300.0,Wrocław Gł. - Przemyśl Gł.,Przemyśl Główny,Rzeczy Osobiste
770,2024-12-31,8358.0,Świnoujście-Przemyśl,Przemyśl Bakończyce,Sprzęt Elektroniczny
771,2024-12-31,83104.0,Piła Gł. - Rzeszów Główny,Wyrzysk Osiek,Rzeczy Osobiste
772,2024-12-31,6301.0,Wrocław - Przemyśl,Przemyśl Bak.,Artykuły Dziecięce
773,2024-12-31,83104.0,Piła Gł. - Rzeszów Główny,Otwock,Walizka / Plecak
774,2024-12-31,56100.0,Gdynia Gł. - Jelenia Góra,Wrocław Główny,Artykuły Dziecięce
775,2024-12-31,6300.0,Wrocław - Przemyśl,Przemyśl Bakończyce,Rzeczy Osobiste
776,2024-12-31,38100.0,Rzeszów Główny - Świnoujście,Sochaczew,Walizka / Plecak
777,2024-12-31,1104.0,Białystok-Łódź Fabr,Koluszki,Portfel
778,2024-12-31,3526.0,Kraków Gł. - Olsztyn Gł.,Warszawa Wschodnia,Etui
779,2024-12-31,5324.0,Olsztyn Główny-Kraków Główny,Kraków Główny,Sprzęt Elektroniczny
780,2024-12-31,5300.0,Gdynia Główna -Kraków Główny,Kraków Główny,Saszetka / Nerka
781,2024-12-31,73104.0,Zielona Góra Gł. - Przemyśl Gł.,Przemyśl Główny,Ubranie
782,2024-12-31,8120.0,Szczecin Gł. - Łódź Fabryczna,Jarocin,Sprzęt Sportowy
783,2024-12-31,37103.0,,Poznań Główny,Sprzęt Elektroniczny
784,2024-12-31,57104.0,Gdynia Gł. - Zielona Góra Gł.,Opalenica,Sprzęt Elektroniczny
785,2024-12-31,6520.0,Wrocław Gł. - Ełk,Białystok,Rzeczy Osobiste
786,2024-12-31,31100.0,Zakopane-Warszawa Wsch,Warszawa Olszynka Grochowska,Saszetka / Nerka
787,2024-12-31,4508.0,Gliwice - Gdynia Gł.,Gliwice,Sprzęt Elektroniczny
788,2024-12-31,6124.0,Wrocław Gł.-Białystok,Białystok,Rzeczy Osobiste
789,2024-12-31,5600.0,Gdynia Gł. - Wrocław Gł.,Wrocław Główny,Sprzęt Elektroniczny
790,2024-12-31,1306.0,Warszawa - Kraków,Kraków Główny,Sprzęt Elektroniczny
791,2024-12-31,8300.0,Kołobrzeg  - Kraków,Kraków Główny,Ubranie
792,2024-12-31,23112.0,Hrubieszów - Kraków,Kraków Główny,Ubranie
793,2024-12-31,5320.0,Olsztyn - Kraków,Kraków Główny,Rzeczy Osobiste
794,2024-12-31,16152.0,Warszawa Wsch. - Szklarska Poręba Górna,Wrocław Główny,Kosztowności
795,2024-12-31,57112.0,Olsztyn Gł. - Poznań Gł.,Mogilno,Portfel
796,2024-12-31,1122.0,Terespol - Warszawa Zach.,Warszawa Zachodnia,Sprzęt Elektroniczny
797,2024-12-31,262.0,Praha Hl. N. - Gdynia Gł.,Gdynia Główna,Rzeczy Osobiste
798,2024-12-31,65100.0,Jelenia Góra - Gdynia Gł.,Gniezno,Dokument/Y
799,2024-12-31,4520.0,Bielsko-Biała Gł. - Gdynia Gł.,Bydgoszcz Główna,Walizka / Plecak
800,2024-12-31,38102.0,Rzeszów Główny - Kołobrzeg,Białogard,Sprzęt Elektroniczny
801,2024-12-31,3560.0,Zakopane - Gdynia Gł.,Gdynia Główna,Sprzęt Sportowy
802,2024-12-31,261.0,Gdynia Gł. - Praha Hl. N.,Inowrocław,Telefon
803,2024-12-31,4508.0,Gliwice - Gdynia Gł.,Gdynia Główna,Portfel
804,2024-12-31,4502.0,Gliwice - Gdynia Gł.,Warszawa Wschodnia,Dokument/Y
805,2024-12-31,38102.0,Rzeszów Główny - Kołobrzeg,Białogard,Etui
806,2024-12-30,1628.0,Białystok - Wrocław Gł.,Wrocław Główny,Ubranie
807,2024-12-30,,,Wrocław Główny,Saszetka / Nerka
808,2024-12-30,3506.0,Kraków Gł. - Gdynia Gł.,Gdynia Główna,Walizka / Plecak
809,2024-12-30,63106.0,Jelenia Góra - Kraków,Kraków Główny,Sprzęt Elektroniczny
810,2024-12-30,,,Wrocław Główny,Rzeczy Osobiste
811,2024-12-30,1306.0,Warszawa Wschodnia - Kraków Główny,Kraków Główny,Ubranie
812,2024-12-30,51100.0,Gdynia Gł. - Łódź Fabryczna,Prabuty,Reklamówka / Torba
813,2024-12-30,7324.0,Poznań - Kraków,Kraków Główny,Rzeczy Osobiste
814,2024-12-30,31106.0,Przemyśl Gł. - Warszawa Wsch.,Warszawa Wschodnia,Sprzęt Elektroniczny
815,2024-12-30,8322.0,Szczecin Główny - Kraków Główny,Kraków Główny,Reklamówka / Torba
816,2024-12-30,1310.0,Warszawa Wschodnia -Kraków Główny,Kraków Główny,Ubranie
817,2024-12-30,31107.0,Przemyśl - Warszawa,Warszawa Olszynka Grochowska,Artykuły Muzyczne
818,2024-12-30,4120.0,Bielsko-Biała Gł. - Białystok,Warszawa Centralna,Portfel
819,2024-12-30,73106.0,Poznań Gł. - Przemyśl Gł.,Dębica,Sprzęt Elektroniczny
820,2024-12-30,8108.0,Szczecin Gł. - Suwałki,Białystok,Artykuły Muzyczne
821,2024-12-30,1127.0,Terespol-Warszawa,Warszawa Olszynka Grochowska,Sprzęt Elektroniczny
822,2024-12-30,57104.0,Gdynia Gł. - Zielona Góra Gł.,Zbąszynek,Reklamówka / Torba
823,2024-12-30,6220.0,Wrocław Gł. - Kielce Główne,Kielce Główne,Rzeczy Osobiste
824,2024-12-30,,,Wrocław Główny,Sprzęt Elektroniczny
825,2024-12-30,13000.0,Mockava - Kraków,Kraków Główny,Ubranie
826,2024-12-30,3506.0,Kraków Gł. - Gdynia Gł.,Gdynia Główna,Ubranie
827,2024-12-30,45104.0,Bielsko-Biała Gł. - Gdynia Gł.,Gdynia Główna,Rzeczy Osobiste
828,2024-12-30,73150.0,Poznań-Zakopane,Kraków Główny,Walizka / Plecak
829,2024-12-30,7102.0,Zielona Góra Gł. - Warszawa Wsch.,Warszawa Wschodnia,Walizka / Plecak
830,2024-12-30,51104.0,Gdynia Gł. - Łódź Fabryczna,Skierniewice,Walizka / Plecak
831,2024-12-30,3812.0,Przemyśl Gł. - Słupsk,Koszalin,Ubranie
832,2024-12-30,83100.0,Świnoujście - Rzeszów Główny,Warszawa Wschodnia,Telefon
833,2024-12-30,8305.0,Kołobrzeg- Kraków Główny,Kraków Główny,Ubranie
834,2024-12-30,8300.0,Kołobrzeg - Kraków Główny,Kraków Główny,Ubranie
835,2024-12-30,1306.0,Warszawa Wschodnia - Kraków Główny,Kraków Główny,Reklamówka / Torba
836,2024-12-30,3101.0,Kraków Gł. - Warszawa Wsch.,Warszawa Olszynka Grochowska,Sprzęt Elektroniczny
837,2024-12-30,7322.0,Poznań Gł. - Kraków Gł.,Kraków Główny,Etui
838,2024-12-30,25100.0,Chełm - Bydgoszcz Gł.,Toruń Główny,Sprzęt Elektroniczny
839,2024-12-30,16104.0,Białystok - Wrocław Gł.,Wrocław Główny,Sprzęt Elektroniczny
840,2024-12-30,51106.0,Gdynia Gł. - Łódź Fabryczna,Łódź Fabryczna,Reklamówka / Torba
841,2024-12-29,3508.0,Rzeszów Główny - Gdynia Gł.,Gdynia Główna,Ubranie
842,2024-12-29,5320.0,Olsztyn Gł. - Kraków Gł.,Kraków Główny,Ubranie
843,2024-12-29,1000.0,Łódź Fabryczna - Białystok,Skierniewice,Książka
844,2024-12-29,5360.0,Gdynia Gł. - Zakopane,Zakopane,Artykuły Muzyczne
845,2024-12-29,25102.0,Lulin-Bydgoszcz Gł.,Bydgoszcz Główna,Dokument/Y
846,2024-12-29,85102.0,Szczecin Gł. - Olsztyn Gł.,Pasłęk,Artykuły Spożywcze
847,2024-12-29,32100.0,Kraków Gł. - Lublin Gł.,Lublin Główny,Walizka / Plecak
848,2024-12-29,3800.0,Kraków Gł. - Kołobrzeg,Kołobrzeg,Telefon
849,2024-12-29,4522.0,Katowice - Gdynia Gł.,Gdynia Główna,Rzeczy Osobiste
850,2024-12-29,1122.0,Terespol - Warszawa Zach.,Warszawa Zachodnia,Sprzęt Elektroniczny
851,2024-12-29,1306.0,Warszawa Wsch. - Kraków Gł.,Kraków Główny,Rzeczy Osobiste
852,2024-12-29,80102.0,Gorzów Wlkp. - Piła Gł.,Piła Główna,Rzeczy Osobiste
853,2024-12-29,83192.0,Szczecin Gł. - Zakopane,Nowy Targ,Rzeczy Osobiste
854,2024-12-29,6520.0,Wrocław Gł. - Ełk,Tłuszcz,Sprzęt Elektroniczny
855,2024-12-29,17100.0,Warszawa Wsch. - Zielona Góra Gł.,Gorzów Wielkopolski,Rzeczy Osobiste
856,2024-12-29,5602.0,Olsztyn Gł. - Wrocław Gł.,Wrocław Główny,Rzeczy Osobiste
857,2024-12-29,1306.0,Warszawa-Kraków,Kraków Główny,Książka
858,2024-12-29,73100.0,Poznań Gł. - Kraków Gł.,Kraków Główny,Reklamówka / Torba
859,2024-12-29,460.0,Praha Hl. N. - Gdynia Gł.,Gdynia Główna,Obuwie
860,2024-12-29,71100.0,Zielona Góra Gł. - Warszawa Wsch.,Warszawa Wschodnia,Książka
861,2024-12-29,44000.0,Wiedeń - Katowice,Katowice,Sprzęt Elektroniczny
862,2024-12-29,61150.0,Szklarska Por.G. - Warszawa Wsch.,Jaworzyna Śląska,Rzeczy Osobiste
863,2024-12-29,5334.0,Bydgoszcz Gł. - Kraków Gł.,Miechów,Rzeczy Osobiste
864,2024-12-29,38102.0,Rzeszów Główny - Kołobrzeg,Sochaczew,Rzeczy Osobiste
865,2024-12-29,83106.0,Szczecin Gł. - Zakopane,Zakopane,Ubranie
866,2024-12-29,1634.0,Warszawa Wsch. - Wrocław Gł.,Wrocław Główny,Walizka / Plecak
867,2024-12-29,38106.0,Zakopane - Szczecin Gł.,Gliwice,Książka
868,2024-12-29,38192.0,Zakopane - Szczecin Gł.,Zakopane,Telefon
869,2024-12-29,8120.0,Szczecin Gł-Łodź Fabryczna,Łódź Widzew,Sprzęt Elektroniczny
870,2024-12-29,6102.0,Wrocław Gł. - Warszawa Wsch.,Częstochowa Stradom,Rzeczy Osobiste
871,2024-12-29,5124.0,Bydgoszcz Gł. - Warszawa Wsch.,Warszawa Wschodnia,Portfel
872,2024-12-29,3506.0,Kraków Gł. - Gdynia Gł.,Gdynia Główna,Ubranie
873,2024-12-29,5306.0,Gdynia Główna - Kraków Główny,Kraków Główny,Artykuły Spożywcze
874,2024-12-28,13100.0,Warszawa Wsch. - Zakopane,Zakopane,Książka
875,2024-12-28,2720.0,Lublin - Poznań,Poznań Główny,Sprzęt Elektroniczny
876,2024-12-28,83102.0,Kołobrzeg - Rzeszów Główny,Rzeszów Główny,Ubranie
877,2024-12-28,81114.0,Kołobrzeg-Łódź Fabryczna,Łodź,Reklamówka / Torba
878,2024-12-28,5326.0,Olsztyn Gł. - Kraków Gł.,Kraków Główny,Reklamówka / Torba
879,2024-12-28,20101.0,Lublin Gł. - Hrubieszów Miasto,Hrubieszów Miasto,Ubranie
880,2024-12-28,3534.0,Kraków Gł. - Bydgoszcz Gł.,Bydgoszcz Główna,Ubranie
881,2024-12-28,51102.0,Gdynia Gł. - Łódź Fabryczna,Łódź Fabryczna,Sprzęt Elektroniczny
882,2024-12-28,83172.0,Świnoujście - Przemyśl Gł.,Przemyśl Główny,Ubranie
883,2024-12-28,72100.0,Poznań Gł-Lublin Gł,Lublin Główny,Sprzęt Elektroniczny
884,2024-12-28,1302.0,Warszawa Wsch. - Kraków Gł.,Kraków Główny,Rzeczy Osobiste
885,2024-12-28,15104.0,Łódź Fabryczna - Gdynia Gł.,Warszawa Centralna,Portfel
886,2024-12-28,18154.0,Łódź Fabryczna - Kołobrzeg,Kołobrzeg,Ubranie
887,2024-12-28,4500.0,Bielsko-Biała Gł. - Gdynia Gł.,Bielsko-Biała Główna,Ubranie
888,2024-12-28,4522.0,Katowice - Gdynia Gł.,Gdynia Główna,Reklamówka / Torba
889,2024-12-28,8358.0,Świnoujście - Przemyśl Gł.,Bochnia,Sprzęt Sportowy
890,2024-12-28,25100.0,Chełm - Bydgoszcz Gł.,Bydgoszcz Główna,Artykuły Medyczne
891,2024-12-28,75102.0,Poznań Gł. - Olsztyn Gł.,Olsztyn Główny,Saszetka / Nerka
892,2024-12-28,51111.0,Gdynia -Warszawa,Warszawa Olszynka Grochowska,Sprzęt Elektroniczny
893,2024-12-28,86104.0,Kołobrzeg - Wrocław Gł.,Wrocław Główny,Etui
894,2024-12-28,24103.0,Kielce Główne - Katowice,Katowice,Reklamówka / Torba
895,2024-12-28,16104.0,Białystok - Wrocław Gł.,Wrocław Główny,Dokument/Y
896,2024-12-28,5600.0,Gdynia Gł. - Wrocław Gł.,Wrocław Główny,Reklamówka / Torba
897,2024-12-28,45104.0,Bielsko-Biała Gł. - Gdynia Gł.,Bydgoszcz Główna,Sprzęt Agd
898,2024-12-28,5310.0,Gdynia - Kraków,Kraków Główny,Rzeczy Osobiste
899,2024-12-28,5320.0,Olsztyn Główny -Kraków Główny,Kraków Główny,Ubranie
900,2024-12-28,73104.0,Zielona Góra Gł. - Przemyśl Gł.,Jarosław,Sprzęt Elektroniczny
901,2024-12-28,5306.0,Gdynia-Kraków,Kraków Główny,Książka
902,2024-12-28,1524.0,Warszawa Wsch. - Bydgoszcz Gł.,Bydgoszcz Główna,Ubranie
903,2024-12-28,406.0,München Hbf - Warszawa Wsch.,Kraków Główny,Sprzęt Turystyczny
904,2024-12-28,265.0,Gdynia Gł. - Praha Hl. N.,Wrocław Główny,Walizka / Plecak
905,2024-12-28,7324.0,Poznań - Kraków,Kraków Główny,Ubranie
906,2024-12-28,83171.0,Kołobrzeg - Kraków,Kraków Główny,Sprzęt Elektroniczny
907,2024-12-28,82160.0,Szczecin Gł. - Lublin Gł.,Lubliniec,Etui
908,2024-12-28,23107.0,Lublin-Kraków,Kraków Główny,Książka
909,2024-12-28,2702.0,Lublin Gł. - Zielona Góra Gł.,Zielona Góra Główna,Rzeczy Osobiste
910,2024-12-28,61106.0,Wrocław-Białystok,Białystok,Dokument/Y
911,2024-12-28,38172.0,Przemyśl Gł. - Świnoujście,Rawicz,Sprzęt Elektroniczny
912,2024-12-27,1220.0,Warszawa Zachodnia -Lublni Gł,Lublin Główny,Walizka / Plecak
913,2024-12-27,54104.0,Gdynia Gł. - Bielsko-Biała Gł.,Bielsko-Biała Główna,Saszetka / Nerka
914,2024-12-27,,,Wrocław Główny,Rzeczy Osobiste
915,2024-12-27,5224.0,Bydgoszcz Gł. - Lublin Gł.,Lublin Główny,Walizka / Plecak
916,2024-12-27,83170.0,Kołobrzeg - Kraków Główny,Kraków Główny,Ubranie
917,2024-12-27,8300.0,Kołobrzeg - Kraków Główny,Kraków Główny,Sprzęt Elektroniczny
918,2024-12-27,1306.0,Warszawa Wschodnia - Kraków Główny,Kraków Główny,Rzeczy Osobiste
919,2024-12-27,8300.0,Kołobrzeg - Kraków Gł.,Kraków Główny,Saszetka / Nerka
920,2024-12-27,1306.0,Warszawa Wschodnia - Kraków Główny,Kraków Główny,Książka
921,2024-12-27,83170.0,Kołobrzeg - Kraków Główny,Kraków Główny,Sprzęt Turystyczny
922,2024-12-27,35104.0,Zakopane - Gdynia Gł.,Gdynia Główna,Walizka / Plecak
923,2024-12-27,4508.0,Gliwice - Gdynia Gł.,Gdynia Główna,Ubranie
924,2024-12-27,15104.0,Łódź Fabryczna - Gdynia Gł.,Działdowo,Sprzęt Elektroniczny
925,2024-12-27,36101.0,Przemyśl Gł. - Wrocław Gł.,Wrocław Główny,Ubranie
926,2024-12-27,83172.0,,Warszawa Olszynka Grochowska,Sprzęt Elektroniczny
927,2024-12-27,73000.0,Berlin-Przemyśl Gł.,Przemyśl  Gł.,Rzeczy Osobiste
928,2024-12-27,78172.0,Poznań Gł. - Słupsk,Koszalin,Telefon
929,2024-12-27,26102.0,Lublin Gł. - Wrocław Gł.,Wrocław Główny,Walizka / Plecak
930,2024-12-27,1320.0,Warszawa Wschodnia - Kraków Główny,Kraków Główny,Ubranie
931,2024-12-27,15102.0,Łódź Fabryczna - Gdynia Gł.,Gdynia Główna,Walizka / Plecak
932,2024-12-27,1102.0,Białystok - Łódź Fabryczna,Łódź Fabryczna,Reklamówka / Torba
933,2024-12-27,5424.0,Olsztyn Gł. - Racibórz,Racibórz,Telefon
934,2024-12-27,83106.0,Szczecin Gł. - Zakopane,Chabówka Stadion,Reklamówka / Torba
935,2024-12-27,,,Wrocław - Wars,Sprzęt Elektroniczny
936,2024-12-27,1006.0,Łódź Fabryczna - Białystok,Łódź Fabryczna,Sprzęt Elektroniczny
937,2024-12-27,65102.0,Wrocław Gł. - Olsztyn Gł.,Olsztyn Główny,Walizka / Plecak
938,2024-12-27,1102.0,Białystok - Łódź Fabryczna,Łódź Fabryczna,Ubranie
939,2024-12-27,63100.0,Wrocław Gł. - Przemyśl Gł.,Katowice,Reklamówka / Torba
940,2024-12-27,41011.0,Bohumin - Warszawa,Warszawa Olszynka Grochowska,Reklamówka / Torba
941,2024-12-27,3121.0,Kraków - Warszawa,Warszawa Olszynka Grochowska,Walizka / Plecak
942,2024-12-27,6122.0,Wrocław Gł. - Warszawa Wsch.,Warszawa Wschodnia,Sprzęt Elektroniczny
943,2024-12-27,1422.0,Warszawa Wsch. - Bielsko-Biała Gł.,Bielsko-Biała Główna,Sprzęt Turystyczny
944,2024-12-27,83100.0,Świnoujście - Rzeszów Główny,Rzeszów Główny,Walizka / Plecak
945,2024-12-27,5304.0,Gdynia - Kraków,Kraków Główny,Ubranie
946,2024-12-27,5304.0,Gdynia - Kraków,Kraków Główny,Rzeczy Osobiste
947,2024-12-27,1310.0,Warszawa - Kraków,Kraków Główny,Książka
948,2024-12-27,5320.0,Olsztyn - Kraków,Kraków Główny,Ubranie
949,2024-12-27,8320.0,Szczecin Główny -Kraków Główny,Kraków Główny,Książka
950,2024-12-27,83170.0,Kołobrzeg - Kraków,Kraków Główny,Ubranie
951,2024-12-26,7322.0,Poznań Główny-Kraków Główny,Kraków Główny,Etui
952,2024-12-26,51104.0,Gdynia Gł. - Łódź Fabryczna,Sopot,Telefon
953,2024-12-26,56100.0,Gdynia - Jelenia Góra,Wrocław Główny,Sprzęt Elektroniczny
954,2024-12-26,49.0,Berlin Hbf - Warszawa Wsch.,Warszawa Wschodnia,Telefon
955,2024-12-26,1524.0,Warszawa Wsch. - Bydgoszcz Gł.,Bydgoszcz Główna,Reklamówka / Torba
956,2024-12-26,1604.0,Warszawa Wsch. - Wrocław Gł.,Wrocław Główny,Artykuły Spożywcze
957,2024-12-26,231.0,Berlin Hbf - Gdynia Gł.,Gdynia Główna,Dokument/Y
958,2024-12-26,81114.0,Kołobrzeg - Łódź Fabryczna,Malbork,Ubranie
959,2024-12-26,8300.0,Kołobrzeg- Kraków Główny,Kraków Główny,Książka
960,2024-12-26,1604.0,Warszawa Wsch. - Wrocław Gł.,Wrocław Główny,Sprzęt Elektroniczny
961,2024-12-26,8302.0,Świnoujście - Kraków Główny,Kraków Główny,Reklamówka / Torba
962,2024-12-26,71009.0,Berlin - Warszawa Wsch.,Warszawa Olszynka Grochowska,Książka
963,2024-12-26,37100.0,,Poznań Główny,Rzeczy Osobiste
964,2024-12-26,86100.0,Kołobrzeg - Wrocław Gł.,Białogard,Obuwie
965,2024-12-26,83170.0,Kołobrzeg- Kraków Główny,Kraków Główny,Ubranie
966,2024-12-26,75102.0,Poznań Gł. - Olsztyn Gł.,Olsztyn Główny,Ubranie
967,2024-12-26,8108.0,Szczecin Główny - Suwałki,Szczecin Główny,Dokument/Y
968,2024-12-26,5130.0,Bydgoszcz Gł. - Warszawa Zach.,Toruń Główny,Telefon
969,2024-12-26,65102.0,Wrocław Gł. - Olsztyn Gł.,Olsztyn Główny,Książka
970,2024-12-26,27100.0,Lublin Gł. - Poznań Gł.,Sochaczew,Rzeczy Osobiste
971,2024-12-26,13100.0,Warszawa Wsch. - Zakopane,Zakopane,Sprzęt Elektroniczny
972,2024-12-26,16102.0,Warszawa Wsch. - Wrocław Gł.,Wrocław Główny,Rzeczy Osobiste
973,2024-12-26,83170.0,Kołobrzeg- Kraków Główny,Kraków Główny,Sprzęt Elektroniczny
974,2024-12-26,61104.0,Wrocław Białystok,Białystok,Portfel
975,2024-12-26,8320.0,Szczecin - Kraków,Kraków Główny,Ubranie
976,2024-12-26,17100.0,Warszawa Wsch. - Zielona Góra Gł.,Babimost,Etui
977,2024-12-26,8102.0,Szczecin Gł. - Warszawa Wsch.,Warszawa Wschodnia,Kosztowności
978,2024-12-26,3112.0,Kraków Gł. - Warszawa Wsch.,Warszawa Wschodnia,Ubranie
979,2024-12-26,8300.0,Kołobrzeg- Kraków Główny,Kraków Główny,Artykuły Biurowe
980,2024-12-26,4500.0,Bielsko-Biała Gł. - Gdynia Gł.,Gdynia Główna,Rzeczy Osobiste
981,2024-12-26,49.0,Berlin Hbf - Warszawa Wsch.,Warszawa Wschodnia,Ubranie
982,2024-12-26,84100.0,Piła Gł-Warszawa,Warszawa Wschodnia,Walizka / Plecak
983,2024-12-25,53104.0,Gdynia Gł. - Zakopane,Zakopane,Reklamówka / Torba
984,2024-12-25,247.0,Berlin Hbf - Warszawa Wsch.,Warszawa Centralna,Reklamówka / Torba
985,2024-12-25,3506.0,Kraków Gł. - Gdynia Gł.,Gdynia Główna,Etui
986,2024-12-25,63172.0,Wrocław Gł. - Przemyśl Gł.,Przemyśl Główny,Reklamówka / Torba
987,2024-12-25,91130.0,Łódź Fabryczna - Warszawa Wsch.,Warszawa Wschodnia,Reklamówka / Torba
988,2024-12-25,84100.0,Przemyśl Gł. - Katowice,Katowce,Telefon
989,2024-12-25,5326.0,Szczecin - Kraków,Kraków Główny,Ubranie
990,2024-12-25,1530.0,Warszawa Zach. - Bydgoszcz Gł.,Toruń Miasto,Ubranie
991,2024-12-25,5326.0,Olsztyn Główny - Kraków Główny,Kraków Główny,Ubranie
992,2024-12-25,83106.0,Szczecin Gł. - Zakopane,Zakopane,Ubranie
993,2024-12-25,53104.0,Gdynia Gł. - Zakopane,Zakopane,Ubranie
994,2024-12-25,5700.0,Gdynia Gł. - Poznań Gł.,Poznań Główny,Saszetka / Nerka
995,2024-12-25,73106.0,Poznań Gł. - Przemyśl Gł.,Przemyśl Główny,Walizka / Plecak
996,2024-12-25,5620.0,Ełk - Wrocław Gł.,Wrocław Główny,Ubranie
997,2024-12-25,54104.0,Gdynia Gł. - Bielsko-Biała Gł.,Opole Główne,Walizka / Plecak
998,2024-12-25,88100.0,Piła Gł. - Szczecin Gł.,Recz Pomorski,Reklamówka / Torba
999,2024-12-25,83102.0,Kołobrzeg - Rzeszów Główny,Bydgoszcz Główna,Etui
1000,2024-12-25,32104.0,Kraków Gł. - Lublin Gł.,Lublin Główny,Artykuły Dziecięce
1001,2024-12-25,6132.0,Zgorzelec - Warszawa Wsch.,Warszawa Wschodnia,Ubranie
1002,2024-12-25,85102.0,Szczecin Gł. - Olsztyn Gł.,Olsztyn Główny,Ubranie
1003,2024-12-25,4160.0,Wisła Uzdr. - Warszawa Wsch.,Miechów,Ubranie
1004,2024-12-24,3804.0,Kraków Gł. - Kołobrzeg,Kołobrzeg,Ubranie
1005,2024-12-24,73102.0,Poznań Gł. - Przemyśl Gł.,Przemyśl Główny,Ubranie
1006,2024-12-24,263.0,Gdynia Gł. - Praha Hl.N.,Wrocław Główny,Sprzęt Elektroniczny
1007,2024-12-24,37102.0,Przemyśl Gł. - Poznań Gł.,Opole Główne,Kosztowności
1008,2024-12-24,3524.0,Kraków Gł. - Olsztyn Gł.,Olsztyn Główny,Sprzęt Turystyczny
1009,2024-12-24,85102.0,Szczecin Gł. - Olsztyn Gł.,Olsztyn Główny,Artykuły Muzyczne
1010,2024-12-24,8110.0,Szczecin Gł. - Warszawa Wsch.,Warszawa Wschodnia,Sprzęt Elektroniczny
1011,2024-12-24,45.0,Berlin Gesundbrunnen - Warszawa Wsch.,Warszawa Wschodnia,Rzeczy Osobiste
1012,2024-12-24,6300.0,Wrocław Gł. - Przemyśl Gł.,Bochnia,Sprzęt Turystyczny
1013,2024-12-24,130.0,Zebrzydowice - Warszawa Wsch.,Pszczyna,Walizka / Plecak
1014,2024-12-24,1624.0,Białystok - Wrocław Gł.,Wrocław Główny,Książka
1015,2024-12-24,6124.0,Wrocław Gł. - Białystok,Wołomin,Walizka / Plecak
1016,2024-12-24,5330.0,Olsztyn Gł. - Kraków Gł.,Warszawa Służewiec,Telefon
1017,2024-12-24,51102.0,Gdynia Gł. - Łódź Fabryczna,Ciechanów,Reklamówka / Torba
1018,2024-12-24,54104.0,Gdynia Gł. - Bielsko-Biała Gł.,Oborniki Śląskie,Reklamówka / Torba
1019,2024-12-24,73104.0,Zielona Góea-Przemyśl Gł,Przemyśl Główny,Saszetka / Nerka
1020,2024-12-24,5402.0,Gdynia Gł. - Bielsko-Biała Gł.,Bielsko-Biała Główna,Rzeczy Osobiste
1021,2024-12-24,460.0,Praha Hl. N. - Gdynia Gł.,Gdynia Główna,Walizka / Plecak
1022,2024-12-24,85104.0,Szczecin   Olsztyn,Olsztyn Główny,Sprzęt Elektroniczny
1023,2024-12-24,5320.0,Olsztyn-Kraków,Kraków Główny,Rzeczy Osobiste
1024,2024-12-24,6504.0,Wrocław Gł. - Gdynia Gł.,Gdańsk Oliwa,Sprzęt Elektroniczny
1025,2024-12-24,5328.0,Olsztyn Gł. - Kraków Gł.,Suchedniów,Sprzęt Elektroniczny
1026,2024-12-24,75102.0,Poznań Gł. - Olsztyn Gł.,Olsztyn Główny,Ubranie
1027,2024-12-24,5404.0,Gdynia Gł. - Gliwice,Gliwice,Ubranie
1028,2024-12-24,8314.0,Szczecin - Kraków,Kraków Główny,Sprzęt Elektroniczny
1029,2024-12-24,4506.0,Bielsko-Biała Gł. - Gdynia Gł.,Gdynia Główna,Ubranie
1030,2024-12-24,5324.0,Olsztyn Główny -Kraków Główny,Kraków Główny,Rzeczy Osobiste
1031,2024-12-24,3804.0,Kraków Gł. - Kołobrzeg,Kołobrzeg,Sprzęt Elektroniczny
1032,2024-12-24,8300.0,Kołobrzeg-Kraków,Kraków Główny,Sprzęt Elektroniczny
1033,2024-12-24,70108.0,Poznań Gł. - Zielona Góra Gł.,Zielona Góra Główna,Telefon
1034,2024-12-24,15104.0,Łódź Fabryczna - Gdynia Gł.,Gdynia Główna,Walizka / Plecak
1035,2024-12-23,2522.0,Lublin Gł. - Bydgoszcz Gł.,Bydgoszcz Główna,Rzeczy Osobiste
1036,2024-12-23,3124.0,Kraków Gł. - Warszawa Wsch.,Warszawa Wschodnia,Reklamówka / Torba
1037,2024-12-23,8320.0,Szczecin-Kraków,Kraków Główny,Rzeczy Osobiste
1038,2024-12-23,8308.0,Szczecin Gł. - Przemyśl Gł.,Bochnia,Walizka / Plecak
1039,2024-12-23,17102.0,Warszawa Wsch. - Zielona Góra Gł.,Zielona Góra Główna,Książka
1040,2024-12-23,26104.0,Lublin Gł. - Wrocław Gł.,Wrocław Główny,Sprzęt Elektroniczny
1041,2024-12-23,54100.0,Gdynia Gł. - Bielsko-Biała Gł.,Leszno,Sprzęt Elektroniczny
1042,2024-12-23,38108.0,Zakopane - Szczecin Gł.,Kraków Główny,Portfel
1043,2024-12-23,202.0,Bohumin - Wrocław Gł.,Wrocław Główny,Rzeczy Osobiste
1044,2024-12-23,16102.0,Warszawa Wsch. - Wrocław Gł.,Wrocław Główny,Reklamówka / Torba
1045,2024-12-23,61151.0,Szklarska Poręba -Warszawa Wschodnia,Warszawa Olszynka Grochowska,Dokument/Y
1046,2024-12-23,72100.0,Poznań Gł. - Lublin Gł.,Pilawa,Rzeczy Osobiste
1047,2024-12-23,83173.0,Świnoujście-Przemyśl Gł.,Przemyśl Główny,Parasol
1048,2024-12-23,5330.0,Olsztyn Główy -Kraków Główny,Kraków Główny,Sprzęt Elektroniczny
1049,2024-12-23,5422.0,Gdynia Gł. - Katowice,Gdańsk Główny,Etui
1050,2024-12-23,4524.0,Racibórz - Olsztyn Gł.,Olsztyn Zachodni,Artykuły Spożywcze
1051,2024-12-23,8320.0,Szczecin Gł. - Kraków Gł.,Miechów,Etui
1052,2024-12-23,83104.0,Piła Gł. - Rzeszów Główny,Sochaczew,Dokument/Y
1053,2024-12-23,38108.0,Zakopane - Szczecin Gł.,Kraków Główny,Walizka / Plecak
1054,2024-12-23,5400.0,Gdynia Gł. - Gliwice,Warszawa Wschodnia,Sprzęt Elektroniczny
1055,2024-12-23,83104.0,Piła Gł. - Rzeszów Główny,Rzeszów Główny,Walizka / Plecak
1056,2024-12-23,83172.0,Świnoujście - Przemyśl Gł.,Dębica,Rzeczy Osobiste
1057,2024-12-23,51110.0,Gdynia Gł. - Warszawa Wsch.,Czeremcha,Ubranie
1058,2024-12-23,5332.0,Olsztyn Gł. - Kraków Gł.,Kraków Główny,Ubranie
1059,2024-12-23,85100.0,Szczecin Gł. - Gdańsk Gł.,Gdańsk Główny,Sprzęt Agd
1060,2024-12-23,7324.0,Poznań Gł. - Kraków Gł.,Krzeszowice,Sprzęt Elektroniczny
1061,2024-12-23,3822.0,Kraków Gł. - Szczecin Gł.,Poznań Główny,Portfel
1062,2024-12-23,3534.0,Kraków Gł. - Bydgoszcz Gł.,Zgierz,Rzeczy Osobiste
1063,2024-12-23,5320.0,Olsztyn - Kraków,Kraków Główny,Ubranie
1064,2024-12-23,,3720,Poznań Główny,Sprzęt Elektroniczny
1065,2024-12-23,1302.0,Warszawa - Kraków,Kraków Główny,Książka
1066,2024-12-23,1628.0,Białystok - Wrocław Gł.,Pabianice,Walizka / Plecak
1067,2024-12-23,8300.0,Kołobrzeg -Kraków Główny,Kraków Główny,Etui
1068,2024-12-23,8300.0,Kołobrzeg -Kraków Główny,Kraków Główny,Ubranie
1069,2024-12-23,75102.0,Poznań Gł. - Olsztyn Gł.,Olsztyn Główny,Reklamówka / Torba
1070,2024-12-23,13108.0,Warszawa Zach. - Rzeszów Główny,Rzeszów Główny,Sprzęt Elektroniczny
1071,2024-12-22,53170.0,Gdynia Gł. - Zakopane,Chabówka Stadion,Sprzęt Turystyczny
1072,2024-12-22,83172.0,Świnoujście - Przemyśl Gł.,Przemyśl Główny,Rzeczy Osobiste
1073,2024-12-22,5600.0,Gdynia Gł. - Wrocław Gł.,Wrocław Główny,Reklamówka / Torba
1074,2024-12-22,4506.0,Bielsko-Biała Gł. - Gdynia Gł.,Gdynia Główna,Ubranie
1075,2024-12-22,4522.0,Katowice - Gdynia Gł.,Solec Kujawski,Portfel
1076,2024-12-22,4524.0,Racibórz - Olsztyn Gł.,Olsztyn Główny,Ubranie
1077,2024-12-22,1624.0,Białystok - Wrocław Gł.,Wrocław Główny,Portfel
1078,2024-12-22,81154.0,Kołobrzeg - Łódź Fabryczna,Tczew,Artykuły Dziecięce
1079,2024-12-22,5320.0,Olsztyn Gł. - Kraków Gł.,Olsztyn Główny,Walizka / Plecak
1080,2024-12-22,52102.0,Bydgoszcz Gł. - Lublin Gł.,Lublin Główny,Ubranie
1081,2024-12-22,8320.0,Szczecin Gł. - Kraków Gł.,Kraków Główny,Artykuły Dziecięce
1082,2024-12-22,62102.0,Wrocław Gł. - Lublin Gł.,Lublin Główny,Ubranie
1083,2024-12-22,20101.0,Lublin Gł. - Hrubieszów Miasto,Hrubieszów Miasto,Reklamówka / Torba
1084,2024-12-22,3510.0,Kraków Gł. - Gdynia Gł.,Gdynia Główna,Rzeczy Osobiste
1085,2024-12-22,1634.0,Warszawa Wsch. - Wrocław Gł.,Wrocław Główny,Etui
1086,2024-12-22,62104.0,Wrocław Gł. - Lublin Gł.,Lublin Główny,Walizka / Plecak
1087,2024-12-22,5330.0,Olsztyn - Kraków,Kraków Główny,Sprzęt Elektroniczny
1088,2024-12-22,7202.0,Zielona Góra Gł. - Lublin Gł.,Lublin Główny,Walizka / Plecak
1089,2024-12-22,3812.0,Przemyśl Gł. - Słupsk,Sławno,Sprzęt Elektroniczny
1090,2024-12-22,38104.0,Rzeszów Główny - Piła Gł.,Piła Główna,Parasol
1091,2024-12-22,11150.0,Terespol - Warszawa Wsch.,Warszawa Wschodnia,Sprzęt Elektroniczny
1092,2024-12-22,75100.0,Poznań Gł. - Olsztyn Gł.,Ostróda,Parasol
1093,2024-12-22,65102.0,Wrocław Gł. - Olsztyn Gł.,Olsztyn Główny,Ubranie
1094,2024-12-22,4121.0,Bielsko Biała- Białystok,Białystok,Reklamówka / Torba
1095,2024-12-22,70108.0,Poznań Gł. - Zielona Góra Gł.,Zielona Góra Główna,Sprzęt Elektroniczny
1096,2024-12-22,38106.0,Zakopane - Szczecin Gł.,Jarocin,Kosztowności
1097,2024-12-22,54100.0,Gdynia Gł. - Bielsko-Biała Gł.,Czechowice-Dziedzice,Reklamówka / Torba
1098,2024-12-22,8300.0,Kołobrzeg - Kraków Główny,Kraków Główny,Ubranie
1099,2024-12-22,8300.0,Kołobrzeg - Kraków Główny,Kraków Główny,Obuwie
1100,2024-12-22,1320.0,Warszawa Wschodnia - Kraków Główny,Kraków Główny,Sprzęt Elektroniczny
1101,2024-12-22,37106.0,Przemyśl Gł. - Poznań Gł.,Strzelce Opolskie,Dokument/Y
1102,2024-12-22,83172.0,Świnoujście - Przemyśl Gł.,Przemyśl Główny,Reklamówka / Torba
1103,2024-12-21,1322.0,Warszawa Wsch. - Kraków Gł.,Kraków Główny,Reklamówka / Torba
1104,2024-12-21,1628.0,Białystok - Wrocław Gł.,Wrocław Główny,Walizka / Plecak
1105,2024-12-21,17102.0,Warszawa Wsch. - Zielona Góra Gł.,Sulechów,Dokument/Y
1106,2024-12-21,38108.0,Zakopane - Szczecin Gł.,Nowy Dwór Mazowiecki,Rzeczy Osobiste
1107,2024-12-21,47100.0,Katowice-Poznań,Poznań Główny,Portfel
1108,2024-12-21,8108.0,Szczecin Gł. - Suwałki,Dąbrowa Białostocka,Walizka / Plecak
1109,2024-12-21,202.0,Bohumin - Wrocław Gł.,Opole Główne,Saszetka / Nerka
1110,2024-12-21,8320.0,Szczecin Gł. - Kraków Gł.,Kraków Główny,Kosztowności
1111,2024-12-21,81114.0,Kołobrzeg - Łódź Fabryczna,Kołobrzeg,Parasol
1112,2024-12-21,56102.0,Olsztyn Gł. - Wrocław Gł.,Wrocław Główny,Rzeczy Osobiste
1113,2024-12-21,112.0,Praha - Warszawa,Katowice,Sprzęt Sportowy
1114,2024-12-21,263.0,Gdynia Gł. - Praha Hl. N.,Wrocław Główny,Dokument/Y
1115,2024-12-21,1622.0,Warszawa Wsch. - Wrocław Gł.,Wrocław Główny,Sprzęt Elektroniczny
1116,2024-12-21,5300.0,Gdynia Główna - Kraków Główny,Kraków Główny,Ubranie
1117,2024-12-21,1322.0,Warszawa Wschodnia - Kraków Główny,Kraków Główny,Sprzęt Elektroniczny
1118,2024-12-21,85104.0,Szczecin Gł. - Olsztyn Gł.,Olsztyn Główny,Sprzęt Elektroniczny
1119,2024-12-21,32103.0,Katowice-Lublin Gł.,Lublin Główny,Reklamówka / Torba
1120,2024-12-21,4524.0,Racibórz - Olsztyn Gł.,Olsztyn Główny,Parasol
1121,2024-12-21,4524.0,Racibórz - Olsztyn Gł.,Olsztynek,Ubranie
1122,2024-12-21,7324.0,Poznań Gł. - Kraków Gł.,Kraków Główny,Artykuły Biurowe
1123,2024-12-21,5600.0,Gdynia Gł. - Wrocław Gł.,Oborniki Śląskie,Sprzęt Elektroniczny
1124,2024-12-21,57102.0,Olsztyn Gł. - Poznań Gł.,Poznań Główny,Ubranie
1125,2024-12-21,8322.0,Szczecin Gł. - Kraków Gł.,Tomaszów Mazowiecki,Reklamówka / Torba
1126,2024-12-21,83172.0,Świnoujście - Przemyśl Gł.,Przemyśl Główny,Reklamówka / Torba
1127,2024-12-21,6300.0,Wrocław Gł. - Przemyśl Gł.,Przemyśl Główny,Rzeczy Osobiste
1128,2024-12-21,63172.0,Wrocław Gł. - Przemyśl Gł.,Przemyśl Główny,Ubranie
1129,2024-12-21,63172.0,Wrocław Gł. - Przemyśl Gł.,Przeworsk,Ubranie
1130,2024-12-21,8106.0,Szczecin Gł. - Warszawa Wsch.,Koło,Walizka / Plecak
1131,2024-12-21,61104.0,Wrocław Gł. - Białystok,Białystok,Artykuły Spożywcze
1132,2024-12-21,83172.0,Świnoujście - Przemyśl Gł.,Przemyśl Główny,Sprzęt Elektroniczny
1133,2024-12-21,8108.0,Szczecin Gł. - Suwałki,Wołomin,Telefon
1134,2024-12-21,83106.0,Szczecin Gł. - Zakopane,Olesno Śląskie,Telefon
1135,2024-12-21,70108.0,Poznań Gł. - Zielona Góra Gł.,Zielona Góra Główna,Rzeczy Osobiste
1136,2024-12-21,5304.0,Gdynia Główna - Kraków Główny,Kraków Główny,Książka
1137,2024-12-21,6520.0,Wrocław Gł. - Ełk,Ełk,Artykuły Muzyczne
1138,2024-12-21,8320.0,Szczecin Gł. - Kraków Gł.,Kraków Główny,Reklamówka / Torba
1139,2024-12-21,1328.0,Łódź Fabryczna - Kraków Główny,Kraków Główny,Książka
1140,2024-12-21,13106.0,Warszawa Wsch. - Przemyśl Gł.,Jarosław,Portfel
1141,2024-12-21,13102.0,Warszawa Wschodnia - Kraków Główny,Kraków Główny,Obuwie
1142,2024-12-21,63106.0,Jelenia Góra - Kraków Główny,Kraków Główny,Artykuły Spożywcze
1143,2024-12-21,5604.0,Gdynia Gł. - Wrocław Gł.,Leszno,Reklamówka / Torba
1144,2024-12-21,61151.0,Wrocław-Warszawa,Warszawa Olszynka Grochowska,Walizka / Plecak
1145,2024-12-21,4122.0,Bielsko Biała - Warszawa Wsch.,Warszawa Olszynka Grochowska,Walizka / Plecak
1146,2024-12-21,8110.0,Szczecin Gł. - Warszawa Wsch.,Warszawa Olszynka Grochowska,Książka
1147,2024-12-21,1602.0,Warszawa Wsch. - Wrocław Gł.,Wrocław Główny,Walizka / Plecak
1148,2024-12-21,6120.0,Wrocław Gł. - Warszawa Wsch.,Warszawa Centralna,Dokument/Y
1149,2024-12-21,3500.0,Kraków Gł. - Gdynia Gł.,Warszawa Wschodnia,Rzeczy Osobiste
1150,2024-12-21,4124.0,Katowice - Płock,Płock,Ubranie
1151,2024-12-21,113.0,Praha Hl. N. - Warszawa Wsch.,Warszawa Centralna,Reklamówka / Torba
1152,2024-12-21,6102.0,Wrocław Gł. - Warszawa Wsch.,Warszawa Wschodnia,Reklamówka / Torba
1153,2024-12-21,26100.0,Lublin Gł. - Wrocław Gł.,Lubliniec,Telefon
1154,2024-12-21,81170.0,Świnoujście-Warszawa,Warszawa Wschodnia,Książka
1155,2024-12-21,52100.0,Bydgoszcz Gł. - Chełm,Chełm,Portfel
1156,2024-12-21,5220.0,Bydgoszcz Gł.-Lublin Gł.,Lublin,Sprzęt Elektroniczny
1157,2024-12-21,81170.0,Świnoujście-Warszawa,Warszawa Wschodnia,Walizka / Plecak
1158,2024-12-21,5424.0,Olsztyn Gł. - Racibórz,Racibórz,Sprzęt Turystyczny
1159,2024-12-20,5304.0,Gdynia Główna - Kraków Główny,Kraków Główny,Ubranie
1160,2024-12-20,61103.0,Wrocław-Warszawa,Warszawa Olszynka Grochowska,Walizka / Plecak
1161,2024-12-20,18114.0,Łódź Fabryczna - Kołobrzeg,Lębork,Walizka / Plecak
1162,2024-12-20,83172.0,Świnoujście - Przemyśl Gł.,Poznań Główny,Telefon
1163,2024-12-20,1320.0,Warszawa Wschodnia - Kraków Główny,Kraków Główny,Sprzęt Elektroniczny
1164,2024-12-20,83110.0,Kołobrzeg - Kraków Główny,Kraków Główny,Książka
1165,2024-12-20,1304.0,Warszawa Wschodnia - Kraków Główny,Kraków Główny,Etui
1166,2024-12-20,12010.0,Warszawa Wsch. - Dorohusk,Dorohusk,Walizka / Plecak
1167,2024-12-20,4508.0,Gliwice - Gdynia Gł.,Gdynia Główna,Rzeczy Osobiste
1168,2024-12-20,61105.0,Wrocław Gł. - Białystok,Białystok,Książka
1169,2024-12-20,8302.0,Świnoujście - Kraków Główny,Kraków Główny,Artykuły Dziecięce
1170,2024-12-20,5304.0,Gdynia Główna - Kraków Główny,Kraków Główny,Sprzęt Elektroniczny
1171,2024-12-20,5306.0,Gdynia Gł. - Kraków Gł.,Kraków Główny,Ubranie
1172,2024-12-20,8322.0,Szczecin Gł. - Kraków Gł.,Kraków Główny,Walizka / Plecak
1173,2024-12-20,31000.0,Kraków - Suwałki,Białystok,Rzeczy Osobiste
1174,2024-12-20,5602.0,Olsztyn Gł. - Wrocław Gł.,Wrocław Główny,Rzeczy Osobiste
1175,2024-12-20,3530.0,Kraków Gł. - Olsztyn Gł.,Olsztyn Główny,Ubranie
1176,2024-12-20,16104.0,Białystok - Wrocław Gł.,Wrocław Główny,Walizka / Plecak
1177,2024-12-20,5424.0,Olsztyn Gł. - Racibórz,Racibórz,Ubranie
1178,2024-12-20,5424.0,Olsztyn Gł. - Racibórz,Racibórz,Parasol
1179,2024-12-20,5306.0,Gdynia Główna - Kraków Główny,Kraków Główny,Reklamówka / Torba
1180,2024-12-20,1520.0,Warszawa Zach. - Olsztyn Gł.,Olsztyn Główny,Artykuły Spożywcze
1181,2024-12-20,83170.0,Kołobrzeg - Kraków Gł.,Tczew,Reklamówka / Torba
1182,2024-12-20,73102.0,Poznań Gł. - Przemyśl Gł.,Łańcut,Dokument/Y
1183,2024-12-20,3122.0,Kraków Gł. - Warszawa Wsch.,Kielce Główne,Sprzęt Elektroniczny
1184,2024-12-20,5424.0,Olsztyn Gł. - Racibórz,Racibórz,Artykuły Medyczne
1185,2024-12-20,5124.0,Bydgoszcz Gł. - Warszawa Wsch.,Warszawa Wschodnia,Kosztowności
1186,2024-12-20,23112.0,Hrubieszów - Kraków,Kraków Główny,Rzeczy Osobiste
1187,2024-12-20,5422.0,Gdynia Gł. - Katowice,Włocławek,Rzeczy Osobiste
1188,2024-12-20,1106.0,Białystok - Łódź Fabryczna,Łódź Fabryczna,Walizka / Plecak
1189,2024-12-20,4524.0,Krakow-Olsztyn,Olsztyn Główny,Książka
1190,2024-12-20,5332.0,Olsztyn - Kraków,Kraków Główny,Rzeczy Osobiste
1191,2024-12-20,143.0,Mockava - Kraków,Kraków Główny,Telefon
1192,2024-12-20,8104.0,Szczecin Gł. - Warszawa Wsch.,Warszawa Wschodnia,Ubranie
1193,2024-12-20,17100.0,Warszawa Wsch. - Zielona Góra Gł.,Zielona Góra Główna,Artykuły Dziecięce
1194,2024-12-20,1624.0,Białystok - Wrocław Gł.,Wrocław Główny,Ubranie
1195,2024-12-20,1005.0,Łódź Fabryczna - Białystok,Białystok,Reklamówka / Torba
1196,2025-01-12,56100.0,Gdynia Gł. - Jelenia Góra,Oborniki Śląskie,Telefon
1197,2025-01-12,7320.0,Poznań Gł. - Kraków Gł.,Kraków Główny,Walizka / Plecak
1198,2025-01-12,83102.0,Kołobrzeg - Rzeszów Główny,Nowa Sarzyna,Telefon
1199,2025-01-12,8110.0,Szczecin Gł. - Warszawa Wsch.,Stargard,Telefon
1200,2025-01-12,35170.0,Zakopane - Gdynia Gł.,Gdańsk Oliwa,Telefon
1201,2025-01-12,5424.0,Olsztyn Gł. - Racibórz,Warszawa Zachodnia,Rzeczy Osobiste
1202,2025-01-12,83171.0,Kołobrzeg- Kraków Główny,Kraków Główny,Portfel
1203,2025-01-12,16102.0,Warszawa Wsch. - Wrocław Gł.,Wrocław Główny,Telefon
1204,2025-01-11,5424.0,Olsztyn Gł. - Racibórz,Katowice,Sprzęt Elektroniczny
1205,2025-01-11,5324.0,Olsztyn Gł. - Kraków Gł.,Olsztyn Główny,Reklamówka / Torba
1206,2025-01-11,260.0,Praha Hl. N. - Gdynia Gł.,Gdynia Główna,Sprzęt Agd
1207,2025-01-11,8358.0,Świnoujście - Przemyśl Gł.,Katowice,Sprzęt Elektroniczny
1208,2025-01-11,3530.0,Kraków Gł. - Olsztyn Gł.,Olsztyn Główny,Reklamówka / Torba
1209,2025-01-10,37104.0,Przemyśl Gł. - Zielona Góra Gł.,Wrocław Główny,Walizka / Plecak
1210,2025-01-10,1602.0,Warszawa Wsch. - Wrocław Gł.,Częstochowa Stradom,Sprzęt Elektroniczny
1211,2025-01-10,3600.0,Przemyśl Gł. - Wrocław Gł.,Zabrze,Walizka / Plecak
1212,2025-01-10,8308.0,Szczecin Gł. - Przemyśl Gł.,Bochnia,Telefon
1213,2025-01-10,3506.0,Kraków Gł. - Gdynia Gł.,Gdańsk Główny,Walizka / Plecak
1214,2025-01-10,6500.0,Wrocław Gł. - Gdynia Gł.,Gdynia Główna,Walizka / Plecak
1215,2025-01-10,460.0,Praha Hl. N. - Gdynia Gł.,Gniezno,Walizka / Plecak
1216,2025-01-10,4508.0,Gliwice - Gdynia Gł.,Gdynia Główna,Walizka / Plecak
1217,2025-01-10,45100.0,Bielsko-Biała Gł. - Gdynia Gł.,Gdynia Główna,Telefon
1218,2025-01-09,1322.0,Warszawa Wschodnia- Kraków Główny,Kraków Główny,Walizka / Plecak
1219,2025-01-09,3508.0,Rzeszów Główny - Gdynia Gł.,Warszawa Wschodnia,Saszetka / Nerka
1220,2025-01-08,5620.0,Ełk-Wrocław Gł.,Białystok,Portfel
1221,2025-01-08,45100.0,Bielsko-Biała Gł. - Gdynia Gł.,Gdańsk Wrzeszcz,Walizka / Plecak
1222,2025-01-08,3560.0,Zakopane - Gdynia Gł.,Miechów,Walizka / Plecak
1223,2025-01-06,4506.0,Bielsko-Biała Gł. - Gdynia Gł.,Gdynia Główna,Walizka / Plecak
1224,2025-01-05,8300.0,Kołobrzeg - Kraków Gł.,Warszawa Zachodnia,Saszetka / Nerka
1225,2025-01-04,63172.0,Wrocław Gł. - Przemyśl Gł.,Kraków Główny,Ubranie
1226,2024-12-31,45104.0,Bielsko-Biała Gł. - Gdynia Gł.,Gdynia Główna,Walizka / Plecak
1227,2024-12-30,58106.0,Olsztyn Gł. - Szczecin Gł.,Lębork,Telefon
1228,2024-12-29,65100.0,Jelenia Góra - Gdynia Gł.,Tczew,Sprzęt Elektroniczny
1229,2024-12-28,3724.0,Kraków Gł. - Poznań Gł.,Poznań Główny,Ubranie
1230,2024-12-26,51106.0,Gdynia Gł. - Łódź Fabryczna,Łódź Fabryczna,Reklamówka / Torba
1231,2024-12-23,15104.0,Łódź Fabryczna - Gdynia Gł.,Gdynia Główna,Walizka / Plecak
1232,2024-12-20,8354.0,Szczecin Gł. - Przemyśl Gł.,Głogów,Reklamówka / Torba
1233,2024-12-20,16106.0,Białystok - Wrocław Gł.,Ostrów Wielkopolski,Artykuły Dziecięce
1234,2024-12-20,5302.0,Gdynia Główna - Kraków Główny,Kraków Główny,Sprzęt Turystyczny
1235,2024-12-20,51104.0,Gdynia Gł-Łódż Fabryczna,Łódź Fabr,Ubranie
1236,2024-12-20,53170.0,Gdynia Gł. - Zakopane,Zakopane,Walizka / Plecak
1237,2024-12-20,85110.0,Kostrzyn - Gdynia Gł.,Gdynia Główna,Sprzęt Elektroniczny
1238,2024-12-20,12102.0,Warszawa Wsch. - Lublin Gł.,Lublin Główny,Reklamówka / Torba
1239,2024-12-20,4504.0,Bielsko-Biała Gł. - Gdynia Gł.,Sopot,Dokument/Y
1240,2024-12-20,13108.0,Warszawa Zach. - Rzeszów Główny,Rzeszów Główny,Ubranie
1241,2024-12-20,5128.0,,Lódż Kaliska,Portfel
1242,2024-12-19,1302.0,Warszawa Wschodnia- Kraków Główny,Kraków Główny,Sprzęt Elektroniczny
1243,2024-12-19,3504.0,Kraków Gł. - Gdynia Gł.,Gdynia Główna,Książka
1244,2024-12-19,3800.0,Kraków Gł. - Kołobrzeg,Gdynia Główna,Etui
1245,2024-12-19,7322.0,Poznań-Kraów,Kraków Główny,Książka
1246,2024-12-19,1620.0,,Wrocław Główny,Ubranie
1247,2024-12-19,37106.0,Przemyśl Gł. - Poznań Gł.,Poznań Główny,Sprzęt Turystyczny
1248,2024-12-19,8320.0,Szczecin -Kraków,Kraków Główny,Ubranie
1249,2024-12-19,3528.0,Kraków Gł. - Olsztyn Gł.,Suchedniów,Ubranie
1250,2024-12-19,1604.0,Warszawa Wsch. - Wrocław Gł.,Wrocław Główny,Artykuły Dziecięce
1251,2024-12-19,3122.0,Kraków - Warszawa,Warszawa Olszynka Grochowska,Książka
1252,2024-12-19,3506.0,Kraków Gł. - Gdynia Gł.,Gdynia Główna,Artykuły Medyczne
1253,2024-12-19,5330.0,Olsztyn Główny - Kraków Główny,Kraków Główny,Sprzęt Elektroniczny
1254,2024-12-19,45104.0,Bielsko-Biała Gł. - Gdynia Gł.,Poznań Główny,Rzeczy Osobiste
1255,2024-12-19,4121.0,Bielsko Biała Gł,Białystok,Walizka / Plecak
1256,2024-12-19,16106.0,Białystok - Wrocław Gł.,Wrocław Główny,Ubranie
1257,2024-12-19,113.0,Praha Hl. N. - Warszawa Wsch.,Warszawa Wschodnia,Rzeczy Osobiste
1258,2024-12-19,31109.0,Rzeszów-Warszawa,Warszawa Olszynka Grochowska,Portfel
1259,2024-12-19,83104.0,Piła Gł. - Rzeszów Główny,Rzeszów Główny,Walizka / Plecak
1260,2024-12-19,3600.0,Przemyśl Gł. - Wrocław Gł.,Wrocław Główny,Artykuły Biurowe
1261,2024-12-19,1420.0,Białystok - Bielsko-Biała Gł.,Białystok,Reklamówka / Torba
1262,2024-12-19,1312.0,Warszawa Wschodnia- Kraków Główny,Kraków Główny,Ubranie
1263,2024-12-19,3120.0,Kraków Gł. - Warszawa Wsch.,Warszawa Wschodnia,Walizka / Plecak
1264,2024-12-19,83173.0,,Przemyśl Bakończyce,Sprzęt Elektroniczny
1265,2024-12-19,52100.0,Bydgoszcz Gł. - Chełm,Chełm,Ubranie
1266,2025-01-10,38102.0,Rzeszów Główny - Kołobrzeg,Toruń Główny,Telefon
1267,2024-12-19,12100.0,Warszawa Zach. - Chełm,Chełm Miasto,Sprzęt Elektroniczny
1268,2024-12-19,262.0,Praha Hl. N. - Gdynia Gł.,Bydgoszcz Główna,Walizka / Plecak
1269,2024-12-19,26104.0,Lublin Gł. - Wrocław Gł.,Wrocław Główny,Saszetka / Nerka
1270,2024-12-19,3808.0,Przemyśl Gł. - Szczecin Gł.,Kraków Główny,Sprzęt Elektroniczny
1271,2024-12-19,8300.0,Kołobrzeg - Kraków Gł.,Kraków Główny,Walizka / Plecak
1272,2024-12-19,5302.0,Gdynia Główna- Kraków Główny,Kraków Główny,Ubranie
1273,2024-12-19,1304.0,Warszawa Wschodnia- Kraków Główny,Kraków Główny,Ubranie
1274,2024-12-19,1304.0,Warszawa Wschodnia- Kraków Głowny,Kraków Główny,Artykuły Biurowe
1275,2024-12-19,3800.0,Kraków Gł. - Kołobrzeg,Kołobrzeg,Reklamówka / Torba
1276,2024-12-19,5320.0,Olsztyn Główny- Kraków Główny,Kraków Główny,Ubranie
1277,2024-12-19,24101.0,Kielce Główne - Gliwice,Gliwice,Etui
1278,2024-12-19,52100.0,Bydgoszcz Gł. - Chełm,Chełm,Sprzęt Elektroniczny
1279,2024-12-19,37106.0,Przemyśl Gł. - Poznań Gł.,Poznań Główny,Walizka / Plecak
1280,2024-12-19,75102.0,Poznań Gł. - Olsztyn Gł.,Poznań Główny,Obuwie
1281,2024-12-19,19130.0,Warszawa Wsch. - Łódź Fabryczna,Łódź Fabryczna,Książka
1282,2024-12-19,6104.0,Wrocław - Warszawa,Warszawa Olszynka Grochowska,Książka
1283,2024-12-19,52100.0,Bydgoszcz Gł. - Chełm,Chełm,Artykuły Dziecięce
1284,2024-12-19,16152.0,Warszawa Wsch. - Szklarska Por.G.,Szklarska Poręba Górna,Artykuły Biurowe
1285,2024-12-19,3500.0,Kraków Gł. - Gdynia Gł.,Gdynia Główna,Dokument/Y
1286,2024-12-19,71003.0,Berlin-Warszawa,Warszawa Olszynka Grochowska,Sprzęt Elektroniczny
1287,2024-12-19,41011.0,Monachium -Warszawa Wschodnia,Warszawa Olszynka Grochowska,Walizka / Plecak
1288,2025-01-05,5222,Bydgoszcz Gł. - Lublin Gł.,Lublin Główny,Walizka / Plecak
1289,2025-01-05,8300,Kołobrzeg - Kraków Gł.,Warszawa Zachodnia,Saszetka / Nerka
1290,2025-01-05,460,Praha Hl. N. - Gdynia Gł.,Gniezno,Telefon
1291,2025-01-05,83110,Kołobrzeg - Kraków Gł.,Leszno,Walizka / Plecak
1292,2025-01-05,3106,Kraków Gł. - Warszawa Wsch.,Warszawa Wschodnia,Sprzęt Elektroniczny
1293,2025-01-05,3526,Kraków Gł. - Olsztyn Gł.,Olsztyn Główny,Rzeczy Osobiste
1294,2025-01-05,5422,Gdynia Główna,Katowice,Ubranie
1295,2025-01-05,3508,Rzeszów Główny - Gdynia Gł.,Gdynia Główna,Ubranie
1296,2025-01-05,8306,Słupsk - Przemyśl Gł.,Katowice,Reklamówka / Torba
1297,2025-01-05,63172,Wrocław Gł. - Przemyśl Gł.,Łańcut,Reklamówka / Torba
1298,2025-01-05,1820,Łódź Fabryczna - Szczecin Gł.,Szczecin Główny,Ubranie
1299,2025-01-05,13100,Warszawa Wsch. - Zakopane,Zakopane,Reklamówka / Torba
1300,2025-01-05,3150,Zakopane - Warszawa Wsch.,Zakopane,Sprzęt Turystyczny
1301,2025-01-05,5124,Bydgoszcz Gł. - Warszawa Wsch.,Warszawa Wschodnia,Portfel
1302,2025-01-05,260,Praha Hl. N. - Gdynia Gł.,Gdynia Główna,Walizka / Plecak
1303,2025-01-05,56,Przemyśl Gł. - Berlin Hbf,Legnica,Saszetka / Nerka
1304,2025-01-05,61104,Wrocław Gł. - Białystok,Łódź Chojny,Sprzęt Elektroniczny
1305,2025-01-05,81114,Kołobrzeg - Łódź Fabryczna,Łódź Fabryczna,Ubranie
1306,2025-01-05,4122,Bielsko-Biała Gł. - Warszawa Wsch.,Warszawa Wschodnia,Ubranie
1307,2025-01-05,8306,Słupsk-Przemyśl Gł,Katowice,Reklamówka / Torba
1308,2025-01-05,81114,Kołobrzeg - Łódź Fabryczna,Łódź Widzew,Książka
1309,2025-01-05,85106,Szczecin Gł. - Olsztyn Gł.,Elbląg,Reklamówka / Torba
1310,2025-01-05,6129,Wrocław Gł.-Białystok,Białystok,Etui
1311,2025-01-05,5326,Olsztyn Gł. - Kraków Gł.,Piaseczno,Artykuły Dziecięce
1312,2025-01-05,264,Praha Hl. N. - Gdynia Gł.,Gdynia Główna,Sprzęt Elektroniczny
1313,2025-01-05,1122,Terespol - Warszawa Zach.,Warszawa Wschodnia,Ubranie
1314,2025-01-05,7320,Poznań Gł. - Kraków Gł.,Jarocin,Walizka / Plecak
1315,2025-01-05,3822,Kraków Gł. - Szczecin Gł.,Września,Artykuły Muzyczne
1316,2025-01-05,4128,Żywiec-Warszawa Wschodnia,Żywiec,Reklamówka / Torba
1317,2025-01-05,73106,Poznań Gł. - Przemyśl Gł.,Kraków Główny,Sprzęt Agd
1318,2025-01-05,4128,Żywiec-Warszawa Wschodnia,Zywiec,Etui
1319,2025-01-04,33104,Krynica-Zdrój - Kraków Gł.,Nowy Sącz,Artykuły Muzyczne
1320,2025-01-04,104,Wien Hbf - Warszawa Wsch.,Warszawa Wschodnia,Walizka / Plecak
1321,2025-01-04,8300,Kołobrzeg - Kraków Główny,Kraków Główny,Ubranie
1322,2025-01-04,18170,Warszawa Wsch. - Świnoujście,Świnoujście,Walizka / Plecak
1323,2025-01-04,16104,Białystok - Wrocław Gł.,Wrocław Główny,Rzeczy Osobiste
1324,2025-01-04,8106,Szczecin Gł. - Warszawa Wsch.,Koło,Sprzęt Agd
1325,2025-01-04,260,Praha Hl. N. - Gdynia Gł.,Gdynia Główna,Ubranie
1326,2025-01-04,37102,Przemyśl Gł. - Poznań Gł.,Rawicz,Artykuły Medyczne
1327,2025-01-04,3534,Kraków Gł. - Bydgoszcz Gł.,Bydgoszcz Główna,Ubranie
1328,2025-01-04,3108,Kraków Gł. - Warszawa Wsch.,Warszawa Wschodnia,Walizka / Plecak
1329,2025-01-04,73100,Poznań Główny- Kraków Główny,Kraków Główny,Sprzęt Elektroniczny
1330,2025-01-04,3812,Przemyśl Gł. - Słupsk,Kościan,Sprzęt Elektroniczny
1331,2025-01-04,59,Berlin Hbf - Przemyśl Gł.,Łańcut,Telefon
1332,2025-01-04,2524,Lublin Gł. - Bydgoszcz Gł.,Kutno,Reklamówka / Torba
1333,2025-01-04,65102,Wrocław Gł. - Olsztyn Gł.,Olsztyn Główny,Ubranie
1334,2025-01-04,45102,Katowice - Gdynia Gł.,Gdynia Główna,Etui
1335,2025-01-04,3800,Kraków Gł. - Kołobrzeg,Gdańsk Główny,Kosztowności
1336,2025-01-04,16104,Białystok - Wrocław Gł.,Wołomin,Reklamówka / Torba
1337,2025-01-04,8108,Szczecin Gł. - Suwałki,Szepietowo,Reklamówka / Torba
1338,2025-01-04,8358,Świnoujście - Przemyśl Gł.,Przemyśl Główny,Artykuły Muzyczne
1339,2025-01-04,65102,Wrocław Gł. - Olsztyn Gł.,Olsztyn Główny,Sprzęt Elektroniczny
1340,2025-01-04,3524,Kraków Gł. - Olsztyn Gł.,Olsztyn Główny,Rzeczy Osobiste
1341,2025-01-04,61190,Szklarska Por.G. - Warszawa Wsch.,Szklarska Poręba Górna,Etui
1342,2025-01-04,5424,Olsztyn Gł. - Racibórz,Racibórz,Reklamówka / Torba
1343,2025-01-04,1530,Warszawa - Bydgoszcz,Bydgoszcz Główna,Dokument/Y
1344,2025-01-04,5304,Gdynia Główna - Kraków Główny,Kraków Główny,Ubranie
1345,2025-01-04,61190,Szklarska Por.G. - Warszawa Wsch.,Oleśnica Rataje,Pieniądze
1346,2025-01-04,7322,Poznań Główny - Kraków Główny,Kraków Główny,Ubranie
1347,2025-01-04,83104,Piła Gł. - Rzeszów Główny,Nisko,Portfel
1348,2025-01-04,51102,Gdynia Gł. - Łódź Fabryczna,Skierniewice,Artykuły Biurowe
1349,2025-01-04,75102,,Olsztyn Główny,Walizka / Plecak
1350,2025-01-04,63172,Wrocław Gł. - Przemyśl Gł.,Kraków Główny,Ubranie
1351,2025-01-04,34100,Przemyśl Gł. - Gliwice,Katowice,Reklamówka / Torba
1352,2025-01-04,3530,Kraków Gł. - Olsztyn Gł.,Olsztyn Główny,Sprzęt Sportowy
1353,2025-01-04,45104,Bielsko-Biała Gł. - Gdynia Gł.,Tczew,Książka
1354,2025-01-04,1322,Warszawa Wschodnia - Kraków Główny,Kraków Główny,Rzeczy Osobiste
1355,2025-01-04,1524,Warszawa Wsch. - Bydgoszcz Gł.,Bydgoszcz Główna,Ubranie
1356,2025-01-04,3102,Kraków Gł. - Warszawa Wsch.,Warszawa Wschodnia,Rzeczy Osobiste
1357,2025-01-04,83104,Piła Gł. - Rzeszów Główny,Rzeszów Główny,Walizka / Plecak
1358,2025-01-04,61105,Wrocław Gł.- Białystok,Białystok,Kosztowności
1359,2025-01-04,1460,Warszawa Wsch. - Wisła Uzdr.,Wisła Uzdrowisko,Sprzęt Elektroniczny
1360,2025-01-04,37150,Zakopane - Poznań Gł.,Poznań Główny,Rzeczy Osobiste
1361,2025-01-04,1460,Warszawa Wsch. - Wisła Uzdr.,Wisła Uzdrowisko,Sprzęt Turystyczny
1362,2025-01-04,18150,Łódź Kaliska - Kołobrzeg,Lębork,Walizka / Plecak
1363,2025-01-04,3528,Kraków Gł. - Olsztyn Gł.,Działdowo,Sprzęt Turystyczny
1364,2025-01-04,5302,Gdynia Główna - Kraków Główny,Kraków Główny,Rzeczy Osobiste
1365,2025-01-04,9102,Łódź Fabryczna - Warszawa Wsch.,Koluszki,Sprzęt Elektroniczny
1366,2025-01-04,26102,Lublin Gł. - Wrocław Gł.,Wrocław Główny,Telefon
1367,2025-01-04,51104,Gdynia Gł. - Łódź Fabryczna,Łódź Fabryczna,Walizka / Plecak
1368,2025-01-04,85102,Szczecin Gł. - Olsztyn Gł.,Olsztyn Główny,Ubranie
1369,2025-01-04,45102,Katowice - Gdynia Gł.,Gdynia Główna,Walizka / Plecak
1370,2025-01-04,8300,Kołobrzeg - Kraków Główny,Kraków Główny,Artykuły Biurowe
1371,2025-01-04,15106,Łódź Fabryczna - Gdynia Gł.,Iława Główna,Etui
1372,2025-01-04,18170,Warszawa Wsch. - Świnoujście,Świnoujście,Ubranie
1373,2025-01-04,68102,Wrocław Gł. - Szczecin Gł.,Zielona Góra Główna,Rzeczy Osobiste
1374,2025-01-04,75100,Poznań Gł. - Olsztyn Gł.,Jabłonowo Pomorskie,Artykuły Muzyczne
1375,2025-01-04,58104,Olsztyn Gł. - Szczecin Gł.,Świdwin,Walizka / Plecak
1376,2025-01-04,5104,Gdynia Gł. - Warszawa Zach.,Warszawa Zachodnia,Reklamówka / Torba
1377,2025-01-04,51104,Gdynia Gł.- Łódz Fabryczna,Łódź Fabryczna,Walizka / Plecak
1378,2025-01-04,5308,Gdynia Gł. - Rzeszów Główny,Rzeszów Główny,Walizka / Plecak
1379,2025-01-04,3820,Kraków Gł. - Szczecin Gł.,Szczecin Główny,Walizka / Plecak
1380,2025-01-03,406,München Hbf - Warszawa Wsch.,Warszawa Wschodnia,Telefon
1381,2025-01-03,1000,Łódź Fabryczna - Białystok,Łapy,Walizka / Plecak
1382,2025-01-03,1102,Białystok - Łódź Fabryczna,Łódź Fabryczna,Walizka / Plecak
1383,2025-01-03,1310,Warszawa Wschodnia - Kraków Główny,Kraków Główny,Ubranie
1384,2025-01-03,8302,Świnoujście - Kraków Główny,Kraków Główny,Ubranie
1385,2025-01-03,3530,Kraków Gł. - Olsztyn Gł.,Olsztyn Główny,Walizka / Plecak
1386,2025-01-03,1310,Warszawa Wsch. - Kraków Gł.,Kraków Główny,Dokument/Y
1387,2025-01-03,3858,Przemyśl Gł. - Świnoujście,Nowa Sól,Saszetka / Nerka
1388,2025-01-03,3128,Kraków Gł. - Łódź Fabryczna,Kraków Główny,Dokument/Y
1389,2025-01-03,2520,Lublin Gł. - Bydgoszcz Gł.,Bydgoszcz Główna,Ubranie
1390,2025-01-03,262,Praha Hl. N. - Gdynia Gł.,Gdańsk Oliwa,Telefon
1391,2025-01-03,3822,Kraków Gł. - Szczecin Gł.,Szczecin Główny,Książka
1392,2025-01-03,81107,Kołobrzeg -Warszawa  Wschodnia,Warszawa Olszynka Grochowska,Portfel
1393,2025-01-03,8354,Szczecin Gł. - Przemyśl Gł.,Przemyśl Główny,Walizka / Plecak
1394,2025-01-03,6135,Zgorzelec - Warszawa,Warszawa Olszynka Grochowska,Sprzęt Elektroniczny
1395,2025-01-03,6552,Wrocław Gł. - Gdynia Gł.,Sopot,Reklamówka / Torba
1396,2025-01-03,57,Berlin Hbf - Przemyśl Gł.,Przemyśl Główny,Walizka / Plecak
1397,2025-01-03,6129,Wrocław-Białystok,Białystok,Obuwie
1398,2025-01-03,32102,Kraków Gł. - Lublin Gł.,Puławy Miasto,Telefon
1399,2025-01-03,18114,Łódź Fabryczna - Kołobrzeg,Słupsk,Reklamówka / Torba
1400,2025-01-03,57112,Olsztyn Gł. - Poznań Gł.,Inowrocław,Portfel
1401,2025-01-03,63100,Wrocław Gł. - Przemyśl Gł.,Przemyśl Główny,Ubranie
1402,2025-01-03,3112,Kraków Gł. - Warszawa Wsch.,Warszawa Wschodnia,Sprzęt Turystyczny
1403,2025-01-03,104,Wien Hbf - Warszawa Wsch.,Rybnik,Telefon
1404,2025-01-03,8302,Świnoujście - Kraków Gł.,Katowice,Rzeczy Osobiste
1405,2025-01-03,1122,Terespol - Warszawa Zach.,Warszawa Zachodnia,Reklamówka / Torba
1406,2025-01-03,5334,Bydgoszcz Gł. - Kraków Gł.,Kraków Główny,Ubranie
1407,2025-01-03,1632,Warszawa Wsch. - Zgorzelec,Zgorzelec,Walizka / Plecak
1408,2025-01-03,3858,Przemyśl Gł. - Świnoujście,Opole Główne,Telefon
1409,2025-01-03,5324,Olsztyn Gł. - Kraków Gł.,Kielce Główne,Reklamówka / Torba
1410,2025-01-03,65100,Jelenia Góra - Gdynia Gł.,Gdynia Główna,Portfel
1411,2025-01-03,265,Gdynia Gł. - Praha Hl. N.,Leszno,Saszetka / Nerka
1412,2025-01-03,85106,Szczecin Gł. - Olsztyn Gł.,Olsztyn Główny,Walizka / Plecak
1413,2025-01-03,31100,Zakopane - Warszawa Wsch.,Kraków Główny,Sprzęt Elektroniczny
1414,2025-01-03,4524,Racibórz - Olsztyn Gł.,Nowy Dwór Mazowiecki,Rzeczy Osobiste
1415,2025-01-03,3858,Przemyśl Gł. - Świnoujście,Opole Główne,Sprzęt Elektroniczny
1416,2025-01-03,38108,Zakopane - Szczecin Gł.,Gdynia Główna,Walizka / Plecak
1417,2025-01-03,130,Zebrzydowice - Warszawa Wsch.,Warszawa Wschodnia,Etui
1418,2025-01-03,6124,Wrocław Gł. - Białystok,Białystok,Ubranie
1419,2025-01-03,8102,Szczecin Gł. - Warszawa Wsch.,Warszawa Wschodnia,Telefon
1420,2025-01-03,5326,Olsztyn Główny - Kraków Główny,Kraków Główny,Sprzęt Elektroniczny
1421,2025-01-03,58104,Olsztyn Gł. - Szczecin Gł.,Gdynia Główna,Reklamówka / Torba
1422,2025-01-03,5220,Bydgoszcz Gł. - Lublin Gł.,Toruń Główny,Rzeczy Osobiste
1423,2025-01-02,73005,Frankfrut - Kraków,Kraków Główny,Reklamówka / Torba
1424,2025-01-02,8312,Słupsk - Przemyśl Gł.,Przemyśl Główny,Sprzęt Agd
1425,2025-01-02,8300,Kołobrzeg - Kraków Główny,Kraków Główny,Sprzęt Turystyczny
1426,2025-01-02,8300,Kołobrzeg - Kraków Główny,Kraków Główny,Ubranie
1427,2025-01-02,2702,Lublin Gł. - Zielona Góra Gł.,Zielona Góra Główna,Rzeczy Osobiste
1428,2025-01-02,2702,Lublin Gł. - Zielona Góra Gł.,Zielona Góra Główna,Reklamówka / Torba
1429,2025-01-02,22019,Lublin- Rawa Ruska,Lublin,Telefon
1430,2025-01-02,1620,Warszawa Wsch. - Wrocław Gł.,Wrocław Główny,Ubranie
1431,2025-01-02,38104,Rzeszów Główny - Piła Gł.,Toruń Główny,Rzeczy Osobiste
1432,2025-01-02,262,Praha Hl. N. - Gdynia Gł.,Strzelin,Reklamówka / Torba
1433,2025-01-02,4120,Bielsko-Biała Gł. - Białystok,Bielsko-Biała Główna,Walizka / Plecak
1434,2025-01-02,6120,Wrocław Gł. - Warszawa Wsch.,Kalisz,Reklamówka / Torba
1435,2025-01-02,35104,Zakopane - Gdynia Gł.,Gdynia Główna,Walizka / Plecak
1436,2025-01-02,38104,Rzeszów Główny - Piła Gł.,Piła Główna,Sprzęt Agd
1437,2025-01-02,61102,Wrocław Gł. - Warszawa Wsch.,Warszawa Wschodnia,Reklamówka / Torba
1438,2025-01-02,31100,Zakopane - Warszawa Wsch.,Warszawa Zachodnia,Dokument/Y
1439,2025-01-02,31104,Przemyśl Gł. - Warszawa Wsch.,Warszawa Centralna,Portfel
1440,2025-01-02,71100,Zielona Góra Gł. - Warszawa Wsch.,Kutno,Telefon
1441,2025-01-02,35104,Zakopane - Gdynia Gł.,Gdynia Główna,Reklamówka / Torba
1442,2025-01-02,18170,Warszawa Wsch. - Świnoujście,Rzepin,Rzeczy Osobiste
1443,2025-01-02,3560,Zakopane - Gdynia Gł.,Gdynia Główna,Rzeczy Osobiste
1444,2025-01-02,5324,Olsztyn Główny -Kraków Główny,Kraków Główny,Walizka / Plecak
1445,2025-01-02,83171,Kołobrzeg -Kraków Główny,Kraków Główny,Sprzęt Elektroniczny
1446,2025-01-02,38104,Rzeszów Główny - Piła Gł.,Piła Główna,Parasol
1447,2025-01-02,3506,Kraków Gł. - Gdynia Gł.,Gdynia Główna,Reklamówka / Torba
1448,2025-01-02,5324,Olsztyn - Kraków,Kraków Główny,Reklamówka / Torba
1449,2025-01-02,54100,Gdynia Gł. - Bielsko-Biała Gł.,Wrocław Główny,Walizka / Plecak
1450,2025-01-02,6132,Zgorzelec - Warszawa Wsch.,Warszawa Centralna,Saszetka / Nerka
1451,2025-01-02,38100,Rzeszów Główny - Świnoujście,Świnoujście,Sprzęt Turystyczny
1452,2025-01-02,3530,Kraków Gł. - Olsztyn Gł.,Olsztyn Główny,Sprzęt Sportowy
1453,2025-01-02,3530,Kraków Gł. - Olsztyn Gł.,Olsztynek,Reklamówka / Torba
1454,2025-01-02,83171,Kołobrzeg-Kraków Główny,Kraków Główny,Telefon
1455,2025-01-02,3524,Kraków Gł. - Olsztyn Gł.,Olsztyn Główny,Walizka / Plecak
1456,2025-01-02,6102,Wrocław Gł. - Warszawa Wsch.,Warszawa Wschodnia,Ubranie
1457,2025-01-02,43008,Praga - Przemyśl,Przemyśl Bak.,Walizka / Plecak
1458,2025-01-02,84100,Słupsk-Katowice,Katowice,Reklamówka / Torba
1459,2025-01-02,8306,Słupsk - Przemyśl Gł.,Przeworsk,Sprzęt Sportowy
1460,2025-01-02,5220,Bydgoszcz Gł. - Lublin Gł.,Dęblin,Artykuły Dziecięce
1461,2025-01-02,83171,Kołobrzeg-Kraków Główny,Kraków Główny,Ubranie
1462,2025-01-02,83172,Świnoujście - Przemyśl Gł,Przemysl Bakonczyce,Sprzęt Elektroniczny
1463,2025-01-02,51102,Gdynia Gł. - Łódź Fabryczna,Łódź Fabryczna,Reklamówka / Torba
1464,2025-01-02,115,Praha Hl. N. - Przemyśl Gł.,Kraków Główny,Artykuły Dziecięce
1465,2025-01-02,13108,Warszawa Zach. - Rzeszów Główny,Rzeszów Główny,Ubranie
1466,2025-01-02,8300,Kołobrzeg - Kraków Główny,Kraków Główny,Parasol
1467,2025-01-02,130,Zebrzydowice - Warszawa Wsch.,Warszawa Wschodnia,Walizka / Plecak
1468,2025-01-02,23106,Lublin Gł. - Kraków Gł.,Miechów,Rzeczy Osobiste
1469,2025-01-02,1808,Suwałki - Szczecin Główny,Szczecin Główny,Książka
1470,2025-01-02,75102,Poznań Gł. - Olsztyn Gł.,Olsztyn Główny,Ubranie
1471,2025-01-01,5700,Gdynia Gł. - Poznań Gł.,Poznań Główny,Rzeczy Osobiste
1472,2025-01-01,115,Praha Hl. N. - Przemyśl Gł.,Przemyśl Główny,Walizka / Plecak
1473,2025-01-01,8305,Kołobrzeg-Kraków Główny,Kraków Główny,Sprzęt Elektroniczny
1474,2025-01-01,1620,Warszawa Wsch. - Wrocław Gł.,Wrocław Główny,Walizka / Plecak
1475,2025-01-01,5328,Olsztyn Gł. - Kraków Gł.,Warszawa Służewiec,Dokument/Y
1476,2025-01-01,3812,Przemyśl Gł. - Słupsk,Koszalin,Portfel
1477,2025-01-01,35104,Zakopane - Gdynia Gł.,Warszawa Centralna,Rzeczy Osobiste
1478,2025-01-01,8302,Świnoujście - Kraków Gł.,Opole Główne,Sprzęt Elektroniczny
1479,2025-01-01,5220,Bydgoszcz Gł. - Lublin Gł.,Bydgoszcz Główna,Sprzęt Elektroniczny
1480,2025-01-01,61106,Wrocław Gł. - Białystok,Białystok,Artykuły Dziecięce
1481,2025-01-01,5324,Olsztyn Główny -Kraków Główny,Kraków Główny,Sprzęt Elektroniczny
1482,2025-01-01,37106,Przemyśl Gł. - Poznań Gł.,Poznań Główny,Sprzęt Elektroniczny
1483,2025-01-01,8320,Szczecin Główny - Kraków Główny,Kraków Główny,Ubranie
1484,2025-01-01,16150,Warszawa Wsch. - Szklarska Por.G.,Szklarska Poręba Górna,Telefon
1485,2025-01-01,15104,Łódź Fabryczna - Gdynia Gł.,Gdynia Główna,Sprzęt Elektroniczny
1486,2025-01-01,3722,Kraków Gł. - Poznań Gł.,Środa Wielkopolska,Portfel
1487,2025-01-01,85104,Szczecin Gł. - Olsztyn Gł.,Olsztyn Główny,Rzeczy Osobiste
1488,2025-01-01,16150,Warszawa Wsch. - Szklarska Por.G.,Szklarska Poręba Górna,Ubranie
1489,2025-01-01,65100,Jelenia Góra - Gdynia Gł.,Gdynia Główna,Artykuły Spożywcze
1490,2025-01-01,1604,Warszawa Wsch. - Wrocław Gł.,Wrocław Główny,Ubranie
1491,2025-01-01,265,Gdynia Gł. - Praha Hl. N.,Strzelin,Rzeczy Osobiste
1492,2025-01-01,18104,Białystok - Szczecin Gł.,Szczecin Główny,Telefon
1493,2025-01-01,1620,Warszawa Wsch. - Wrocław Gł.,Wrocław Główny,Saszetka / Nerka
1494,2025-01-01,3804,Kraków Gł. - Kołobrzeg,Oborniki Śląskie,Reklamówka / Torba
1495,2025-01-01,3800,Kraków Gł. - Kołobrzeg,Kołobrzeg,Reklamówka / Torba
1496,2025-01-01,83108,Szczecin Gł. - Zakopane,Lębork,Rzeczy Osobiste
1497,2025-01-01,1802,Warszawa Wschodnia - Szczecin Główny,Szczecin Główny,Sprzęt Elektroniczny
1498,2025-01-01,5450,Gdynia Gł. - Bielsko-Biała Gł.,Warszawa Zachodnia,Reklamówka / Torba
1499,2025-01-01,5320,Olsztyn Gł. - Kraków Gł.,Olsztyn Główny,Saszetka / Nerka
1500,2025-01-01,50108,Olsztyn Gł. - Gdynia Gł.,Gdynia Główna,Ubranie
1501,2025-01-01,1628,Białystok - Wrocław Gł.,Wrocław Główny,Ubranie
1502,2025-01-01,5101,Gdynia Gł. - Warszawa Zach.,Tczew,Rzeczy Osobiste
1503,2025-01-01,31106,Krakow-Warszawa,Warszawa Olszynka Grochowska,Portfel
1504,2025-01-01,3808,Przemyśl Gł. - Szczecin Gł.,Katowice,Walizka / Plecak
1505,2025-01-01,38106,Zakopane - Szczecin Główny,Szczecin Główny,Reklamówka / Torba
1506,2025-01-01,8322,Szczecin Główny - Kraków Główny,Kraków Główny,Książka
1507,2025-01-01,6102,Wrocław Gł. - Warszawa Wsch.,Opole Główne,Saszetka / Nerka
1508,2025-01-01,7202,Zielona Góra Gł. - Lublin Gł.,Dęblin,Rzeczy Osobiste
1509,2025-01-01,38104,Rzeszów-Piła Gł.,Piła Główna,Sprzęt Elektroniczny
1510,2025-01-01,83100,Świnoujście - Rzeszów Główny,Werbkowice,Sprzęt Elektroniczny
1511,2025-01-01,8109,Szczecin Gł-Suwałki,Białystok,Reklamówka / Torba
1512,2025-01-01,83171,Kołobrzeg - Kraków,Kraków Główny,Ubranie
1513,2025-01-01,5424,Olsztyn Gł. - Racibórz,Racibórz,Walizka / Plecak
1514,2025-01-01,31108,Rzeszów Główny - Warszawa Zach.,Rzeszów Główny,Ubranie
1515,2025-01-01,17102,Warszawa Wsch. - Zielona Góra Gł.,Nowy Tomyśl,Portfel
1516,2025-01-01,36101,Przemyśl Gł. - Wrocław Gł.,Wrocław Główny,Telefon
1517,2025-01-01,5304,Gdynia Gł. - Kraków Gł.,Kraków Główny,Etui
1518,2025-01-01,37106,Przemyśl Gł. - Poznań Gł.,Bochnia,Rzeczy Osobiste
1519,2025-01-01,31108,Rzeszów Główny - Warszawa Zach.,Warszawa Zachodnia,Ubranie
1520,2025-01-01,260,Praha Hl. N. - Gdynia Gł.,Tczew,Ubranie
1521,2025-01-01,4506,Bielsko-Biała Gł. - Gdynia Gł.,Gdynia Główna,Ubranie
1522,2025-01-01,38108,Zakopane - Szczecin Gł.,Jędrzejów,Portfel
1523,2025-01-01,3720,Kraków Gł. - Poznań Gł.,Pabianice,Telefon
1524,2024-12-31,23112,Hrubieszów - Kraków,Kraków Główny,Ubranie
1525,2024-12-31,57104,Gdynia Gł. - Zielona Góra Gł.,Opalenica,Sprzęt Elektroniczny
1526,2024-12-31,5600,Gdynia Gł. - Wrocław Gł.,Wrocław Główny,Sprzęt Elektroniczny
1527,2024-12-31,37103,,Poznań Główny,Sprzęt Elektroniczny
1528,2024-12-31,1104,Białystok - Łódź Fabryczna,Koluszki,Portfel
1529,2024-12-31,4508,Gliwice - Gdynia Gł.,Gdynia Główna,Portfel
1530,2024-12-31,3560,Zakopane - Gdynia Gł.,Gdynia Główna,Sprzęt Sportowy
1531,2024-12-31,8358,Świnoujście-Przemyśl,Przemyśl Bakończyce,Sprzęt Elektroniczny
1532,2024-12-31,65100,Jelenia Góra - Gdynia Gł.,Gniezno,Dokument/Y
1533,2024-12-31,53170,Gdynia Gł. - Zakopane,Zakopane,Reklamówka / Torba
1534,2024-12-31,6520,Wrocław Gł. - Ełk,Białystok,Sprzęt Elektroniczny
1535,2024-12-31,57112,Olsztyn Gł. - Poznań Gł.,Mogilno,Portfel
1536,2024-12-31,38102,Rzeszów Główny - Kołobrzeg,Białogard,Etui
1537,2024-12-31,261,Gdynia Gł. - Praha Hl. N.,Inowrocław,Telefon
1538,2024-12-31,3526,Kraków Gł. - Olsztyn Gł.,Warszawa Wschodnia,Etui
1539,2024-12-31,262,Praha Hl. N. - Gdynia Gł.,Gdynia Główna,Rzeczy Osobiste
1540,2024-12-31,6300,Wrocław Gł. - Przemyśl Gł.,Przemyśl Główny,Rzeczy Osobiste
1541,2024-12-31,8302,Świnoujście - Kraków Gł.,Katowice,Saszetka / Nerka
1542,2024-12-31,8120,Szczecin Gł. - Łódź Fabryczna,Jarocin,Sprzęt Sportowy
1543,2024-12-31,4508,Gliwice - Gdynia Gł.,Gliwice,Sprzęt Elektroniczny
1544,2024-12-31,73104,Zielona Góra Gł. - Przemyśl Gł.,Przemyśl Główny,Telefon
1545,2024-12-31,4124,Katowice - Płock,Łódź Widzew,Walizka / Plecak
1546,2024-12-31,73104,Zielona Góra Gł. - Przemyśl Gł.,Przemyśl Główny,Ubranie
1547,2024-12-31,1306,Warszawa - Kraków,Kraków Główny,Sprzęt Elektroniczny
1548,2024-12-31,3506,Kraków Gł. - Gdynia Gł.,Iława Główna,Rzeczy Osobiste
1549,2024-12-31,31100,Zakopane-Warszawa Wsch,Warszawa Olszynka Grochowska,Saszetka / Nerka
1550,2024-12-31,73000,Berlin - Przemyśl,Przemyśl Bak,Etui
1551,2024-12-31,13100,Warszawa Wsch. - Zakopane,Zakopane,Telefon
1552,2024-12-31,5300,Gdynia Główna -Kraków Główny,Kraków Główny,Saszetka / Nerka
1553,2024-12-31,8304,Kołobrzeg - Kraków Gł.,Chodzież,Walizka / Plecak
1554,2024-12-31,1624,Białystok - Wrocław Gł.,Wrocław Główny,Sprzęt Elektroniczny
1555,2024-12-31,4502,Gliwice - Gdynia Gł.,Warszawa Wschodnia,Dokument/Y
1556,2024-12-31,6124,Wrocław Gł.-Białystok,Białystok,Rzeczy Osobiste
1557,2024-12-31,8300,Kołobrzeg  - Kraków,Kraków Główny,Ubranie
1558,2024-12-31,83104,Piła Gł. - Rzeszów Główny,Otwock,Walizka / Plecak
1559,2024-12-31,1122,Terespol - Warszawa Zach.,Warszawa Zachodnia,Sprzęt Elektroniczny
1560,2024-12-31,68102,Wrocław Główny - Szczecin Główny,Szczecin Główny,Ubranie
1561,2024-12-31,1104,Białystok-Łódź Fabr,Koluszki,Portfel
1562,2024-12-31,38100,Rzeszów Główny - Świnoujście,Sochaczew,Walizka / Plecak
1563,2024-12-31,1628,Białystok - Wrocław Gł.,Sieradz,Sprzęt Elektroniczny
1564,2024-12-31,45104,Bielsko-Biała Gł. - Gdynia Gł.,Gdynia Główna,Walizka / Plecak
1565,2024-12-31,58106,Olsztyn Gł. - Szczecin Gł.,Białogard,Sprzęt Elektroniczny
1566,2024-12-31,61105,Wrocław Gł,Białystok,Walizka / Plecak
1567,2024-12-31,5620,Ełk - Wrocław Gł.,Wrocław Główny,Saszetka / Nerka
1568,2024-12-31,16152,Warszawa Wsch. - Szklarska Poręba Górna,Wrocław Główny,Kosztowności
1569,2024-12-31,38102,Rzeszów Główny - Kołobrzeg,Białogard,Sprzęt Elektroniczny
1570,2024-12-31,1122,Terespol Warszawa,Warszawa Zachodnia,Sprzęt Elektroniczny
1571,2024-12-31,6301,Wrocław - Przemyśl,Przemyśl Bak.,Artykuły Dziecięce
1572,2024-12-31,83104,Piła Gł. - Rzeszów Główny,Wyrzysk Osiek,Rzeczy Osobiste
1573,2024-12-31,56100,Gdynia Gł. - Jelenia Góra,Wrocław Główny,Artykuły Dziecięce
1574,2024-12-31,8320,Szczecuin - Kraków,Kraków Główny,Książka
1575,2024-12-31,6300,Wrocław - Przemyśl,Przemyśl Bakończyce,Rzeczy Osobiste
1576,2024-12-31,5320,Olsztyn - Kraków,Kraków Główny,Rzeczy Osobiste
1577,2024-12-31,1808,Suwałki - Szczecin Główny,Szczecin Główny,Rzeczy Osobiste
1578,2024-12-31,18170,Warszawa Wschodnia - Świnoujście,Świnoujście,Dokument/Y
1579,2024-12-31,5324,Olsztyn Główny-Kraków Główny,Kraków Główny,Sprzęt Elektroniczny
1580,2024-12-31,4520,Bielsko-Biała Gł. - Gdynia Gł.,Bydgoszcz Główna,Walizka / Plecak
1581,2024-12-31,6520,Wrocław Gł. - Ełk,Białystok,Rzeczy Osobiste
1582,2024-12-30,1628,Białystok - Wrocław Gł.,Wrocław Główny,Ubranie
1583,2024-12-30,6220,Wrocław Gł. - Kielce Główne,Kielce Główne,Rzeczy Osobiste
1584,2024-12-30,51104,Gdynia Gł. - Łódź Fabryczna,Skierniewice,Walizka / Plecak
1585,2024-12-30,3506,Kraków Gł. - Gdynia Gł.,Gdynia Główna,Walizka / Plecak
1586,2024-12-30,3101,Kraków Gł. - Warszawa Wsch.,Warszawa Olszynka Grochowska,Sprzęt Elektroniczny
1587,2024-12-30,8105,Szczecin - Warszawa,Warszawa Olszynka Grochowska,Reklamówka / Torba
1588,2024-12-30,51106,Gdynia Gł. - Łódź Fabryczna,Łódź Fabryczna,Reklamówka / Torba
1589,2024-12-30,7102,Zielona Góra Gł. - Warszawa Wsch.,Warszawa Wschodnia,Walizka / Plecak
1590,2024-12-30,25100,Chełm - Bydgoszcz Gł.,Toruń Główny,Sprzęt Elektroniczny
1591,2024-12-30,73150,Poznań-Zakopane,Kraków Główny,Walizka / Plecak
1592,2024-12-30,57104,Gdynia Gł. - Zielona Góra Gł.,Zbąszynek,Reklamówka / Torba
1593,2024-12-30,31106,Przemyśl Gł. - Warszawa Wsch.,Warszawa Wschodnia,Sprzęt Elektroniczny
1594,2024-12-30,3506,Kraków Gł. - Gdynia Gł.,Gdynia Główna,Ubranie
1595,2024-12-30,45104,Bielsko-Biała Gł. - Gdynia Gł.,Gdynia Główna,Rzeczy Osobiste
1596,2024-12-30,58106,Olsztyn Gł. - Szczecin Gł.,Lębork,Telefon
1597,2024-12-30,1804,Warszawa Wschodnia - Szczecin Główny,Szczecin Główny,Sprzęt Elektroniczny
1598,2024-12-30,3812,Przemyśl Gł. - Słupsk,Koszalin,Ubranie
1599,2024-12-30,73106,Poznań Gł. - Przemyśl Gł.,Dębica,Sprzęt Elektroniczny
1600,2024-12-30,31107,Przemyśl - Warszawa,Warszawa Olszynka Grochowska,Artykuły Muzyczne
1601,2024-12-30,111,Ostrava Svinov - Warszawa Wsch.,Katowice,Dokument/Y
1602,2024-12-30,8314,Szczecin Gł. - Kraków Gł.,Kraków Główny,Sprzęt Elektroniczny
1603,2024-12-30,8300,Kołobrzeg - Kraków Główny,Kraków Główny,Ubranie
1604,2024-12-30,1310,Warszawa Wschodnia -Kraków Główny,Kraków Główny,Ubranie
1605,2024-12-30,8305,Kołobrzeg- Kraków Główny,Kraków Główny,Ubranie
1606,2024-12-30,1306,Warszawa Wschodnia - Kraków Główny,Kraków Główny,Reklamówka / Torba
1607,2024-12-30,7322,Poznań Gł. - Kraków Gł.,Kraków Główny,Etui
1608,2024-12-30,1306,Warszawa Wschodnia - Kraków Główny,Kraków Główny,Ubranie
1609,2024-12-30,51100,Gdynia Gł. - Łódź Fabryczna,Prabuty,Reklamówka / Torba
1610,2024-12-30,30100,Kraków Gł. - Krynica-Zdrój,Krynica-Zdrój,Walizka / Plecak
1611,2024-12-30,30100,Kraków Gł. - Krynica-Zdrój,Krynica-Zdrój,Telefon
1612,2024-12-30,4120,Bielsko-Biała Gł. - Białystok,Warszawa Centralna,Portfel
1613,2024-12-30,8108,Szczecin Gł. - Suwałki,Białystok,Artykuły Muzyczne
1614,2024-12-30,5602,Olsztyn Gł. - Wrocław Gł.,Wrocław Główny,Portfel
1615,2024-12-30,1127,Terespol-Warszawa,Warszawa Olszynka Grochowska,Sprzęt Elektroniczny
1616,2024-12-30,84100,Słupsk - Katowice,Oborniki Wielkopolskie Miasto,Sprzęt Elektroniczny
1617,2024-12-30,16104,Białystok - Wrocław Gł.,Wrocław Główny,Sprzęt Elektroniczny
1618,2024-12-30,38100,Rzeszów Główny - Świnoujście,Świnoujście,Dokument/Y
1619,2024-12-30,13000,Mockava - Kraków,Kraków Główny,Ubranie
1620,2024-12-30,8322,Szczecin Główny - Kraków Główny,Kraków Główny,Reklamówka / Torba
1621,2024-12-30,83100,Świnoujście - Rzeszów Główny,Warszawa Wschodnia,Telefon
1622,2024-12-30,63106,Jelenia Góra - Kraków,Kraków Główny,Sprzęt Elektroniczny
1623,2024-12-30,7324,Poznań - Kraków,Kraków Główny,Rzeczy Osobiste
1624,2024-12-29,8120,Szczecin Gł-Łodź Fabryczna,Łódź Widzew,Sprzęt Elektroniczny
1625,2024-12-29,44000,Wiedeń - Katowice,Katowice,Sprzęt Elektroniczny
1626,2024-12-29,1122,Terespol - Warszawa Zach.,Warszawa Zachodnia,Sprzęt Elektroniczny
1627,2024-12-29,3506,Kraków Gł. - Gdynia Gł.,Gdynia Główna,Ubranie
1628,2024-12-29,1634,Warszawa Wsch. - Wrocław Gł.,Wrocław Główny,Walizka / Plecak
1629,2024-12-29,56102,Olsztyn Gł. - Wrocław Gł.,Wrocław Główny,Sprzęt Elektroniczny
1630,2024-12-29,5334,Bydgoszcz Gł. - Kraków Gł.,Miechów,Rzeczy Osobiste
1631,2024-12-29,80102,Gorzów Wlkp. - Piła Gł.,Piła Główna,Rzeczy Osobiste
1632,2024-12-29,1306,Warszawa Wsch. - Kraków Gł.,Kraków Główny,Rzeczy Osobiste
1633,2024-12-29,5360,Gdynia Gł. - Zakopane,Zakopane,Artykuły Muzyczne
1634,2024-12-29,460,Praha Hl. N. - Gdynia Gł.,Gdynia Główna,Obuwie
1635,2024-12-29,38106,Zakopane - Szczecin Gł.,Gliwice,Książka
1636,2024-12-29,5602,Olsztyn Gł. - Wrocław Gł.,Wrocław Główny,Rzeczy Osobiste
1637,2024-12-29,3814,Kraków Główny - Szczecin Główny,Szczecin Główny,Sprzęt Elektroniczny
1638,2024-12-29,38192,Zakopane - Szczecin Gł.,Zakopane,Telefon
1639,2024-12-29,6102,Wrocław Gł. - Warszawa Wsch.,Częstochowa Stradom,Rzeczy Osobiste
1640,2024-12-29,65100,Jelenia Góra - Gdynia Gł.,Tczew,Sprzęt Elektroniczny
1641,2024-12-29,3800,Kraków Gł. - Kołobrzeg,Kołobrzeg,Telefon
1642,2024-12-29,5306,Gdynia Główna - Kraków Główny,Kraków Główny,Artykuły Spożywcze
1643,2024-12-29,85102,Szczecin Gł. - Olsztyn Gł.,Pasłęk,Artykuły Spożywcze
1644,2024-12-29,32100,Kraków Gł. - Lublin Gł.,Lublin Główny,Walizka / Plecak
1645,2024-12-29,3508,Rzeszów Główny - Gdynia Gł.,Gdynia Główna,Ubranie
1646,2024-12-29,17100,Warszawa Wsch. - Zielona Góra Gł.,Gorzów Wielkopolski,Rzeczy Osobiste
1647,2024-12-29,83192,Szczecin Gł. - Zakopane,Nowy Targ,Rzeczy Osobiste
1648,2024-12-29,5320,Olsztyn Gł. - Kraków Gł.,Kraków Główny,Ubranie
1649,2024-12-29,5124,Bydgoszcz Gł. - Warszawa Wsch.,Warszawa Wschodnia,Portfel
1650,2024-12-29,130,Zebrzydowice - Warszawa Wsch.,Włoszczowa Północ,Walizka / Plecak
1651,2024-12-29,1000,Łódź Fabryczna - Białystok,Skierniewice,Książka
1652,2024-12-29,6520,Wrocław Gł. - Ełk,Tłuszcz,Sprzęt Elektroniczny
1653,2024-12-29,1306,Warszawa-Kraków,Kraków Główny,Książka
1654,2024-12-29,73100,Poznań Gł. - Kraków Gł.,Kraków Główny,Reklamówka / Torba
1655,2024-12-29,61150,Szklarska Por.G. - Warszawa Wsch.,Jaworzyna Śląska,Rzeczy Osobiste
1656,2024-12-29,38102,Rzeszów Główny - Kołobrzeg,Sochaczew,Rzeczy Osobiste
1657,2024-12-29,25102,Lulin-Bydgoszcz Gł.,Bydgoszcz Główna,Dokument/Y
1658,2024-12-29,83106,Szczecin Gł. - Zakopane,Zakopane,Ubranie
1659,2024-12-29,1350,Warszawa Wsch. - Zakopane,Zakopane,Rzeczy Osobiste
1660,2024-12-29,4522,Katowice - Gdynia Gł.,Gdynia Główna,Rzeczy Osobiste
1661,2024-12-29,6122,Wrocław Gł. - Warszawa Wsch.,Skierniewice,Reklamówka / Torba
1662,2024-12-29,71100,Zielona Góra Gł. - Warszawa Wsch.,Warszawa Wschodnia,Książka
1663,2024-12-28,13100,Warszawa Wsch. - Zakopane,Zakopane,Książka
1664,2024-12-28,5604,Gdynia Gł. - Wrocław Gł.,Wrocław Główny,Dokument/Y
1665,2024-12-28,5326,Olsztyn Gł. - Kraków Gł.,Kraków Główny,Reklamówka / Torba
1666,2024-12-28,7324,Poznań - Kraków,Kraków Główny,Ubranie
1667,2024-12-28,51102,Gdynia Gł. - Łódź Fabryczna,Łódź Fabryczna,Sprzęt Elektroniczny
1668,2024-12-28,83102,Kołobrzeg - Rzeszów Główny,Rzeszów Główny,Ubranie
1669,2024-12-28,83172,Świnoujście - Przemyśl Gł.,Przemyśl Główny,Ubranie
1670,2024-12-28,3504,Kraków Gł. - Gdynia Gł.,Warszawa Olszynka Grochowska,Reklamówka / Torba
1671,2024-12-28,82160,Szczecin Gł. - Lublin Gł.,Lubliniec,Etui
1672,2024-12-28,3724,Kraków Gł. - Poznań Gł.,Poznań Główny,Ubranie
1673,2024-12-28,1302,Warszawa Wsch. - Kraków Gł.,Kraków Główny,Rzeczy Osobiste
1674,2024-12-28,5310,Gdynia - Kraków,Kraków Główny,Rzeczy Osobiste
1675,2024-12-28,15104,Łódź Fabryczna - Gdynia Gł.,Warszawa Centralna,Portfel
1676,2024-12-28,51111,Gdynia -Warszawa,Warszawa Olszynka Grochowska,Sprzęt Elektroniczny
1677,2024-12-28,18154,Łódź Fabryczna - Kołobrzeg,Kołobrzeg,Ubranie
1678,2024-12-28,265,Gdynia Gł. - Praha Hl. N.,Wrocław Główny,Walizka / Plecak
1679,2024-12-28,4500,Bielsko-Biała Gł. - Gdynia Gł.,Bielsko-Biała Główna,Ubranie
1680,2024-12-28,75102,Poznań Gł. - Olsztyn Gł.,Olsztyn Główny,Saszetka / Nerka
1681,2024-12-28,3534,Kraków Gł. - Bydgoszcz Gł.,Bydgoszcz Główna,Ubranie
1682,2024-12-28,24103,Kielce Główne - Katowice,Katowice,Reklamówka / Torba
1683,2024-12-28,45104,Bielsko-Biała Gł. - Gdynia Gł.,Bydgoszcz Główna,Sprzęt Agd
1684,2024-12-28,2702,Lublin Gł. - Zielona Góra Gł.,Zielona Góra Główna,Rzeczy Osobiste
1685,2024-12-28,81114,Kołobrzeg-Łódź Fabryczna,Łodź,Reklamówka / Torba
1686,2024-12-28,86104,Kołobrzeg - Wrocław Gł.,Wrocław Główny,Etui
1687,2024-12-28,72100,Poznań Gł-Lublin Gł,Lublin Główny,Sprzęt Elektroniczny
1688,2024-12-28,16104,Białystok - Wrocław Gł.,Wrocław Główny,Dokument/Y
1689,2024-12-28,61106,Wrocław-Białystok,Białystok,Dokument/Y
1690,2024-12-28,8358,Świnoujście - Przemyśl Gł.,Bochnia,Walizka / Plecak
1691,2024-12-28,20101,Lublin Gł. - Hrubieszów Miasto,Hrubieszów Miasto,Ubranie
1692,2024-12-28,5600,Gdynia Gł. - Wrocław Gł.,Wrocław Główny,Reklamówka / Torba
1693,2024-12-28,2720,Lublin - Poznań,Poznań Główny,Sprzęt Elektroniczny
1694,2024-12-28,25100,Chełm - Bydgoszcz Gł.,Bydgoszcz Główna,Artykuły Medyczne
1695,2024-12-28,4522,Katowice - Gdynia Gł.,Gdynia Główna,Reklamówka / Torba
1696,2024-12-28,8358,Świnoujście - Przemyśl Gł.,Bochnia,Reklamówka / Torba
1697,2024-12-28,8358,Świnoujście - Przemyśl Gł.,Bochnia,Sprzęt Sportowy
1698,2024-12-28,18104,Białystok - Szczecin Gł.,Stargard,Telefon
1699,2024-12-28,23107,Lublin-Kraków,Kraków Główny,Książka
1700,2024-12-28,86100,Kołobrzeg - Wrocław Gł.,Wrocław Główny,Reklamówka / Torba
1701,2024-12-28,5320,Olsztyn Główny -Kraków Główny,Kraków Główny,Ubranie
1702,2024-12-28,5306,Gdynia-Kraków,Kraków Główny,Książka
1703,2024-12-28,73104,Zielona Góra Gł. - Przemyśl Gł.,Jarosław,Sprzęt Elektroniczny
1704,2024-12-28,16152,Warszawa Wsch. - Szklarska Por.G.,Szklarska Poręba Górna,Portfel
1705,2024-12-28,1524,Warszawa Wsch. - Bydgoszcz Gł.,Bydgoszcz Główna,Ubranie
1706,2024-12-28,83171,Kołobrzeg - Kraków,Kraków Główny,Sprzęt Elektroniczny
1707,2024-12-28,38172,Przemyśl Gł. - Świnoujście,Rawicz,Sprzęt Elektroniczny
1708,2024-12-28,406,München Hbf - Warszawa Wsch.,Kraków Główny,Sprzęt Turystyczny
1709,2024-12-27,5424,Olsztyn Gł. - Racibórz,Racibórz,Telefon
1710,2024-12-27,1422,Warszawa Wsch. - Bielsko-Biała Gł.,Bielsko-Biała Główna,Sprzęt Turystyczny
1711,2024-12-27,53170,Gdynia Gł. - Zakopane,Iława Główna,Reklamówka / Torba
1712,2024-12-27,83100,Świnoujście - Rzeszów Główny,Rzeszów Główny,Walizka / Plecak
1713,2024-12-27,1102,Białystok - Łódź Fabryczna,Łódź Fabryczna,Reklamówka / Torba
1714,2024-12-27,5304,Gdynia - Kraków,Kraków Główny,Ubranie
1715,2024-12-27,15102,Łódź Fabryczna - Gdynia Gł.,Gdynia Główna,Walizka / Plecak
1716,2024-12-27,5304,Gdynia - Kraków,Kraków Główny,Rzeczy Osobiste
1717,2024-12-27,1320,Warszawa Wschodnia - Kraków Główny,Kraków Główny,Ubranie
1718,2024-12-27,83170,Kołobrzeg - Kraków Główny,Kraków Główny,Ubranie
1719,2024-12-27,1310,Warszawa - Kraków,Kraków Główny,Książka
1720,2024-12-27,83170,Kołobrzeg - Kraków Główny,Kraków Główny,Sprzęt Turystyczny
1721,2024-12-27,1306,Warszawa Wschodnia - Kraków Główny,Kraków Główny,Książka
1722,2024-12-27,8300,Kołobrzeg - Kraków Gł.,Kraków Główny,Saszetka / Nerka
1723,2024-12-27,1306,Warszawa Wschodnia - Kraków Główny,Kraków Główny,Rzeczy Osobiste
1724,2024-12-27,8300,Kołobrzeg - Kraków Główny,Kraków Główny,Sprzęt Elektroniczny
1725,2024-12-27,5320,Olsztyn - Kraków,Kraków Główny,Ubranie
1726,2024-12-27,8320,Szczecin Główny -Kraków Główny,Kraków Główny,Książka
1727,2024-12-27,5224,Bydgoszcz Gł. - Lublin Gł.,Lublin Główny,Walizka / Plecak
1728,2024-12-27,63100,Wrocław Gł. - Przemyśl Gł.,Katowice,Reklamówka / Torba
1729,2024-12-27,73000,Berlin-Przemyśl Gł.,Przemyśl  Gł.,Rzeczy Osobiste
1730,2024-12-27,1220,Warszawa Zachodnia -Lublni Gł,Lublin Główny,Walizka / Plecak
1731,2024-12-27,78172,Poznań Gł. - Słupsk,Koszalin,Telefon
1732,2024-12-27,1820,Łódź Kaliska - Szczecin Główny,Szczecin Główny,Ubranie
1733,2024-12-27,3858,Przemyśl Gł. - Świnoujście,Wysoka Kamieńska,Ubranie
1734,2024-12-27,15104,Łódź Fabryczna - Gdynia Gł.,Działdowo,Sprzęt Elektroniczny
1735,2024-12-27,26102,Lublin Gł. - Wrocław Gł.,Wrocław Główny,Walizka / Plecak
1736,2024-12-27,4508,Gliwice - Gdynia Gł.,Gdynia Główna,Ubranie
1737,2024-12-27,35104,Zakopane - Gdynia Gł.,Gdynia Główna,Walizka / Plecak
1738,2024-12-27,83172,,Warszawa Olszynka Grochowska,Sprzęt Elektroniczny
1739,2024-12-27,36101,Przemyśl Gł. - Wrocław Gł.,Wrocław Główny,Ubranie
1740,2024-12-27,83170,Kołobrzeg - Kraków,Kraków Główny,Ubranie
1741,2024-12-27,8312,Słupsk - Przemyśl Gł.,Żmigród,Walizka / Plecak
1742,2024-12-27,65102,Wrocław Gł. - Olsztyn Gł.,Olsztyn Główny,Walizka / Plecak
1743,2024-12-27,1006,Łódź Fabryczna - Białystok,Łódź Fabryczna,Sprzęt Elektroniczny
1744,2024-12-27,1102,Białystok - Łódź Fabryczna,Łódź Fabryczna,Ubranie
1745,2024-12-27,41011,Bohumin - Warszawa,Warszawa Olszynka Grochowska,Reklamówka / Torba
1746,2024-12-27,3121,Kraków - Warszawa,Warszawa Olszynka Grochowska,Walizka / Plecak
1747,2024-12-27,83106,Szczecin Gł. - Zakopane,Chabówka Stadion,Reklamówka / Torba
1748,2024-12-27,54104,Gdynia Gł. - Bielsko-Biała Gł.,Bielsko-Biała Główna,Saszetka / Nerka
1749,2024-12-27,6122,Wrocław Gł. - Warszawa Wsch.,Warszawa Wschodnia,Sprzęt Elektroniczny
1750,2024-12-26,65102,Wrocław Gł. - Olsztyn Gł.,Olsztyn Główny,Książka
1751,2024-12-26,81114,Kołobrzeg - Łódź Fabryczna,Malbork,Ubranie
1752,2024-12-26,1428,Warszawa Wsch. - Żywiec,Żywiec,Walizka / Plecak
1753,2024-12-26,5130,Bydgoszcz Gł. - Warszawa Zach.,Toruń Główny,Telefon
1754,2024-12-26,1524,Warszawa Wsch. - Bydgoszcz Gł.,Bydgoszcz Główna,Reklamówka / Torba
1755,2024-12-26,51104,Gdynia Gł. - Łódź Fabryczna,Sopot,Telefon
1756,2024-12-26,71009,Berlin - Warszawa Wsch.,Warszawa Olszynka Grochowska,Książka
1757,2024-12-26,84100,Piła Gł-Warszawa,Warszawa Wschodnia,Walizka / Plecak
1758,2024-12-26,1604,Warszawa Wsch. - Wrocław Gł.,Wrocław Główny,Sprzęt Elektroniczny
1759,2024-12-26,1604,Warszawa Wsch. - Wrocław Gł.,Wrocław Główny,Artykuły Spożywcze
1760,2024-12-26,8300,Kołobrzeg- Kraków Główny,Kraków Główny,Artykuły Biurowe
1761,2024-12-26,83170,Kołobrzeg- Kraków Główny,Kraków Główny,Sprzęt Elektroniczny
1762,2024-12-26,83170,Kołobrzeg- Kraków Główny,Kraków Główny,Ubranie
1763,2024-12-26,231,Berlin Hbf - Gdynia Gł.,Gdynia Główna,Dokument/Y
1764,2024-12-26,8300,Kołobrzeg- Kraków Główny,Kraków Główny,Książka
1765,2024-12-26,51106,Gdynia Gł. - Łódź Fabryczna,Łódź Fabryczna,Reklamówka / Torba
1766,2024-12-26,86100,Kołobrzeg - Wrocław Gł.,Białogard,Obuwie
1767,2024-12-26,8102,Szczecin Gł. - Warszawa Wsch.,Warszawa Wschodnia,Kosztowności
1768,2024-12-26,27100,Lublin Gł. - Poznań Gł.,Sochaczew,Rzeczy Osobiste
1769,2024-12-26,13100,Warszawa Wsch. - Zakopane,Zakopane,Sprzęt Elektroniczny
1770,2024-12-26,8302,Świnoujście - Kraków Główny,Kraków Główny,Reklamówka / Torba
1771,2024-12-26,7322,Poznań Główny-Kraków Główny,Kraków Główny,Etui
1772,2024-12-26,8320,Szczecin - Kraków,Kraków Główny,Ubranie
1773,2024-12-26,51102,Gdynia - Łódź Fabryczna,Łódź Kaliska,Reklamówka / Torba
1774,2024-12-26,8108,Szczecin Główny - Suwałki,Szczecin Główny,Dokument/Y
1775,2024-12-26,38100,Rzeszów Główny - Świnoujście,Świnoujście,Sprzęt Elektroniczny
1776,2024-12-26,49,Berlin Hbf - Warszawa Wsch.,Warszawa Wschodnia,Telefon
1777,2024-12-26,49,Berlin Hbf - Warszawa Wsch.,Warszawa Wschodnia,Ubranie
1778,2024-12-26,17100,Warszawa Wsch. - Zielona Góra Gł.,Babimost,Etui
1779,2024-12-26,37100,,Poznań Główny,Rzeczy Osobiste
1780,2024-12-26,61104,Wrocław Białystok,Białystok,Portfel
1781,2024-12-26,37150,Zakopane - Poznań Gł.,Leszno,Sprzęt Elektroniczny
1782,2024-12-26,5360,Gdynia Gł. - Zakopane,Kalwaria Zebrzydowska Lanckorona,Reklamówka / Torba
1783,2024-12-26,3112,Kraków Gł. - Warszawa Wsch.,Warszawa Wschodnia,Ubranie
1784,2024-12-26,4500,Bielsko-Biała Gł. - Gdynia Gł.,Gdynia Główna,Rzeczy Osobiste
1785,2024-12-26,75102,Poznań Gł. - Olsztyn Gł.,Olsztyn Główny,Ubranie
1786,2024-12-26,88100,Piła Gł. - Szczecin Gł.,Szczecin Główny,Walizka / Plecak
1787,2024-12-26,16102,Warszawa Wsch. - Wrocław Gł.,Wrocław Główny,Rzeczy Osobiste
1788,2024-12-26,56100,Gdynia - Jelenia Góra,Wrocław Główny,Sprzęt Elektroniczny
1789,2024-12-25,18104,Białystok - Szczecin Główny,Szczecin Główny,Rzeczy Osobiste
1790,2024-12-25,91130,Łódź Fabryczna - Warszawa Wsch.,Warszawa Wschodnia,Reklamówka / Torba
1791,2024-12-25,83106,Szczecin Gł. - Zakopane,Zakopane,Ubranie
1792,2024-12-25,53104,Gdynia Gł. - Zakopane,Zakopane,Ubranie
1793,2024-12-25,5700,Gdynia Gł. - Poznań Gł.,Poznań Główny,Saszetka / Nerka
1794,2024-12-25,4160,Wisła Uzdr. - Warszawa Wsch.,Miechów,Ubranie
1795,2024-12-25,6132,Zgorzelec - Warszawa Wsch.,Warszawa Wschodnia,Ubranie
1796,2024-12-25,1820,Łódź Fabryczna - Szczecin Gł.,Stargard,Sprzęt Elektroniczny
1797,2024-12-25,85102,Szczecin Gł. - Olsztyn Gł.,Olsztyn Główny,Ubranie
1798,2024-12-25,84100,Przemyśl Gł. - Katowice,Katowce,Telefon
1799,2024-12-25,3506,Kraków Gł. - Gdynia Gł.,Gdynia Główna,Etui
1800,2024-12-25,5620,Ełk - Wrocław Gł.,Wrocław Główny,Ubranie
1801,2024-12-25,3814,Kraków Gł. - Szczecin Gł.,Wrocław Główny,Telefon
1802,2024-12-25,5326,Olsztyn Główny - Kraków Główny,Kraków Główny,Ubranie
1803,2024-12-25,83102,Kołobrzeg - Rzeszów Główny,Bydgoszcz Główna,Etui
1804,2024-12-25,3814,Kraków Gł. - Szczecin Gł.,Szczecin Główny,Walizka / Plecak
1805,2024-12-25,32104,Kraków Gł. - Lublin Gł.,Lublin Główny,Artykuły Dziecięce
1806,2024-12-25,54104,Gdynia Gł. - Bielsko-Biała Gł.,Opole Główne,Walizka / Plecak
1807,2024-12-25,54104,Gdynia Gł. - Bielsko-Biała Gł.,Kościan,Reklamówka / Torba
1808,2024-12-25,83100,Świnoujście - Rzeszów Główny,Świnoujście,Rzeczy Osobiste
1809,2024-12-25,88100,Piła Gł. - Szczecin Gł.,Recz Pomorski,Reklamówka / Torba
1810,2024-12-25,247,Berlin Hbf - Warszawa Wsch.,Warszawa Centralna,Reklamówka / Torba
1811,2024-12-25,1530,Warszawa Zach. - Bydgoszcz Gł.,Toruń Miasto,Ubranie
1812,2024-12-25,73106,Poznań Gł. - Przemyśl Gł.,Przemyśl Główny,Walizka / Plecak
1813,2024-12-25,5326,Szczecin - Kraków,Kraków Główny,Ubranie
1814,2024-12-25,63172,Wrocław Gł. - Przemyśl Gł.,Przemyśl Główny,Reklamówka / Torba
1815,2024-12-25,53104,Gdynia Gł. - Zakopane,Zakopane,Reklamówka / Torba
1816,2024-12-24,5404,Gdynia Gł. - Gliwice,Gliwice,Ubranie
1817,2024-12-24,75102,Poznań Gł. - Olsztyn Gł.,Olsztyn Główny,Ubranie
1818,2024-12-24,85104,Szczecin   Olsztyn,Olsztyn Główny,Sprzęt Elektroniczny
1819,2024-12-24,5402,Gdynia Gł. - Bielsko-Biała Gł.,Bielsko-Biała Główna,Rzeczy Osobiste
1820,2024-12-24,51102,Gdynia Gł. - Łódź Fabryczna,Ciechanów,Reklamówka / Torba
1821,2024-12-24,6124,Wrocław Gł. - Białystok,Wołomin,Walizka / Plecak
1822,2024-12-24,130,Zebrzydowice - Warszawa Wsch.,Pszczyna,Walizka / Plecak
1823,2024-12-24,8314,Szczecin - Kraków,Kraków Główny,Sprzęt Elektroniczny
1824,2024-12-24,5324,Olsztyn Główny -Kraków Główny,Kraków Główny,Rzeczy Osobiste
1825,2024-12-24,70108,Poznań Gł. - Zielona Góra Gł.,Zielona Góra Główna,Telefon
1826,2024-12-24,73102,Poznań Gł. - Przemyśl Gł.,Przemyśl Główny,Ubranie
1827,2024-12-24,3524,Kraków Gł. - Olsztyn Gł.,Olsztyn Główny,Sprzęt Turystyczny
1828,2024-12-24,85102,Szczecin Gł. - Olsztyn Gł.,Olsztyn Główny,Artykuły Muzyczne
1829,2024-12-24,8110,Szczecin Gł. - Warszawa Wsch.,Warszawa Wschodnia,Sprzęt Elektroniczny
1830,2024-12-24,460,Praha Hl. N. - Gdynia Gł.,Gdynia Główna,Walizka / Plecak
1831,2024-12-24,45,Berlin Gesundbrunnen - Warszawa Wsch.,Warszawa Wschodnia,Rzeczy Osobiste
1832,2024-12-24,6300,Wrocław Gł. - Przemyśl Gł.,Bochnia,Sprzęt Turystyczny
1833,2024-12-24,5330,Olsztyn Gł. - Kraków Gł.,Warszawa Służewiec,Telefon
1834,2024-12-24,3804,Kraków Gł. - Kołobrzeg,Kołobrzeg,Ubranie
1835,2024-12-24,54104,Gdynia Gł. - Bielsko-Biała Gł.,Oborniki Śląskie,Reklamówka / Torba
1836,2024-12-24,1524,Warszawa Wsch. - Bydgoszcz Gł.,Toruń Główny,Artykuły Dziecięce
1837,2024-12-24,73104,Zielona Góea-Przemyśl Gł,Przemyśl Główny,Saszetka / Nerka
1838,2024-12-24,15104,Łódź Fabryczna - Gdynia Gł.,Gdynia Główna,Walizka / Plecak
1839,2024-12-24,3804,Kraków Gł. - Kołobrzeg,Kołobrzeg,Sprzęt Elektroniczny
1840,2024-12-24,6504,Wrocław Gł. - Gdynia Gł.,Gdańsk Oliwa,Sprzęt Elektroniczny
1841,2024-12-24,58106,Olsztyn Gł. - Szczecin Gł.,Chociwel,Artykuły Dziecięce
1842,2024-12-24,5328,Olsztyn Gł. - Kraków Gł.,Suchedniów,Sprzęt Elektroniczny
1843,2024-12-24,8300,Kołobrzeg-Kraków,Kraków Główny,Sprzęt Elektroniczny
1844,2024-12-24,4506,Bielsko-Biała Gł. - Gdynia Gł.,Gdynia Główna,Ubranie
1845,2024-12-24,5320,Olsztyn-Kraków,Kraków Główny,Rzeczy Osobiste
1846,2024-12-24,37102,Przemyśl Gł. - Poznań Gł.,Opole Główne,Kosztowności
1847,2024-12-24,1624,Białystok - Wrocław Gł.,Wrocław Główny,Książka
1848,2024-12-24,263,Gdynia Gł. - Praha Hl.N.,Wrocław Główny,Sprzęt Elektroniczny
1849,2024-12-24,38172,Przemyśl Główny - Świnoujście,Świnoujście,Dokument/Y
1850,2024-12-23,13108,Warszawa Zach. - Rzeszów Główny,Rzeszów Główny,Sprzęt Elektroniczny
1851,2024-12-23,2522,Lublin Gł. - Bydgoszcz Gł.,Bydgoszcz Główna,Rzeczy Osobiste
1852,2024-12-23,8308,Szczecin Gł. - Przemyśl Gł.,Bochnia,Walizka / Plecak
1853,2024-12-23,17102,Warszawa Wsch. - Zielona Góra Gł.,Zielona Góra Główna,Książka
1854,2024-12-23,26104,Lublin Gł. - Wrocław Gł.,Wrocław Główny,Sprzęt Elektroniczny
1855,2024-12-23,54100,Gdynia Gł. - Bielsko-Biała Gł.,Leszno,Sprzęt Elektroniczny
1856,2024-12-23,1628,Białystok - Wrocław Gł.,Pabianice,Walizka / Plecak
1857,2024-12-23,38108,Zakopane - Szczecin Gł.,Kraków Główny,Portfel
1858,2024-12-23,61151,Szklarska Poręba -Warszawa Wschodnia,Warszawa Olszynka Grochowska,Dokument/Y
1859,2024-12-23,202,Bohumin - Wrocław Gł.,Wrocław Główny,Rzeczy Osobiste
1860,2024-12-23,72100,Poznań Gł. - Lublin Gł.,Pilawa,Rzeczy Osobiste
1861,2024-12-23,83104,Piła Gł. - Rzeszów Główny,Sochaczew,Dokument/Y
1862,2024-12-23,16102,Warszawa Wsch. - Wrocław Gł.,Wrocław Główny,Reklamówka / Torba
1863,2024-12-23,5422,Gdynia Gł. - Katowice,Gdańsk Główny,Etui
1864,2024-12-23,5400,Gdynia Gł. - Gliwice,Warszawa Wschodnia,Sprzęt Elektroniczny
1865,2024-12-23,8320,Szczecin-Kraków,Kraków Główny,Rzeczy Osobiste
1866,2024-12-23,8320,Szczecin Gł. - Kraków Gł.,Miechów,Etui
1867,2024-12-23,3534,Kraków Gł. - Bydgoszcz Gł.,Zgierz,Rzeczy Osobiste
1868,2024-12-23,38108,Zakopane - Szczecin Gł.,Kraków Główny,Walizka / Plecak
1869,2024-12-23,15104,Łódź Fabryczna - Gdynia Gł.,Gdynia Główna,Walizka / Plecak
1870,2024-12-23,51110,Gdynia Gł. - Warszawa Wsch.,Czeremcha,Ubranie
1871,2024-12-23,83104,Piła Gł. - Rzeszów Główny,Rzeszów Główny,Walizka / Plecak
1872,2024-12-23,3124,Kraków Gł. - Warszawa Wsch.,Warszawa Wschodnia,Reklamówka / Torba
1873,2024-12-23,83172,Świnoujście - Przemyśl Gł.,Dębica,Rzeczy Osobiste
1874,2024-12-23,85100,Szczecin Gł. - Gdańsk Gł.,Gdańsk Główny,Sprzęt Agd
1875,2024-12-23,83173,Świnoujście-Przemyśl Gł.,Przemyśl Główny,Parasol
1876,2024-12-23,5332,Olsztyn Gł. - Kraków Gł.,Kraków Główny,Ubranie
1877,2024-12-23,4524,Racibórz - Olsztyn Gł.,Olsztyn Zachodni,Artykuły Spożywcze
1878,2024-12-23,7324,Poznań Gł. - Kraków Gł.,Krzeszowice,Sprzęt Elektroniczny
1879,2024-12-23,5320,Olsztyn - Kraków,Kraków Główny,Ubranie
1880,2024-12-23,5330,Olsztyn Główy -Kraków Główny,Kraków Główny,Sprzęt Elektroniczny
1881,2024-12-23,30110,Kraków Gł. - Zagórz,Gorlice Zagórzany,Sprzęt Elektroniczny
1882,2024-12-23,1302,Warszawa - Kraków,Kraków Główny,Książka
1883,2024-12-23,8300,Kołobrzeg -Kraków Główny,Kraków Główny,Etui
1884,2024-12-23,8300,Kołobrzeg -Kraków Główny,Kraków Główny,Ubranie
1885,2024-12-23,75102,Poznań Gł. - Olsztyn Gł.,Olsztyn Główny,Reklamówka / Torba
1886,2024-12-23,3822,Kraków Gł. - Szczecin Gł.,Poznań Główny,Portfel
1887,2024-12-22,38104,Rzeszów Główny - Piła Gł.,Piła Główna,Parasol
1888,2024-12-22,75100,Poznań Gł. - Olsztyn Gł.,Ostróda,Parasol
1889,2024-12-22,65102,Wrocław Gł. - Olsztyn Gł.,Olsztyn Główny,Ubranie
1890,2024-12-22,4121,Bielsko Biała- Białystok,Białystok,Reklamówka / Torba
1891,2024-12-22,70108,Poznań Gł. - Zielona Góra Gł.,Zielona Góra Główna,Sprzęt Elektroniczny
1892,2024-12-22,38106,Zakopane - Szczecin Gł.,Jarocin,Kosztowności
1893,2024-12-22,8300,Kołobrzeg - Kraków Główny,Kraków Główny,Ubranie
1894,2024-12-22,8300,Kołobrzeg - Kraków Główny,Kraków Główny,Obuwie
1895,2024-12-22,1320,Warszawa Wschodnia - Kraków Główny,Kraków Główny,Sprzęt Elektroniczny
1896,2024-12-22,53170,Gdynia Gł. - Zakopane,Chabówka Stadion,Sprzęt Turystyczny
1897,2024-12-22,83172,Świnoujście - Przemyśl Gł.,Przemyśl Główny,Rzeczy Osobiste
1898,2024-12-22,4524,Racibórz - Olsztyn Gł.,Olsztyn Główny,Ubranie
1899,2024-12-22,52102,Bydgoszcz Gł. - Lublin Gł.,Lublin Główny,Ubranie
1900,2024-12-22,83172,Świnoujście - Przemyśl Gł.,Przemyśl Główny,Reklamówka / Torba
1901,2024-12-22,3510,Kraków Gł. - Gdynia Gł.,Gdynia Główna,Rzeczy Osobiste
1902,2024-12-22,8320,Szczecin Gł. - Kraków Gł.,Kraków Główny,Artykuły Dziecięce
1903,2024-12-22,5330,Olsztyn - Kraków,Kraków Główny,Sprzęt Elektroniczny
1904,2024-12-22,20101,Lublin Gł. - Hrubieszów Miasto,Hrubieszów Miasto,Reklamówka / Torba
1905,2024-12-22,62102,Wrocław Gł. - Lublin Gł.,Lublin Główny,Ubranie
1906,2024-12-22,38100,Rzeszów Główny - Świnoujście,Świnoujście,Reklamówka / Torba
1907,2024-12-22,3812,Przemyśl Gł. - Słupsk,Sławno,Sprzęt Elektroniczny
1908,2024-12-22,62104,Wrocław Gł. - Lublin Gł.,Lublin Główny,Walizka / Plecak
1909,2024-12-22,7202,Zielona Góra Gł. - Lublin Gł.,Lublin Główny,Walizka / Plecak
1910,2024-12-22,1634,Warszawa Wsch. - Wrocław Gł.,Wrocław Główny,Etui
1911,2024-12-22,5320,Olsztyn Gł. - Kraków Gł.,Olsztyn Główny,Walizka / Plecak
1912,2024-12-22,81154,Kołobrzeg - Łódź Fabryczna,Tczew,Artykuły Dziecięce
1913,2024-12-22,4522,Katowice - Gdynia Gł.,Solec Kujawski,Portfel
1914,2024-12-22,4506,Bielsko-Biała Gł. - Gdynia Gł.,Gdynia Główna,Ubranie
1915,2024-12-22,1624,Białystok - Wrocław Gł.,Wrocław Główny,Portfel
1916,2024-12-22,5600,Gdynia Gł. - Wrocław Gł.,Wrocław Główny,Reklamówka / Torba
1917,2024-12-22,16104,Białystok - Wrocław Gł.,Łask,Reklamówka / Torba
1918,2024-12-22,37106,Przemyśl Gł. - Poznań Gł.,Strzelce Opolskie,Dokument/Y
1919,2024-12-22,54100,Gdynia Gł. - Bielsko-Biała Gł.,Czechowice-Dziedzice,Reklamówka / Torba
1920,2024-12-22,56100,Gdynia Gł. - Jelenia Góra,Wrocław Główny,Walizka / Plecak
1921,2024-12-22,11150,Terespol - Warszawa Wsch.,Warszawa Wschodnia,Sprzęt Elektroniczny
1922,2024-12-21,3820,Kraków Gł. - Szczecin Gł.,Szczecin Główny,Ubranie
1923,2024-12-21,17102,Warszawa Wsch. - Zielona Góra Gł.,Sulechów,Dokument/Y
1924,2024-12-21,47100,Katowice-Poznań,Poznań Główny,Portfel
1925,2024-12-21,8320,Szczecin Gł. - Kraków Gł.,Kraków Główny,Kosztowności
1926,2024-12-21,56102,Olsztyn Gł. - Wrocław Gł.,Wrocław Główny,Rzeczy Osobiste
1927,2024-12-21,112,Praha - Warszawa,Katowice,Sprzęt Sportowy
1928,2024-12-21,263,Gdynia Gł. - Praha Hl. N.,Wrocław Główny,Dokument/Y
1929,2024-12-21,1622,Warszawa Wsch. - Wrocław Gł.,Wrocław Główny,Sprzęt Elektroniczny
1930,2024-12-21,5300,Gdynia Główna - Kraków Główny,Kraków Główny,Ubranie
1931,2024-12-21,81170,Świnoujście-Warszawa,Warszawa Wschodnia,Walizka / Plecak
1932,2024-12-21,81170,Świnoujście-Warszawa,Warszawa Wschodnia,Książka
1933,2024-12-21,4124,Katowice - Płock,Płock,Ubranie
1934,2024-12-21,5304,Gdynia Główna - Kraków Główny,Kraków Główny,Książka
1935,2024-12-21,1322,Warszawa Wschodnia - Kraków Główny,Kraków Główny,Sprzęt Elektroniczny
1936,2024-12-21,85104,Szczecin Gł. - Olsztyn Gł.,Olsztyn Główny,Sprzęt Elektroniczny
1937,2024-12-21,32103,Katowice-Lublin Gł.,Lublin Główny,Reklamówka / Torba
1938,2024-12-21,4524,Racibórz - Olsztyn Gł.,Olsztyn Główny,Parasol
1939,2024-12-21,4524,Racibórz - Olsztyn Gł.,Olsztynek,Ubranie
1940,2024-12-21,7324,Poznań Gł. - Kraków Gł.,Kraków Główny,Artykuły Biurowe
1941,2024-12-21,5600,Gdynia Gł. - Wrocław Gł.,Oborniki Śląskie,Sprzęt Elektroniczny
1942,2024-12-21,57102,Olsztyn Gł. - Poznań Gł.,Poznań Główny,Ubranie
1943,2024-12-21,8322,Szczecin Gł. - Kraków Gł.,Tomaszów Mazowiecki,Reklamówka / Torba
1944,2024-12-21,83172,Świnoujście - Przemyśl Gł.,Przemyśl Główny,Reklamówka / Torba
1945,2024-12-21,6300,Wrocław Gł. - Przemyśl Gł.,Przemyśl Główny,Rzeczy Osobiste
1946,2024-12-21,63172,Wrocław Gł. - Przemyśl Gł.,Przemyśl Główny,Ubranie
1947,2024-12-21,63172,Wrocław Gł. - Przemyśl Gł.,Przeworsk,Ubranie
1948,2024-12-21,8106,Szczecin Gł. - Warszawa Wsch.,Koło,Walizka / Plecak
1949,2024-12-21,61104,Wrocław Gł. - Białystok,Białystok,Artykuły Spożywcze
1950,2024-12-21,83172,Świnoujście - Przemyśl Gł.,Przemyśl Główny,Sprzęt Elektroniczny
1951,2024-12-21,8108,Szczecin Gł. - Suwałki,Wołomin,Telefon
1952,2024-12-21,83106,Szczecin Gł. - Zakopane,Olesno Śląskie,Telefon
1953,2024-12-21,70108,Poznań Gł. - Zielona Góra Gł.,Zielona Góra Główna,Rzeczy Osobiste
1954,2024-12-21,6520,Wrocław Gł. - Ełk,Ełk,Artykuły Muzyczne
1955,2024-12-21,8320,Szczecin Gł. - Kraków Gł.,Kraków Główny,Reklamówka / Torba
1956,2024-12-21,1322,Warszawa Wsch. - Kraków Gł.,Kraków Główny,Reklamówka / Torba
1957,2024-12-21,1328,Łódź Fabryczna - Kraków Główny,Kraków Główny,Książka
1958,2024-12-21,13106,Warszawa Wsch. - Przemyśl Gł.,Jarosław,Portfel
1959,2024-12-21,13102,Warszawa Wschodnia - Kraków Główny,Kraków Główny,Obuwie
1960,2024-12-21,63106,Jelenia Góra - Kraków Główny,Kraków Główny,Artykuły Spożywcze
1961,2024-12-21,5604,Gdynia Gł. - Wrocław Gł.,Leszno,Reklamówka / Torba
1962,2024-12-21,61151,Wrocław-Warszawa,Warszawa Olszynka Grochowska,Walizka / Plecak
1963,2024-12-21,4122,Bielsko Biała - Warszawa Wsch.,Warszawa Olszynka Grochowska,Walizka / Plecak
1964,2024-12-21,8110,Szczecin Gł. - Warszawa Wsch.,Warszawa Olszynka Grochowska,Książka
1965,2024-12-21,1602,Warszawa Wsch. - Wrocław Gł.,Wrocław Główny,Walizka / Plecak
1966,2024-12-21,6120,Wrocław Gł. - Warszawa Wsch.,Warszawa Centralna,Dokument/Y
1967,2024-12-21,3500,Kraków Gł. - Gdynia Gł.,Warszawa Wschodnia,Rzeczy Osobiste
1968,2024-12-21,113,Praha Hl. N. - Warszawa Wsch.,Warszawa Centralna,Reklamówka / Torba
1969,2024-12-21,6102,Wrocław Gł. - Warszawa Wsch.,Warszawa Wschodnia,Reklamówka / Torba
1970,2024-12-21,26100,Lublin Gł. - Wrocław Gł.,Lubliniec,Telefon
1971,2024-12-21,1808,Suwałki - Szczecin Gł.,Koło,Reklamówka / Torba
1972,2024-12-21,1809,Suwałki - Szczecin Główny,Szczecin Główny,Rzeczy Osobiste
1973,2024-12-21,52100,Bydgoszcz Gł. - Chełm,Chełm,Portfel
1974,2024-12-21,5220,Bydgoszcz Gł.-Lublin Gł.,Lublin,Sprzęt Elektroniczny
1975,2024-12-21,5424,Olsztyn Gł. - Racibórz,Racibórz,Sprzęt Turystyczny
1976,2024-12-21,202,Bohumin - Wrocław Gł.,Opole Główne,Saszetka / Nerka
1977,2024-12-21,8108,Szczecin Gł. - Suwałki,Dąbrowa Białostocka,Walizka / Plecak
1978,2024-12-21,38108,Zakopane - Szczecin Gł.,Nowy Dwór Mazowiecki,Rzeczy Osobiste
1979,2024-12-21,1628,Białystok - Wrocław Gł.,Wrocław Główny,Walizka / Plecak
1980,2024-12-21,81114,Kołobrzeg - Łódź Fabryczna,Kołobrzeg,Parasol
1981,2024-12-20,23112,Hrubieszów - Kraków,Kraków Główny,Rzeczy Osobiste
1982,2024-12-20,3858,Przemyśl Gł. - Świnoujście,Świnoujście,Reklamówka / Torba
1983,2024-12-20,3802,Kraków Gł. - Świnoujście,Kostrzyn,Sprzęt Elektroniczny
1984,2024-12-20,5304,Gdynia Główna - Kraków Główny,Kraków Główny,Sprzęt Elektroniczny
1985,2024-12-20,8354,Szczecin Gł. - Przemyśl Gł.,Głogów,Reklamówka / Torba
1986,2024-12-20,5422,Gdynia Gł. - Katowice,Włocławek,Rzeczy Osobiste
1987,2024-12-20,1624,Białystok - Wrocław Gł.,Wrocław Główny,Ubranie
1988,2024-12-20,3122,Kraków Gł. - Warszawa Wsch.,Kielce Główne,Sprzęt Elektroniczny
1989,2024-12-20,5124,Bydgoszcz Gł. - Warszawa Wsch.,Warszawa Wschodnia,Kosztowności
1990,2024-12-20,3858,Przemyśl Gł. - Świnoujście,Zielona Góra Główna,Dokument/Y
1991,2024-12-20,5424,Olsztyn Gł. - Racibórz,Racibórz,Artykuły Medyczne
1992,2024-12-20,4508,Gliwice - Gdynia Gł.,Gdynia Główna,Rzeczy Osobiste
1993,2024-12-20,15110,Warszawa Wsch. - Gdynia Gł.,Biała Piska,Walizka / Plecak
1994,2024-12-20,8104,Szczecin Gł. - Warszawa Wsch.,Warszawa Wschodnia,Ubranie
1995,2024-12-20,5306,Gdynia Główna - Kraków Główny,Kraków Główny,Reklamówka / Torba
1996,2024-12-20,4504,Bielsko-Biała Gł. - Gdynia Gł.,Sopot,Dokument/Y
1997,2024-12-20,12010,Warszawa Wsch. - Dorohusk,Dorohusk,Walizka / Plecak
1998,2024-12-20,3530,Kraków Gł. - Olsztyn Gł.,Olsztyn Główny,Ubranie
1999,2024-12-20,1005,Łódź Fabryczna - Białystok,Białystok,Reklamówka / Torba
2000,2024-12-20,73102,Poznań Gł. - Przemyśl Gł.,Łańcut,Dokument/Y
2001,2024-12-20,61103,Wrocław-Warszawa,Warszawa Olszynka Grochowska,Walizka / Plecak
2002,2024-12-20,1320,Warszawa Wsch. - Kraków Gł.,Jędrzejów,Reklamówka / Torba
2003,2024-12-20,61105,Wrocław Gł. - Białystok,Białystok,Książka
2004,2024-12-20,16104,Białystok - Wrocław Gł.,Wrocław Główny,Walizka / Plecak
2005,2024-12-20,5128,,Lódż Kaliska,Portfel
2006,2024-12-20,17100,Warszawa Wsch. - Zielona Góra Gł.,Zielona Góra Główna,Artykuły Dziecięce
2007,2024-12-20,8302,Świnoujście - Kraków Główny,Kraków Główny,Artykuły Dziecięce
2008,2024-12-20,83172,Świnoujście - Przemyśl Gł.,Poznań Główny,Telefon
2009,2024-12-20,5602,Olsztyn Gł. - Wrocław Gł.,Wrocław Główny,Rzeczy Osobiste
2010,2024-12-20,85110,Kostrzyn - Gdynia Gł.,Gdynia Główna,Sprzęt Elektroniczny
2011,2024-12-20,18114,Łódź Fabryczna - Kołobrzeg,Lębork,Walizka / Plecak
2012,2024-12-20,83170,Kołobrzeg - Kraków Gł.,Tczew,Reklamówka / Torba
2013,2024-12-20,5424,Olsztyn Gł. - Racibórz,Racibórz,Ubranie
2014,2024-12-20,5424,Olsztyn Gł. - Racibórz,Racibórz,Parasol
2015,2024-12-20,5332,Olsztyn - Kraków,Kraków Główny,Rzeczy Osobiste
2016,2024-12-20,1106,Białystok - Łódź Fabryczna,Łódź Fabryczna,Walizka / Plecak
2017,2024-12-20,143,Mockava - Kraków,Kraków Główny,Telefon
2018,2024-12-20,4524,Krakow-Olsztyn,Olsztyn Główny,Książka
2019,2024-12-20,1320,Warszawa Wschodnia - Kraków Główny,Kraków Główny,Sprzęt Elektroniczny
2020,2024-12-20,16106,Białystok - Wrocław Gł.,Ostrów Wielkopolski,Artykuły Dziecięce
2021,2024-12-20,83110,Kołobrzeg - Kraków Główny,Kraków Główny,Książka
2022,2024-12-20,38100,Rzeszów Główny - Świnoujście,Świnoujście,Ubranie
2023,2024-12-20,5304,Gdynia Główna - Kraków Główny,Kraków Główny,Ubranie
2024,2024-12-20,12102,Warszawa Wsch. - Lublin Gł.,Lublin Główny,Reklamówka / Torba
2025,2024-12-20,5302,Gdynia Główna - Kraków Główny,Kraków Główny,Sprzęt Turystyczny
2026,2024-12-20,51104,Gdynia Gł-Łódż Fabryczna,Łódź Fabr,Ubranie
2027,2024-12-20,13107,,Przemyśl Bakończyce,Sprzęt Sportowy
2028,2024-12-20,5306,Gdynia Gł. - Kraków Gł.,Kraków Główny,Ubranie
2029,2024-12-20,8322,Szczecin Gł. - Kraków Gł.,Kraków Główny,Walizka / Plecak
2030,2024-12-20,31000,Kraków - Suwałki,Białystok,Rzeczy Osobiste
2031,2024-12-20,53170,Gdynia Gł. - Zakopane,Zakopane,Walizka / Plecak
2032,2024-12-20,1304,Warszawa Wschodnia - Kraków Główny,Kraków Główny,Etui
2033,2024-12-20,1520,Warszawa Zach. - Olsztyn Gł.,Olsztyn Główny,Artykuły Spożywcze
2034,2024-12-20,13108,Warszawa Zach. - Rzeszów Główny,Rzeszów Główny,Ubranie
2035,2024-12-19,45104,Bielsko-Biała Gł. - Gdynia Gł.,Poznań Główny,Rzeczy Osobiste
2036,2024-12-19,8300,Kołobrzeg - Kraków Gł.,Kraków Główny,Walizka / Plecak
2037,2024-12-19,3808,Przemyśl Gł. - Szczecin Gł.,Kraków Główny,Sprzęt Elektroniczny
2038,2024-12-19,26104,Lublin Gł. - Wrocław Gł.,Wrocław Główny,Saszetka / Nerka
2039,2024-12-19,71003,Berlin-Warszawa,Warszawa Olszynka Grochowska,Sprzęt Elektroniczny
2040,2024-12-19,3800,Kraków Gł. - Kołobrzeg,Gdynia Główna,Etui
2041,2024-12-19,262,Praha Hl. N. - Gdynia Gł.,Bydgoszcz Główna,Walizka / Plecak
2042,2024-12-19,3800,Kraków Gł. - Kołobrzeg,Kołobrzeg,Reklamówka / Torba
2043,2024-12-19,83173,,Przemyśl Bakończyce,Sprzęt Elektroniczny
2044,2024-12-19,1312,Warszawa Wschodnia- Kraków Główny,Kraków Główny,Ubranie
2045,2024-12-19,65102,Wrocław-Olsztyn Gł.,Olsztyn Główny,Sprzęt Turystyczny
2046,2024-12-19,3524,Kraków Gł. - Olsztyn Gł.,Olsztyn Główny,Ubranie
2047,2024-12-19,75102,Poznań Gł. - Olsztyn Gł.,Poznań Główny,Obuwie
2048,2024-12-19,1804,Warszawa Wschodnia - Szczecin Główny,Szczecin Główny,Dokument/Y
2049,2024-12-19,113,Praha Hl. N. - Warszawa Wsch.,Warszawa Wschodnia,Rzeczy Osobiste
2050,2024-12-19,19130,Warszawa Wsch. - Łódź Fabryczna,Łódź Fabryczna,Książka
2051,2024-12-19,3506,Kraków Gł. - Gdynia Gł.,Gdynia Główna,Artykuły Medyczne
2052,2024-12-19,16106,Białystok - Wrocław Gł.,Wrocław Główny,Ubranie
2053,2024-12-19,12100,Warszawa Zach. - Chełm,Chełm Miasto,Sprzęt Elektroniczny
2054,2024-12-19,3500,Kraków Gł. - Gdynia Gł.,Gdynia Główna,Dokument/Y
2055,2024-12-19,3504,Kraków Gł. - Gdynia Gł.,Gdynia Główna,Książka
2056,2024-12-19,4121,Bielsko Biała Gł,Białystok,Walizka / Plecak
2057,2024-12-19,31109,Rzeszów-Warszawa,Warszawa Olszynka Grochowska,Portfel
2058,2024-12-19,52100,Bydgoszcz Gł. - Chełm,Chełm,Artykuły Dziecięce
2059,2024-12-19,52100,Bydgoszcz Gł. - Chełm,Chełm,Ubranie
2060,2024-12-19,1420,Białystok - Bielsko-Biała Gł.,Białystok,Reklamówka / Torba
2061,2024-12-19,3120,Kraków Gł. - Warszawa Wsch.,Warszawa Wschodnia,Walizka / Plecak
2062,2024-12-19,52100,Bydgoszcz Gł. - Chełm,Chełm,Sprzęt Elektroniczny
2063,2024-12-19,24101,Kielce Główne - Gliwice,Gliwice,Etui
2064,2024-12-19,15106,Łódź Fabryczna - Gdynia Gł.,Gdynia Główna,Walizka / Plecak
2065,2024-12-19,5304,Gdynia-Kraków,Kraków Główny,Ubranie
2066,2024-12-19,1620,,Wrocław Główny,Ubranie
2067,2024-12-19,5330,Olsztyn Główny - Kraków Główny,Kraków Główny,Sprzęt Elektroniczny
2068,2024-12-19,3528,Kraków Gł. - Olsztyn Gł.,Suchedniów,Ubranie
2069,2024-12-19,8320,Szczecin -Kraków,Kraków Główny,Ubranie
2070,2024-12-19,1808,Suwałki - Szczecin Gł.,Szczecin Główny,Walizka / Plecak
2071,2024-12-19,7322,Poznań-Kraów,Kraków Główny,Książka
2072,2024-12-19,3808,Przemyśl Gł. - Szczecin Gł.,Szczecin Główny,Reklamówka / Torba
2073,2024-12-19,41011,Monachium -Warszawa Wschodnia,Warszawa Olszynka Grochowska,Walizka / Plecak
2074,2024-12-19,3600,Przemyśl Gł. - Wrocław Gł.,Wrocław Główny,Artykuły Biurowe
2075,2024-12-19,6104,Wrocław - Warszawa,Warszawa Olszynka Grochowska,Książka
2076,2024-12-19,16152,Warszawa Wsch. - Szklarska Por.G.,Szklarska Poręba Górna,Artykuły Biurowe
2077,2024-12-19,3122,Kraków - Warszawa,Warszawa Olszynka Grochowska,Książka
2078,2024-12-19,1604,Warszawa Wsch. - Wrocław Gł.,Wrocław Główny,Artykuły Dziecięce
2079,2024-12-19,37106,Przemyśl Gł. - Poznań Gł.,Poznań Główny,Sprzęt Turystyczny
2080,2024-12-19,37106,Przemyśl Gł. - Poznań Gł.,Poznań Główny,Walizka / Plecak
2081,2024-12-19,5320,Olsztyn Główny- Kraków Główny,Kraków Główny,Ubranie
2082,2024-12-19,83104,Piła Gł. - Rzeszów Główny,Rzeszów Główny,Walizka / Plecak
2083,2024-12-19,1302,Warszawa Wschodnia- Kraków Główny,Kraków Główny,Sprzęt Elektroniczny
2084,2024-12-19,1304,Warszawa Wschodnia- Kraków Głowny,Kraków Główny,Artykuły Biurowe
2085,2024-12-19,1304,Warszawa Wschodnia- Kraków Główny,Kraków Główny,Ubranie
2086,2024-12-19,5302,Gdynia Główna- Kraków Główny,Kraków Główny,Ubranie
2087,2024-12-18,5105,Gdynia-Warszawa,Warszawa Olszynka Grochowska,Sprzęt Elektroniczny
2088,2024-12-18,5328,Olsztyn-Kraków,Kraków Główny,Sprzęt Turystyczny
2089,2024-12-18,63173,,Przemyśl Bakończyce,Sprzęt Elektroniczny
2090,2024-12-18,45104,Bielsko-Biała Gł. - Gdynia Gł.,Gdynia Główna,Artykuły Spożywcze
2091,2024-12-18,37102,Przemyśl Gł. - Poznań Gł.,Rawicz,Walizka / Plecak
2092,2024-12-18,3500,Kraków Gł. - Gdynia Gł.,Gdynia Główna,Reklamówka / Torba
2093,2024-12-18,20101,Lublin Gł. - Hrubieszów Miasto,Hrubieszów Miasto,Telefon
2094,2024-12-18,,Wars,Wrocław Główny,Sprzęt Elektroniczny
2095,2024-12-18,5328,Olsztyn Główny - Kraków Główny,Kraków Główny,Ubranie
2096,2024-12-18,3800,Kraków Gł. - Kołobrzeg,Kołobrzeg,Reklamówka / Torba
2097,2024-12-18,8304,Kołobrzeg- Kraków Główny,Kraków Główny,Sprzęt Elektroniczny
2098,2024-12-18,31107,Przemyśl Gł. - Warszawa Wsch.,Warszawa Olszynka Grochowska,Telefon
2099,2024-12-18,4508,Gliwice - Gdynia Gł.,Warszawa Wschodnia,Reklamówka / Torba
2100,2024-12-18,460,Praha Hl. N. - Gdynia Gł.,Gdynia Główna,Reklamówka / Torba
2101,2024-12-18,4128,Żywiec - Warszawa Wsch.,Warszawa Olszynka Grochowska,Artykuły Biurowe
2102,2024-12-18,23112,,Hrubieszów-Kraków Główny,Ubranie
2103,2024-12-18,5306,Gdynia Główna -Kraków Główny,Kraków Główny,Rzeczy Osobiste
2104,2024-12-18,13103,Warszawa Wschodnia- Kraków Główny,Kraków Główny,Sprzęt Turystyczny
2105,2024-12-18,13104,Warszawa Wsch. - Przemyśl Gł.,Łańcut,Pieniądze
2106,2024-12-18,45102,Katowice - Gdynia Gł.,Sopot,Artykuły Spożywcze
2107,2024-12-18,341,Ostrava-Svinov - Warszawa Wsch.,Warszawa Wschodnia,Sprzęt Elektroniczny
2108,2024-12-18,38172,Przemyśl Główny - Świnoujście,Świnoujście,Dokument/Y
2109,2024-12-18,8302,Świnoujście- Kraków Główny,Kraków Główny,Ubranie
2110,2024-12-18,3502,Kraków Gł. - Gdynia Gł.,Gdynia Główna,Reklamówka / Torba
2111,2024-12-18,3108,Kraków Gł. - Warszawa Wsch.,Warszawa Wschodnia,Ubranie
2112,2024-12-18,3528,Kraków Gł. - Olsztyn Gł.,Olsztyn Główny,Walizka / Plecak
2113,2024-12-18,8320,Szczecin Gł. - Kraków Gł.,Kraków Główny,Parasol
2114,2024-12-18,8306,Słupsk - Przemyśl Gł.,Przemyśl Główny,Reklamówka / Torba
2115,2024-12-18,6130,Wrocław Gł. - Warszawa Wsch.,Radomsko,Książka
2116,2024-12-18,1304,Warszawa-Kraków,Kraków Główny,Sprzęt Elektroniczny
2117,2024-12-18,1804,Warszawa Wsch. - Szczecin Gł.,Poznań Główny,Saszetka / Nerka
2118,2024-12-18,1810,Warszawa Wsch. - Szczecin Gł.,Dobiegniew,Sprzęt Elektroniczny
2119,2024-12-18,73102,Poznań Gł. - Przemyśl Gł.,Przemyśl Główny,Ubranie
2120,2024-12-18,81114,Kołobrzeg - Łódź Fabryczna,Skierniewice,Ubranie
2121,2024-12-18,3122,Kraków Gł. - Warszawa Wsch.,Warszawa Wschodnia,Reklamówka / Torba
2122,2024-12-18,38192,Zakopane - Szczecin Główny,Szczecin Główny,Sprzęt Elektroniczny
2123,2024-12-18,1320,Warszawa Wsch. - Kraków Gł.,Jędrzejów,Ubranie
2124,2024-12-18,6130,Wrocław Gł. - Warszawa Wsch.,Warszawa Wschodnia,Rzeczy Osobiste
2125,2024-12-17,16102,,Wrocław Główny,Ubranie
2126,2024-12-17,84100,Słupsk - Katowice,Białogard,Sprzęt Elektroniczny
2127,2024-12-17,4128,Żywiec - Warszawa Wsch.,Żywiec,Sprzęt Elektroniczny
2128,2024-12-17,63173,,Przemyśl Bakończyce,Sprzęt Elektroniczny
2129,2024-12-17,6504,Wrocław Gł. - Gdynia Gł.,Gdynia Główna,Reklamówka / Torba
2130,2024-12-17,86103,,Wrocław Główny,Portfel
2131,2024-12-17,16102,,Wrocław Główny,Artykuły Muzyczne
2132,2024-12-17,4502,Gliwice - Gdynia Gł.,Gdynia Główna,Ubranie
2133,2024-12-17,63101,,Przemyśl Bakończyce,Sprzęt Elektroniczny
2134,2024-12-17,18170,Warszawa Wschodnia - Świnoujście,Świnoujście,Telefon
2135,2024-12-17,262,Praha Hl. N. - Gdynia Gł.,Tczew,Dokument/Y
2136,2024-12-17,83110,Kołobrzeg-Kraków,Kraków Główny,Ubranie
2137,2024-12-17,65102,Wrocław Gł. - Olsztyn Gł.,Ostróda,Reklamówka / Torba
2138,2024-12-17,85104,Szczecin Gł. - Olsztyn Gł.,Olsztyn Główny,Ubranie
2139,2024-12-17,25100,Chełm - Bydgoszcz Gł.,Bydgoszcz Główna,Ubranie
2140,2024-12-17,115,Praha Hl. N. - Przemyśl Gł.,Przemyśl Główny,Walizka / Plecak
2141,2024-12-17,5320,Olsztyn Gł. - Kraków Gł.,Olsztyn Zachodni,Sprzęt Elektroniczny
2142,2024-12-17,8304,Kołobrzeg - Kraków Gł.,Trzebinia,Telefon
2143,2024-12-17,,,Wrocław Główny,Dokument/Y
2144,2024-12-17,5220,Bydgoszcz Gł - Lublin Gł,Lublin Główny,Portfel
2145,2024-12-17,3804,Kraków Gł. - Kołobrzeg,Poznań Główny,Sprzęt Elektroniczny
2146,2024-12-17,249,Berlin Gesundbrunnen - Warszawa Wsch.,Legnica,Rzeczy Osobiste
2147,2024-12-17,8109,Szczecin Gł. - Suwałki,Białystok,Reklamówka / Torba
2148,2024-12-17,1702,Warszawa Wsch. - Zielona Góra Gł.,Poznań Główny,Sprzęt Elektroniczny
2149,2024-12-17,4524,Racibórz - Olsztyn Gł.,Olsztyn Główny,Sprzęt Agd
2150,2024-12-17,6133,Wrocław-Warszawa,Warszawa Olszynka Grochowska,Dokument/Y
2151,2024-12-17,71100,Zielona Góra-Warszawa,Warszawa Olszynka Grochowska,Dokument/Y
2152,2024-12-17,3560,Zakopane - Gdynia Gł.,Kutno,Walizka / Plecak
2153,2024-12-17,1524,Warszawa - Bydgoszcz,Bydgoszcz Główna,Rzeczy Osobiste
2154,2024-12-17,45100,Bielsko-Biała Gł. - Gdynia Gł.,Laskowice Pomorskie,Sprzęt Elektroniczny
2155,2024-12-17,1624,Białystok - Wrocław Gł.,Wrocław Główny,Artykuły Spożywcze
2156,2024-12-17,7320,Poznań Główny- Kraków Główny,Kraków Główny,Artykuły Biurowe
2157,2024-12-16,1302,Warszawa Wschodnia - Kraków Główny,Kraków Główny,Rzeczy Osobiste
2158,2024-12-16,5600,Gdynia Gł. - Wrocław Gł.,Tczew,Dokument/Y
2159,2024-12-16,262,Praha Hl. N. - Gdynia Gł.,Leszno,Dokument/Y
2160,2024-12-16,1304,Warszawa Wschodnia - Kraków Główny,Kraków Główny,Sprzęt Elektroniczny
2161,2024-12-16,1320,Warszawa-Kraków,Kraków Główny,Ubranie
2162,2024-12-16,37150,,Poznań Główny,Portfel
2163,2024-12-16,54102,Gdynia Gł. - Katowice,Zgierz,Rzeczy Osobiste
2164,2024-12-16,17100,Warszawa Wsch. - Zielona Góra Gł.,Poznań Główny,Sprzęt Elektroniczny
2165,2024-12-16,57104,Gdynia Gł. - Zielona Góra Gł.,Zielona Góra Główna,Sprzęt Turystyczny
2166,2024-12-16,61104,Wrocław Gł. - Białystok,Białystok,Reklamówka / Torba
2167,2024-12-16,16152,Warszawa Wsch. - Szklarska Por.G.,Szklarska Poręba Górna,Artykuły Muzyczne
2168,2024-12-16,26102,Lublin Gł. - Wrocław Gł.,Wrocław Główny,Sprzęt Elektroniczny
2169,2024-12-16,111,Ostrava-Svinov - Warszawa Wsch.,Warszawa Wschodnia,Sprzęt Elektroniczny
2170,2024-12-16,3802,Kraków Główny - Świnoujście,Świnoujście,Telefon
2171,2024-12-16,3125,Kraków -Warszawa Wschodnia,Warszawa Olszynka Grochowska,Walizka / Plecak
2172,2024-12-16,83104,Piła Gł. - Rzeszów Główny,Rzeszów Główny,Walizka / Plecak
2173,2024-12-16,85110,Kostrzyn - Gdynia Gł.,Gdynia Główna,Reklamówka / Torba
2174,2024-12-16,115,Praha Hl. N. - Przemyśl Gł.,Jarosław,Artykuły Biurowe
2175,2024-12-16,17100,Warszawa Wsch - Zielona Góra,Poznań Głowny,Sprzęt Elektroniczny
2176,2024-12-16,5315,Gdynia Przemyśl Gł.,Przemyśl Główny,Reklamówka / Torba
2177,2024-12-16,7203,Zielona Góra-Lublin,Lublin,Portfel
2178,2024-12-16,3524,Kraków Gł. - Olsztyn Gł.,Olsztyn Główny,Ubranie
2179,2024-12-16,1428,Warszawa Wsch. - Żywiec,Żywiec,Rzeczy Osobiste
2180,2024-12-16,38172,Przemyśl Gł. - Świnoujście,Bochnia,Rzeczy Osobiste
2181,2024-12-16,61102,Wrocław Gł. - Warszawa Wsch.,Warszawa Wschodnia,Reklamówka / Torba
2182,2024-12-16,23100,Lublin Gł. - Kraków Gł.,Kraków Główny,Ubranie
2183,2024-12-16,1306,Warszawa-Kraków,Kraków Główny,Książka
2184,2024-12-16,6520,Wrocław Gł. - Ełk,Białystok Zielone Wzgórza,Sprzęt Elektroniczny
2185,2024-12-16,73102,Poznań Gł. - Przemyśl Gł.,Przemyśl Główny,Ubranie
2186,2024-12-16,8320,Szczecin Główny- Kraków Główny,Kraków Główny,Rzeczy Osobiste
2187,2024-12-16,13000,Mockava- Kraków Główny,Kraków Główny,Artykuły Dziecięce
2188,2024-12-16,5306,Gdynia Główna- Kraków Główny,Kraków Główny,Parasol
2189,2024-12-16,85106,Szczecin-Olsztyn,Olsztyn Główny,Sprzęt Elektroniczny
2190,2024-12-16,57102,Olsztyn Gł. - Poznań Gł.,Poznań Główny,Walizka / Plecak
2191,2024-12-16,15102,Łódź Fabryczna - Gdynia Gł.,Gdynia Główna,Sprzęt Elektroniczny
2192,2024-12-15,3534,Kraków Gł. - Bydgoszcz Gł.,Bydgoszcz Główna,Sprzęt Elektroniczny
2193,2024-12-15,5400,Gdynia Główna - Gliwice,Gdynia Grabówek,Portfel
2194,2024-12-15,9102,Łódź Fabryczna - Warszawa Wsch.,Warszawa Wschodnia,Ubranie
2195,2024-12-15,5308,Gdynia Gł. - Rzeszów Główny,Rzeszów Główny,Rzeczy Osobiste
2196,2024-12-15,5620,Ełk - Wrocław Gł.,Warszawa Zachodnia,Sprzęt Elektroniczny
2197,2024-12-15,72100,Poznań Gł. - Lublin Gł.,Lublin Główny,Sprzęt Elektroniczny
2198,2024-12-15,63173,Wrocław-Przemyśl Gł.,Przemyśl Główny,Sprzęt Elektroniczny
2199,2024-12-15,1310,Warszawa Wschodnia - Kraków Główny,Kraków Główny,Artykuły Dziecięce
2200,2024-12-15,8304,Kołobrzeg - Kraków Gł.,Opole Główne,Walizka / Plecak
2201,2024-12-15,1306,Warszawa - Kraków,Kraków Główny,Książka
2202,2024-12-15,51106,Gdynia Gł. - Łódź Fabryczna,Łódź Widzew,Sprzęt Elektroniczny
2203,2024-12-15,1460,Warszawa Wsch. - Wisła Uzdr.,Wisła Uzdrowisko,Książka
2204,2024-12-15,5306,Gdynia Główna - Kraków Główny,Kraków Główny,Ubranie
2205,2024-12-15,5310,Gdynia Główna- Kraków Główny,Kraków Główny,Artykuły Biurowe
2206,2024-12-15,262,Praha Hl. N. - Gdynia Gł.,Gdańsk Oliwa,Rzeczy Osobiste
2207,2024-12-15,83173,Świnoujście-Przemyśl Gł.,Przemyśl Główny,Sprzęt Elektroniczny
2208,2024-12-15,45,Berlin Gesundbrunnen - Warszawa Wsch.,Warszawa Centralna,Ubranie
2209,2024-12-15,1102,Białystok - Łódź,Łódź Kaliska,Saszetka / Nerka
2210,2024-12-15,72100,Poznań Gł. - Lublin Gł.,Dęblin,Rzeczy Osobiste
2211,2024-12-15,81114,Kołobrzeg - Łódź,Łódź Kaliska,Sprzęt Elektroniczny
2212,2024-12-15,5304,Gdynia - Kraków,Kraków Główny,Ubranie
2213,2024-12-15,52100,Bydgoszcz Gł. - Chełm,Chełm,Walizka / Plecak
2214,2024-12-15,5300,Gdynia - Kraków,Kraków Główny,Książka
2215,2024-12-15,1800,Warszawa Wsch. - Szczecin Gł.,Poznań Główny,Kosztowności
2216,2024-12-15,5330,Olsztyn Gł. - Kraków Gł.,Kraków Główny,Sprzęt Elektroniczny
2217,2024-12-15,36100,,Wrocław Główny,Ubranie
2218,2024-12-15,3534,Kraków Gł. - Bydgoszcz Gł.,Solec Kujawski,Etui
2219,2024-12-15,73104,,Wrocław Główny,Ubranie
2220,2024-12-15,38102,Kraków Główny - Świnoujście,Świnoujście,Artykuły Medyczne
2221,2024-12-15,3502,Kraków Gł. - Gdynia Gł.,Gdynia Główna,Ubranie
2222,2024-12-15,17102,Warszawa Wsch. - Zielona Góra Gł.,Nowy Tomyśl,Walizka / Plecak
2223,2024-12-15,61106,Wrocław Gł. - Białystok,Szepietowo,Sprzęt Elektroniczny
2224,2024-12-15,1001,Łódź Fabryczna,Białystok,Rzeczy Osobiste
2225,2024-12-15,8312,Słupsk - Przemyśl Gł.,Oława,Portfel
2226,2024-12-15,3560,Zakopane - Gdynia Gł.,Bydgoszcz Główna,Portfel
2227,2024-12-15,56004,,Wrocław Główny,Walizka / Plecak
2228,2024-12-14,65104,Wrocław Gł. - Olsztyn Gł.,Olsztyn Główny,Ubranie
2229,2024-12-14,5310,Gdynia Gł. - Kraków Gł.,Kraków Główny,Ubranie
2230,2024-12-14,3551,Kraków Główny- Gdynia Główna,Gdynia Grabówek,Rzeczy Osobiste
2231,2024-12-14,8306,Kołobrzeg - Kraków,Kraków Główny,Etui
2232,2024-12-14,81103,Szczecin-Białystok,Białystok,Sprzęt Elektroniczny
2233,2024-12-14,3500,Kraków Gł. - Gdynia Gł.,Gdynia Główna,Sprzęt Sportowy
2234,2024-12-14,6500,Jelenia Góra - Gdynia Gł.,Gdynia Główna,Reklamówka / Torba
2235,2024-12-14,1100,Białystok - Łódź,Łódź Kaliska,Rzeczy Osobiste
2236,2024-12-14,81114,Kołobrzeg - Łódź Fabryczna,Łódź Fabryczna,Saszetka / Nerka
2237,2024-12-14,15154,Łódź Fabryczna - Gdynia Gł.,Gdynia Główna,Ubranie
2238,2024-12-14,8306,Kołobrzeg - Kraków,Kraków Główny,Sprzęt Elektroniczny
2239,2024-12-14,1302,Warszawa Wschodnia - Kraków Główny,Kraków Główny,Ubranie
2240,2024-12-14,530,Gdynia-Kraków,Krków Główny,Sprzęt Sportowy
2241,2024-12-14,5302,Gdynia-Kraków,Kraków Główny,Ubranie
2242,2024-12-14,28100,Lublin Gł. - Szczecin Gł.,Bydgoszcz Główna,Dokument/Y
2243,2024-12-14,5304,Gdynia-Kraków,Kraków Główny,Ubranie
2244,2024-12-14,1306,Warszawa-Kraków,Kraków Główny,Ubranie
2245,2024-12-14,5302,Gdynia-Kraków,Kraków Główny,Książka
2246,2024-12-14,5308,Gdynia Gł. - Rzeszów Główny,Rzeszów Główny,Rzeczy Osobiste
2247,2024-12-14,5460,Olsztyn Gł. - Wisła Uzdr.,Wisła Uzdrowisko,Ubranie
2248,2024-12-14,9107,Łódź - Warszawa Wsch.,Warszawa Olszynka Grochowska,Dokument/Y
2249,2024-12-14,81103,Szczecin Gł. - Suwałki,Warszawa Centralna,Etui
2250,2024-12-14,81103,Świnoujście-Suwałki,Małkinia,Reklamówka / Torba
2251,2024-12-14,81103,Świnoujście-Suwałki,Warszawa Centr,Etui
2252,2024-12-14,1400,Warszawa Wsch. - Bielsko-Biała Gł.,Katowice,Kosztowności
2253,2024-12-14,28104,Hrubieszów Miasto - Świnoujście,Lublin Główny,Walizka / Plecak
2254,2024-12-14,3532,Rzeszów Główny - Bydgoszcz Gł.,Kolbuszowa,Artykuły Muzyczne
2255,2024-12-14,1422,Białystok - Bielsko-Biała Gł.,Piotrków Trybunalski,Rzeczy Osobiste
2256,2024-12-14,6300,Wrocław Gł. - Przemyśl Gł.,Przemyśl Zasanie,Etui
2257,2024-12-14,1522,Łódź Fabryczna - Olsztyn Gł.,Olsztyn Główny,Sprzęt Turystyczny
2258,2024-12-14,81110,Piła Gł. - Warszawa Wsch.,Warszawa Wschodnia,Walizka / Plecak
2259,2024-12-14,28104,Hrubieszów Miasto - Świnoujście,Hrubieszów Miasto,Obuwie
2260,2024-12-14,5314,Gdynia Gł. - Przemyśl Gł.,Przemyśl Główny,Sprzęt Elektroniczny
2261,2024-12-14,6300,Wrocław Gł. - Przemyśl Gł.,Katowice,Walizka / Plecak
2262,2024-12-14,3720,Kraków Gł. - Poznań Gł.,Poznań Główny,Reklamówka / Torba
2263,2024-12-14,81104,Szczecin Gł. - Białystok,Ełk,Ubranie
2264,2024-12-14,65104,Wrocław Gł. - Olsztyn Gł.,Olsztyn Główny,Kosztowności
2265,2024-12-14,9100,Łódź Fabryczna - Warszawa Wsch.,Łódź Fabryczna,Ubranie
2266,2024-12-14,1512,Warszawa Zachodnia - Gdynia Główna,Gdynia Leszczynki,Portfel
2267,2024-12-14,5315,Gdynia-Przemyśl Gł.,Przemyśl Główny,Sprzęt Elektroniczny
2268,2024-12-14,1620,Warszawa Wsch. - Wrocław Gł.,Wrocław Główny,Walizka / Plecak
2269,2024-12-14,60107,Wrocław Gł. - Kłodzko Miasto,Ziębice,Ubranie
2270,2024-12-14,8320,Szczecin Główny- Kraków Główny,Kraków Główny,Sprzęt Elektroniczny
2271,2024-12-14,7322,Poznań Główny - Kraków Główny,Kraków Główny,Sprzęt Elektroniczny
2272,2024-12-14,23100,Lublin Główny- Kraków Głowny,Kraków Główny,Ubranie
2273,2024-12-14,27102,,Poznań Główny,Dokument/Y
2274,2024-12-14,4124,Katowice - Płock,Płock,Reklamówka / Torba
2275,2024-12-14,59,Berlin Hbf - Gdynia Gł.,Gdynia Główna,Artykuły Spożywcze
2276,2024-12-14,3506,Kraków Gł. - Gdynia Gł.,Gdynia Główna,Książka
2277,2024-12-14,1620,,Wrocław Główny,Sprzęt Elektroniczny
2278,2024-12-14,5310,Gdynia Gł. - Kraków Gł.,Kraków Główny,Sprzęt Elektroniczny
2279,2024-12-14,54,Kraków Gł. - Berlin Hbf,Opole Główne,Telefon
2280,2024-12-13,6304,Wrocław Gł. - Przemyśl Gł.,Przemyśl Główny,Walizka / Plecak
2281,2024-12-13,3151,Zakopane-Warszawa,Warszawa Olszynka Grochowska,Artykuły Muzyczne
2282,2024-12-13,5105,Ed250-013,Warszawa Olszynka Grochowska,Ubranie
2283,2024-12-13,83173,Świnoujście-Przemysl Gł.,Przemyśl Główny,Książka
2284,2024-12-13,52100,Bydgoszcz Gł. - Chełm,Chełm,Sprzęt Elektroniczny
2285,2024-12-13,5124,Bydgoszcz Gł. - Warszawa Wsch.,Bydgoszcz Główna,Sprzęt Elektroniczny
2286,2024-12-13,12010,Warszawa Wsch. - Dorohusk,Puławy Miasto,Dokument/Y
2287,2024-12-13,310,Lublin Gł. - Bohumin,Gliwice,Saszetka / Nerka
2288,2024-12-13,6127,Zgorzelec-Warszawa,Warszawa Olszynka Grochowska,Artykuły Dziecięce
2289,2024-12-13,61104,Wrocław Gł - Białystok,Białystok,Sprzęt Elektroniczny
2290,2024-12-13,43006,Wiedeń - Kraków,Kraków Główny,Sprzęt Turystyczny
2291,2024-12-13,30112,Kraków Gł. - Zagórz,Jasło,Sprzęt Elektroniczny
2292,2024-12-13,63101,Wrocław - Kraków,Kraków Główny,Telefon
2293,2024-12-13,4123,Bielsko Biała - Białystok,Białystok,Reklamówka / Torba
2294,2024-12-13,1604,Warszawa Wsch. - Wrocław Gł.,Wrocław Główny,Ubranie
2295,2024-12-13,4123,Bielsko-Biała-Białystok,Białystok,Sprzęt Elektroniczny
2296,2024-12-13,36102,Kraków Gł. - Jelenia Góra,Jelenia Góra,Ubranie
2297,2024-12-13,5300,Gdynia - Kraków,Kraków Główny,Książka
2298,2024-12-13,5302,Gdynia Główna -Kraków Główny,Kraków Główny,Ubranie
2299,2024-12-13,5302,Gdynia Główna-Kraków Główny,Kraków Główny,Ubranie
2300,2024-12-13,5304,Gdynia Główna -Kraków Główny,Kraków Główny,Ubranie
2301,2024-12-13,1114,Łódź Fabryczna - Terespol,Terespol,Etui
2302,2024-12-13,41003,Wien-Warszawa Wschodnia,Warszawa Olszynka Grochowska,Artykuły Biurowe
2303,2024-12-13,71104,Zielona Góra-Warszawa,Warszawa Olszynka Grochowska,Dokument/Y
2304,2024-12-13,22100,Stalowa W. Rozw. - Hrubieszów Miasto,Hrubieszów Miasto,Obuwie
2305,2024-12-13,83172,Swinoujście - Przemysl Gł.,Przemyśl Główny,Książka
2306,2024-12-13,3504,Kraków Gł. - Gdynia Gł.,Gdynia Główna,Reklamówka / Torba
2307,2024-12-13,83173,Świnoujście-Przemyśl Gł.,Przemyśl Główny,Reklamówka / Torba
2308,2024-12-13,16100,Warszawa Wsch. - Jelenia Góra,Jelenia Góra,Sprzęt Elektroniczny
2309,2024-12-13,63100,Wrocław - Kraków,Kraków Główny,Ubranie
2310,2024-12-13,6121,Wrocław Gł. - Warszawa Wsch.,Warszawa Olszynka Grochowska,Dokument/Y
2311,2024-12-13,4507,Bielsko Biała Gł - Gdynia Główna,Gdynia Grabówek,Artykuły Biurowe
2312,2024-12-13,82104,Świnoujście - Hrubieszów Miasto,Zawada,Etui
2313,2024-12-13,73100,Poznań-Kraków,Kraków Główny,Ubranie
2314,2024-12-13,,,Bydgoszcz Główna,Dokument/Y
2315,2024-12-13,45150,Bielsko-Biała Gł. - Bydgoszcz Gł.,Poznań Główny,Reklamówka / Torba
2316,2024-12-13,5306,Gdynia Główna - Kraków Główny,Kraków Główny,Rzeczy Osobiste
2317,2024-12-13,1310,Warszawa Wschodnia - Kraków Główny,Kraków Główny,Książka
2318,2024-12-13,5306,Gdynia Główna - Kraków Główny,Kraków Główny,Reklamówka / Torba
2319,2024-12-13,83100,Szczecinek - Rzeszów Główny,Pilawa,Reklamówka / Torba
2320,2024-12-13,81107,Szczecin Gł. - Warszawa Wsch.,Warszawa Wschodnia,Walizka / Plecak
2321,2024-12-13,5315,Gdynia-Przemyśl Gł.,Przemyśl Główny,Sprzęt Elektroniczny
2322,2024-12-12,3522,Kraków Gł. - Olsztyn Gł.,Olsztyn Główny,Książka
2323,2024-12-12,3526,Kraków Gł. - Olsztyn Gł.,Olsztyn Główny,Sprzęt Elektroniczny
2324,2024-12-12,3526,Kraków Gł. - Olsztyn Gł.,Olsztyn Główny,Ubranie
2325,2024-12-12,8101,Szczecin Główny - Warszawa,Warszawa Olszynka Grochowska,Sprzęt Elektroniczny
2326,2024-12-12,3602,Przemyśl Gł. - Wrocław Gł.,Kraków Główny,Sprzęt Elektroniczny
2327,2024-12-12,1626,Warszawa Wsch. - Zgorzelec,Wrocław Mikołajów,Książka
2328,2024-12-12,7322,Poznań Główny -Kraków Główny,Kraków Główny,Ubranie
2329,2024-12-12,26102,Lublin Gł. - Wrocław Gł.,Wrocław Główny,Sprzęt Elektroniczny
2330,2024-12-12,6301,Wrocław Przemyśl Gł.,Przemyśl Główny,Reklamówka / Torba
2331,2024-12-12,6304,Wrocław Gł. - Przemyśl Gł.,Przemyśl Główny,Ubranie
2332,2024-12-12,131,Warszawa Wsch. - Chałupki,Gliwice,Walizka / Plecak
2333,2024-12-12,2120,Kielce Główne - Warszawa Wsch.,Radom Główny,Sprzęt Elektroniczny
2334,2024-12-12,13000,Mockava - Kraków Główny,Kraków Główny,Telefon
2335,2024-12-12,13103,Warszawa - Kraków,Kraków Główny,Ubranie
2336,2024-12-12,115,Praha Hl. N. - Przemyśl Gł.,Przemyśl Główny,Reklamówka / Torba
2337,2024-12-12,5350,Gdynia-Kraków,Kraków Główny,Etui
2338,2024-12-12,27102,Lublin Gł. - Poznań Gł.,Kalisz,Dokument/Y
2339,2024-12-12,1000,Łódź Fabryczna - Białystok,Białystok,Rzeczy Osobiste
2340,2024-12-12,33110,Zagórz - Kraków,Kraków Główny,Ubranie
2341,2024-12-12,5306,Gdynia - Kraków,Kraków Główny,Sprzęt Elektroniczny
2342,2024-12-12,5310,Gdynia Gł. - Kraków Gł.,Kraków Główny,Walizka / Plecak
2343,2024-12-12,53173,Gdynia-Kraków,Kraków Główny,Rzeczy Osobiste
2344,2024-12-12,7300,Poznań Gł. - Przemyśl Gł.,Przemyśl Główny,Rzeczy Osobiste
2345,2024-12-12,406,München Hbf - Warszawa Wsch.,Włoszczowa Północ,Reklamówka / Torba
2346,2024-12-12,5304,Gdynia-Kraków,Kraków Kraków,Sprzęt Elektroniczny
2347,2024-12-11,83170,Kołobrzeg - Kraków Główny,Kraków Główny,Sprzęt Elektroniczny
2348,2024-12-11,4502,Gliwice - Gdynia Gł.,Gdynia Główna,Kosztowności
2349,2024-12-11,13101,Warszawa-Przemyśl Gł.,Przemyśl Główny,Sprzęt Elektroniczny
2350,2024-12-11,3720,,Poznań Główny,Dokument/Y
2351,2024-12-11,59,Berlin Hbf - Gdynia Gł.,Gdynia Główna,Sprzęt Elektroniczny
2352,2024-12-11,7200,Żary - Lublin Gł.,Rzeszów Główny,Książka
2353,2024-12-11,68102,Wrocław Gł. - Słupsk,Białogard,Telefon
2354,2024-12-11,2520,Lublin Gł. - Bydgoszcz Gł.,Bydgoszcz Główna,Ubranie
2355,2024-12-11,18110,Piła Gł. - Warszawa Wsch.,Bydgoszcz Główna,Sprzęt Elektroniczny
2356,2024-12-11,5602,,Wrocław Główny,Artykuły Muzyczne
2357,2024-12-11,5306,Gdynia-Kraków,Kraków Główny,Sprzęt Elektroniczny
2358,2024-12-11,23100,Lublin Główny - Kraków Główny,Kraków Główny,Ubranie
2359,2024-12-11,16104,Białystok - Wrocław Gł.,Koluszki,Sprzęt Elektroniczny
2360,2024-12-11,61107,Wrocław-Białystok,Białystok,Reklamówka / Torba
2361,2024-12-11,11104,W-Wa-Terespol,Terespol,Walizka / Plecak
2362,2024-12-11,65104,Wrocław Gł. - Olsztyn Gł.,Olsztyn Główny,Ubranie
2363,2024-12-11,65102,Wrocław Gł. - Olsztyn Gł.,Olsztyn Główny,Telefon
2364,2024-12-11,6102,Jelenia Góra - Warszawa Wsch.,Warszawa Wschodnia,Ubranie
2365,2024-12-11,117,Praha-Vršovice - Warszawa Wsch.,Dąbrowa Górnicza,Ubranie
2366,2024-12-11,61105,Wrocław-Białystok,Białystok,Reklamówka / Torba
2367,2024-12-11,5320,Olsztyn Główny-Kraków,Kraków Główny,Ubranie
2368,2024-12-11,83103,Świnoujście- Kraków Główny,Kraków Główny,Sprzęt Elektroniczny
2369,2024-12-11,17100,Warszawa Wsch. - Zielona Góra Gł.,Zielona Góra Główna,Reklamówka / Torba
2370,2024-12-11,71003,Berlin -Warszawa Wschodnia,Warszawa Olszynka Grochowska,Sprzęt Elektroniczny
2371,2024-12-11,5326,Olsztyn Gł. - Kraków Gł.,Działdowo,Sprzęt Elektroniczny
2372,2024-12-11,3500,Kraków Gł. - Gdynia Gł.,Malbork,Rzeczy Osobiste
2373,2024-12-10,4500,Bielsko-Biała Gł. - Gdynia Gł.,Warszawa Zachodnia,Telefon
2374,2024-12-10,52100,Bydgoszcz Gł. - Chełm,Chełm,Sprzęt Elektroniczny
2375,2024-12-10,73100,Poznań Główny -Krakow Główny,Kraków Główny,Ubranie
2376,2024-12-10,5700,Gdynia-Poznań,Poznań Główny,Dokument/Y
2377,2024-12-10,5350,Gdynia Gł. - Kraków Gł.,Kraków Główny,Książka
2378,2024-12-10,9109,Łódż -Warszawa Wschodnia,Warszawa Olszynka Grochowska,Sprzęt Elektroniczny
2379,2024-12-10,3522,Kraków Gł. - Olsztyn Gł.,Olsztyn Główny,Ubranie
2380,2024-12-10,111,Ostrava-Svinov - Warszawa Wsch.,Warszawa Centralna,Sprzęt Elektroniczny
2381,2024-12-10,3720,Kraków Gł. - Poznań Gł.,Poznań Główny,Sprzęt Turystyczny
2382,2024-12-10,5602,Gdynia Gł. - Wrocław Gł.,Wrocław Główny,Dokument/Y
2383,2024-12-10,9108,Łódź Fabryczna - Warszawa Wsch.,Warszawa Wschodnia,Sprzęt Elektroniczny
2384,2024-12-10,5602,Gdynia Gł. - Wrocław Gł.,Wrocław Główny,Sprzęt Elektroniczny
2385,2024-12-10,6304,Wrocław Gł. - Przemyśl Gł.,Brzesko-Okocim,Ubranie
2386,2024-12-10,6305,Wrocław-Przemyśl Gł.,Przemyśl Główny,Sprzęt Turystyczny
2387,2024-12-10,75104,Zielona Góra Gł. - Gdynia Gł.,Gdynia Główna,Obuwie
2388,2024-12-10,5304,Gdynia Główna -Kraków Główny,Kraków Główny,Rzeczy Osobiste
2389,2024-12-10,1902,Warszawa Wsch. - Łódź Fabryczna,Łódź Fabryczna,Portfel
2390,2024-12-10,16102,,Wrocław Główny,Dokument/Y
2391,2024-12-10,5304,Gdynia Gł. - Kraków Gł.,Kraków Główny,Reklamówka / Torba
2392,2024-12-10,108,Wien Hbf - Gdynia Gł.,Gdynia Główna,Ubranie
2393,2024-12-10,83170,Kołobrzeg-Kraków Główny,Kraków Główny,Ubranie
2394,2024-12-10,407,Warszawa-Munchen,Warszawa Olszynka Grochowska,Kosztowności
2395,2024-12-10,3506,Kraków Gł. - Gdynia Gł.,Gdynia Główna,Sprzęt Elektroniczny
2396,2024-12-10,57106,Gdynia-Poznań,Poznań Główny,Dokument/Y
2397,2024-12-10,5424,Olsztyn Gł. - Bielsko-Biała Gł.,Bielsko-Biała Główna,Sprzęt Elektroniczny
2398,2024-12-10,4508,Gliwice - Gdynia Gł.,Gdynia Główna,Rzeczy Osobiste
2399,2024-12-10,63100,Wrocław Główny- Kraków Główny,Kraków Główny,Ubranie
2400,2024-12-10,115,Praha Hl. N. - Przemyśl Gł.,Przemyśl Główny,Ubranie
2401,2024-12-10,5302,Gdynia Główna-Kraków Główny,Kraków Główny,Rzeczy Osobiste
2402,2024-12-10,3500,Kraków Gł. - Gdynia Gł.,Gdynia Główna,Sprzęt Elektroniczny
2403,2024-12-09,31104,Przemyśl Gł. - Warszawa Wsch.,Dwikozy,Pieniądze
2404,2024-12-09,16170,Warszawa Wsch. - Jelenia Góra,Jelenia Góra,Ubranie
2405,2024-12-09,108,Wien Hbf - Gdynia Gł.,Gdańsk Oliwa,Rzeczy Osobiste
2406,2024-12-09,36102,Kraków Gł. - Jelenia Góra,Zabrze,Ubranie
2407,2024-12-09,1104,Terespol-Łódź Fabryczna,Łódź Widzew,Rzeczy Osobiste
2408,2024-12-09,107,Przemyśl Gł. - Graz Hbf,Chrzanów Śródm.,Telefon
2409,2024-12-09,59,Berlin Hbf - Gdynia Gł.,Bydgoszcz Główna,Rzeczy Osobiste
2410,2024-12-09,48102,Bielsko-Biała Gł. - Słupsk,Poznań Główny,Walizka / Plecak
2411,2024-12-09,3514,Przemyśl Gł. - Gdynia Gł.,Gdynia Główna,Książka
2412,2024-12-09,108,Wien Hbf - Gdynia Gł.,Warszawa Wschodnia,Sprzęt Elektroniczny
2413,2024-12-09,1306,Warszawa-Kraków,Kraków Główny,Ubranie
2414,2024-12-09,4500,Bielsko-Biała Gł. - Gdynia Gł.,Gdynia Główna,Rzeczy Osobiste
2415,2024-12-09,8320,Szczecin-Kraków,Kraków Główny,Ubranie
2416,2024-12-09,38171,Kraków Gł. - Kołobrzeg,Kołobrzeg,Sprzęt Sportowy
2417,2024-12-09,83171,Kołobrzeg- Kraków Główny,Kraków Główny,Parasol
2418,2024-12-09,83103,Świnoujście- Kraków Główny,Kraków Główny,Sprzęt Elektroniczny
2419,2024-12-09,73102,Poznań-Kraków,Kraków Główny,Ubranie
2420,2024-12-09,28100,Lublin Gł. - Szczecin Gł.,Piła Główna,Dokument/Y
2421,2024-12-09,30103,Kraków Gł -Przemyśl Gł,Przemyśl Bakończyce,Reklamówka / Torba
2422,2024-12-09,5334,Bydgoszcz Główna - Kraków Główny,Kraków Główny,Ubranie
2423,2024-12-09,83171,Kołobrzeg - Kraków Główny,Kraków Główny,Telefon
2424,2024-12-09,52100,Bydgoszcz Gł. - Chełm,Otwock,Reklamówka / Torba
2425,2024-12-09,8104,Szczecin -Warszawa Wsch,Warszawa Wschodnia,Ubranie
2426,2024-12-09,4506,Bielsko-Biała Gł. - Gdynia Gł.,Bielsko-Biała Główna,Dokument/Y
2427,2024-12-09,8104,Szczecin Gł. - Warszawa Wsch.,Warszawa Wschodnia,Ubranie
2428,2024-12-09,83173,Swinoujście-Przemyśl Gł.,Przemyśl Główny,Sprzęt Elektroniczny
2429,2024-12-09,13101,Warszawa Wsch-Przemyśl Gł,Przemyśl Bakończyce,Sprzęt Elektroniczny
2430,2024-12-09,57,Berlin Hbf - Przemyśl Gł.,Przeworsk,Telefon
2431,2024-12-09,31100,Przemyśl Gł. - Warszawa Wsch.,Rzeszów Główny,Kosztowności
2432,2024-12-09,3121,Zakopane -Warszawa,Warszawa Olszynka Grochowska,Książka
2433,2024-12-08,5220,Bydgoszcz Gł. - Lublin Gł.,Lublin Główny,Walizka / Plecak
2434,2024-12-08,8304,Szczecin Gł. - Przemyśl Gł.,Katowice,Rzeczy Osobiste
2435,2024-12-08,5304,Gdynia-Kraków,Kraków Główny,Książka
2436,2024-12-08,19130,Warszawa Wsch. - Łódź Fabryczna,Łódź Fabryczna,Sprzęt Elektroniczny
2437,2024-12-08,27102,Poznan,Poznań Główny,Sprzęt Elektroniczny
2438,2024-12-08,5350,Gdynia-Kraków,Kraków Główny,Ubranie
2439,2024-12-08,23100,Lublin Gł. - Kraków Gł.,Kraków Główny,Saszetka / Nerka
2440,2024-12-08,54150,Bydgoszcz Gł. - Bielsko-Biała Gł.,Bielsko-Biała Główna,Reklamówka / Torba
2441,2024-12-08,3126,Kraków Gł. - Warszawa Wsch.,Warszawa Centralna,Walizka / Plecak
2442,2024-12-08,4508,Gliwice - Gdynia Gł.,Gdynia Główna,Sprzęt Elektroniczny
2443,2024-12-08,13104,Warszawa Wsch. - Przemyśl Gł.,Sandomierz,Książka
2444,2024-12-08,18104,Białystok - Szczecin Gł.,Osowiec,Walizka / Plecak
2445,2024-12-08,13102,Warszawa-Kraków,Kraków Główny,Sprzęt Sportowy
2446,2024-12-08,41001,Praga -Warszawa Wschodnia,Warszawa Olszynka Grochowska,Sprzęt Elektroniczny
2447,2024-12-08,1100,Białystok - Łódź Fabryczna,Łódź Fabryczna,Dokument/Y
2448,2024-12-08,75108,Zielona Góra Gł. - Gdynia Gł.,Gdynia Główna,Walizka / Plecak
2449,2024-12-08,53104,Gdynia Gł. - Zakopane,Zakopane,Etui
2450,2024-12-08,5304,Gdynia-Kraków,Kraków Główny,Ubranie
2451,2024-12-08,28110,Lublin Gł. - Piła Gł.,Bydgoszcz Główna,Portfel
2452,2024-12-08,53173,Gdynia-Kraków,Kraków Główny,Ubranie
2453,2024-12-08,83102,Świnoujście-Kraków,Kraków Główny,Ubranie
2454,2024-12-08,25100,Chełm - Bydgoszcz,Bydgoszcz Główna,Dokument/Y
2455,2024-12-08,53173,Gdynia-Kraków,Kraków Główny,Sprzęt Elektroniczny
2456,2024-12-08,1650,Warszawa Wsch. - Szklarska Por.G.,Wrocław Główny,Sprzęt Elektroniczny
2457,2024-12-08,1650,Warszawa Wsch. - Szklarska Por.G.,Szklarska Poręba Górna,Sprzęt Elektroniczny
2458,2024-12-08,61101,Wrocław  -Warszawa Wschodnia,Warszawa Olszynka Grochowska,Sprzęt Elektroniczny
2459,2024-12-08,47100,,Poznań Główny,Walizka / Plecak
2460,2024-12-08,6504,Wrocław Gł. - Gdynia Gł.,Gdynia Główna,Telefon
2461,2024-12-08,1306,Warszawa-Kraków,Kraków Główny,Ubranie
2462,2024-12-08,4504,Bielsko-Biała Gł. - Gdynia Gł.,Gdynia Główna,Ubranie
2463,2024-12-08,5427,Gdynia Gł. - Katowice,Gdynia Główna,Reklamówka / Torba
2464,2024-12-08,5308,Gdynia Gł. - Rzeszów Główny,Rzeszów Główny,Walizka / Plecak
2465,2024-12-08,81108,Szczecin Gł. - Łódź Kaliska,Łódź Kaliska,Ubranie
2466,2024-12-08,3510,Kraków Gł. - Gdynia Gł.,Gdynia Główna,Rzeczy Osobiste
2467,2024-12-08,16106,Białystok - Wrocław Gł.,Wrocław Główny,Ubranie
2468,2024-12-08,3121,Zakopane -Warszawa,Warszawa Olszynka Grochowska,Reklamówka / Torba
2469,2024-12-08,8304,Szczecin Gł. - Przemyśl Gł.,Przemyśl Główny,Książka
2470,2024-12-08,5104,Gdynia Gł. - Warszawa Zach.,Warszawa Zachodnia,Artykuły Biurowe
2471,2024-12-08,5422,Olsztyn Gł. - Racibórz,Racibórz,Sprzęt Elektroniczny
2472,2024-12-08,26102,Lublin Gł. - Wrocław Gł.,Wrocław Główny,Sprzęt Elektroniczny
2473,2024-12-08,3522,Kraków Gł. - Olsztyn Gł.,Olsztyn Główny,Ubranie
2474,2024-12-08,18104,Białystok - Szczecin Gł.,Rumia,Reklamówka / Torba
2475,2024-12-08,,,Bydgoszcz Główna,Sprzęt Elektroniczny
2476,2024-12-08,82100,Szczecin Gł. - Lublin Gł.,Lublin Główny,Sprzęt Elektroniczny
2477,2024-12-08,82104,Świnoujście - Hrubieszów Miasto,Nałęczów,Reklamówka / Torba
2478,2024-12-07,3513,Przemyśl Gł. - Gdynia Gł.,Gdynia Główna,Walizka / Plecak
2479,2024-12-07,4560,Wisła Uzdr. - Olsztyn Gł.,Olsztyn Główny,Ubranie
2480,2024-12-07,,,Wrocław Główny,Sprzęt Elektroniczny
2481,2024-12-07,56102,Olsztyn Gł. - Wrocław Gł.,Wrocław Główny,Dokument/Y
2482,2024-12-07,1531,Warszawa Zach-Bydgoszcz Gł,Bydgoszcz Główna,Rzeczy Osobiste
2483,2024-12-07,3502,Kraków Gł. - Gdynia Gł.,Gdynia Główna,Rzeczy Osobiste
2484,2024-12-07,5104,Gdynia Gł. - Warszawa Zach.,Warszawa Centralna,Telefon
2485,2024-12-07,5360,Gdynia Gł. - Zakopane,Zakopane,Sprzęt Elektroniczny
2486,2024-12-07,1410,Warszawa Wsch. - Bielsko-Biała Gł.,Bielsko-Biała Główna,Reklamówka / Torba
2487,2024-12-07,108,Wien Hbf - Gdynia Gł.,Gdynia Główna,Ubranie
2488,2024-12-07,5302,Gdynia - Kraków,Kraków Główny,Książka
2489,2024-12-07,5302,Gdynia - Kraków,Kraków Główny,Ubranie
2490,2024-12-07,71104,Poznań Gł. - Warszawa Wsch.,Warszawa Wschodnia,Reklamówka / Torba
2491,2024-12-07,1114,Łódź Fabryczna - Terespol,Warszawa Centralna,Ubranie
2492,2024-12-07,71104,Poznań Gł. - Warszawa Wsch.,Warszawa Wschodnia,Książka
2493,2024-12-07,53174,Gdynia Gł. - Zakopane,Częstochowa,Telefon
2494,2024-12-07,8320,Szczecin Główny-Kraków Główny,Kraków Główny,Sprzęt Elektroniczny
2495,2024-12-07,5350,Gdynia Główna -Kraków Główny,Kraków Główny,Sprzęt Elektroniczny
2496,2024-12-07,1306,Warszawa Wschodnia -Kraków Główny,Kraków Główny,Ubranie
2497,2024-12-07,58110,Gdynia Gł. - Kostrzyn,Kostrzyn,Telefon
2498,2024-12-07,57100,Olsztyn Gł. - Zielona Góra Gł.,Zielona Góra Główna,Walizka / Plecak
2499,2024-12-07,57100,Olsztyn Gł. - Zielona Góra Gł.,Zielona Góra Główna,Książka
2500,2024-12-07,57100,Olsztyn Gł. - Zielona Góra Gł.,Zielona Góra Główna,Parasol
2501,2024-12-07,57100,Olsztyn Gł. - Zielona Góra Gł.,Zielona Góra Główna,Saszetka / Nerka
2502,2024-12-07,1400,Warszawa Wsch. - Bielsko-Biała Gł.,Bielsko-Biała Główna,Rzeczy Osobiste
2503,2024-12-07,6150,Szklarska Por.G. - Warszawa Wsch.,Warszawa Wschodnia,Sprzęt Elektroniczny
2504,2024-12-07,5604,Gdynia Gł. - Wrocław Gł.,Wrocław Główny,Dokument/Y
2505,2024-12-07,1624,Białystok - Wrocław Gł.,Wrocław Główny,Ubranie
2506,2024-12-07,8305,Szczecin Gł -Przemyśl Gł,Przemyśl Bakończyce,Dokument/Y
2507,2024-12-07,6303,Wrocław Gł-Przemyśl Gł,16:00,Telefon
2508,2024-12-07,3532,Rzeszów Główny - Bydgoszcz Gł.,Bydgoszcz Główna,Ubranie
2509,2024-12-07,4508,Gliwice - Gdynia Gł.,Gdynia Główna,Reklamówka / Torba
2510,2024-12-07,3508,Rzeszów Główny - Gdynia Gł.,Gdynia Główna,Walizka / Plecak
2511,2024-12-07,5312,Gdynia-Kraków,Kraków Główny,Książka
2512,2024-12-07,3533,Rzeszów Gł-Bydgoszcz Gł,Bydgoszcz Główna,Telefon
2513,2024-12-07,,,Bydgoszcz Główna,Sprzęt Elektroniczny
2514,2024-12-07,6500,Jelenia Góra - Gdynia Gł.,Gdynia Główna,Artykuły Spożywcze
2515,2024-12-07,5420,Gdynia Gł. - Bielsko-Biała Gł.,Bielsko-Biała Główna,Walizka / Plecak
2516,2024-12-07,8306,Kołobrzeg-Kraków,Kraków Główny,Artykuły Dziecięce
2517,2024-12-06,6303,Wrocław Gł.-Przemyśl Gł.,Przemyśl Główny,Sprzęt Elektroniczny
2518,2024-12-06,83173,Szczecin Gł -Przemyśl Gł,Przemyśl Bakończyce,Sprzęt Elektroniczny
2519,2024-12-06,202,Wien Hbf - Wrocław Gł.,Wrocław Główny,Walizka / Plecak
2520,2024-12-06,56104,Olsztyn Gł. - Wrocław Gł.,Wrocław Główny,Rzeczy Osobiste
2521,2024-12-06,16102,Warszawa Wsch. - Wrocław Gł.,Wrocław Główny,Portfel
2522,2024-12-06,5308,Gdynia Gł. - Rzeszów Główny,Rzeszów Główny,Książka
2523,2024-12-06,3514,Przemyśl Gł. - Gdynia Gł.,Gdynia Główna,Rzeczy Osobiste
2524,2024-12-06,1604,Warszawa Wsch. - Wrocław Gł.,Wrocław Główny,Reklamówka / Torba
2525,2024-12-06,63102,Jelenia Góra - Kraków,Kraków Główny,Ubranie
2526,2024-12-06,57102,,Poznań Główny,Dokument/Y
2527,2024-12-06,5406,Gdynia Gł. - Bielsko-Biała Gł.,Bielsko-Biała Główna,Reklamówka / Torba
2528,2024-12-06,3526,Kraków Gł. - Olsztyn Gł.,Nowy Dwór Mazowiecki,Reklamówka / Torba
2529,2024-12-06,5404,Gdynia Gł. - Gliwice,Gliwice,Ubranie
2530,2024-12-06,42100,Katowice - Lublin Gł.,Lublin Główny,Ubranie
2531,2024-12-06,9102,Łódź-Warszawa,Warszawa Olszynka Grochowska,Ubranie
2532,2024-12-06,5122,Olsztyn Gł. - Łódź Fabryczna,Łódź Fabryczna,Sprzęt Elektroniczny
2533,2024-12-06,1310,Warszawa Wschodnia- Kraków Główny,Kraków Główny,Reklamówka / Torba
2534,2024-12-06,35102,Zakopane - Gdynia Gł.,Gdynia Główna,Ubranie
2535,2024-12-06,5306,Gdynia Główna- Kraków Główny,Kraków Główny,Artykuły Dziecięce
2536,2024-12-06,5306,Gdynia Główna- Kraków Główny,Kraków Główny,Rzeczy Osobiste
2537,2024-12-06,57,Berlin Hbf - Przemyśl Gł.,Przemyśl Główny,Rzeczy Osobiste
2538,2024-12-06,5314,Gdynia Gł. - Przemyśl Gł.,Przemyśl Główny,Parasol
2539,2024-12-06,8320,Szczecin-Kraków,Kraków Główny,Ubranie
2540,2024-12-06,5332,Bydgoszcz Gł. - Rzeszów Główny,Rzeszów Główny,Obuwie
2541,2024-12-06,6502,Wrocław Gł. - Gdynia Gł.,Bydgoszcz Główna,Walizka / Plecak
2542,2024-12-06,1304,Warszawa-Kraków,Kraków Główny,Rzeczy Osobiste
2543,2024-12-06,1306,Warszawa-Kraków,Kraków Główny,Książka
2544,2024-12-06,5350,Gdynia-Kraków,Kraków Główny,Książka
2545,2024-12-06,3108,Kraków Gł. - Warszawa Wsch.,Warszawa Centralna,Artykuły Spożywcze
2546,2024-12-06,81103,Szczecin Gł. - Suwałki,Białystok,Rzeczy Osobiste
2547,2024-12-06,81103,Szczecin Gł. - Suwałki,Białystok,Książka
2548,2024-12-06,21100,Chełm - Warszawa Zach.,Warszawa Olszynka Grochowska,Reklamówka / Torba
2549,2024-12-06,75108,Zielona Góra Gł. - Gdynia Gł.,Mogilno,Dokument/Y
2550,2024-12-06,65102,Wrocław Gł. - Olsztyn Gł.,Inowrocław,Kosztowności
2551,2024-12-06,38106,Kraków Gł. - Piła Gł.,Jarocin,Sprzęt Elektroniczny
2552,2024-12-06,5427,Gdynia Gł. - Katowice,Katowice,Reklamówka / Torba
2553,2024-12-06,3604,Przemyśl Gł. - Wrocław Gł.,Wrocław Główny,Rzeczy Osobiste
2554,2024-12-06,85102,Szczecin Gł. - Olsztyn Gł.,Słupsk,Portfel
2555,2024-12-06,1532,Łódź Fabryczna - Gdynia Gł.,Gdynia Główna,Artykuły Spożywcze
2556,2024-12-06,3502,Kraków Gł. - Gdynia Gł.,Warszawa Wschodnia,Telefon
2557,2024-12-06,6520,Wrocław Gł. - Ełk,Skierniewice,Dokument/Y
2558,2024-12-06,16170,Warszawa Wsch. - Jelenia Góra,Jelenia Góra,Dokument/Y
2559,2024-12-06,35170,Zakopane - Gdynia Gł.,Gdynia Główna,Sprzęt Elektroniczny
2560,2024-12-06,58106,Olsztyn Gł. - Szczecin Gł.,Elbląg,Telefon
2561,2024-12-05,83172,Świnoujście - Przemyśl Gł.,Przemyśl Główny,Reklamówka / Torba
2562,2024-12-05,IC1001,Łódż F. - Białystok,Białystok,Ubranie
2563,2024-12-05,1900,Warszawa Wsch. - Łódź Fabryczna,Łódź Fabryczna,Reklamówka / Torba
2564,2024-12-05,1622,Białystok - Wrocław Gł.,Wrocław Główny,Ubranie
2565,2024-12-05,7320,Poznań Gł. - Kraków Gł.,Kraków Główny,Walizka / Plecak
2566,2024-12-05,5350,Gdynia Gł. - Kraków Gł.,Kraków Główny,Parasol
2567,2024-12-05,5427,Gdynia Gł. - Katowice,Łódź Kaliska,Rzeczy Osobiste
2568,2024-12-05,1304,Warszawa Wschodnia-Kraków Główny,Kraków Główny,Ubranie
2569,2024-12-05,8320,Szczecin Główny-Kraków Główny,Kraków Główny,Ubranie
2570,2024-12-05,33110,Zagórz- Kraków Główny,Kraków Główny,Reklamówka / Torba
2571,2024-12-05,53173,Gdynia Główna- Kraków Główny,Kraków Główny,Sprzęt Elektroniczny
2572,2024-12-05,1350,Warszawa Wsch. - Zakopane,Zakopane,Rzeczy Osobiste
2573,2024-12-05,7300,Poznań Gł. - Przemyśl Gł.,Przemyśl Główny,Sprzęt Turystyczny
2574,2024-12-05,6124,Wrocłw Gł - Białystok,Białystok,Sprzęt Elektroniczny
2575,2024-12-05,5308,Gdynia Gł. - Rzeszów Główny,Rzeszów Główny,Artykuły Spożywcze
2576,2024-12-05,3522,Kraków Gł. - Olsztyn Gł.,Olsztyn Główny,Artykuły Biurowe
2577,2024-12-05,3534,Kraków Gł. - Bydgoszcz Gł.,Włocławek,Rzeczy Osobiste
2578,2024-12-05,37104,Przemyśl Gł. - Zielona Góra Gł.,Zielona Góra Główna,Sprzęt Elektroniczny
2579,2024-12-05,82102,Szczecin Gł. - Lublin Gł.,Bytom Odrzański,Rzeczy Osobiste
2580,2024-12-05,5360,Gdynia Gł. - Zakopane,Kalwaria Zebrzydowska Lanckorona,Rzeczy Osobiste
2581,2024-12-05,5300,Gdynia Gł. - Kraków Gł.,Kraków Główny,Ubranie
2582,2024-12-05,5308,Gdynia Gł. - Rzeszów Główny,Rzeszów Główny,Rzeczy Osobiste
2583,2024-12-05,62100,Wrocław Gł. - Lublin Gł.,Lublin Główny,Artykuły Spożywcze
2584,2024-12-05,31108,Kraków Gł. - Łódź Fabryczna,Łódź Fabryczna,Ubranie
2585,2024-12-05,25100,Chełm - Bydgoszcz Gł.,Warszawa Centralna,Dokument/Y
2586,2024-12-05,3524,Kraków Gł. - Olsztyn Gł.,Suchedniów,Sprzęt Elektroniczny
2587,2024-12-05,5310,Gdynia-Kraków,Kraków Główny,Ubranie
2588,2024-12-05,5306,Gdynia-Kraków,Kraków Główny,Książka
2589,2024-12-05,8306,Kołobrzeg-Kraków,Kraków Główny,Artykuły Dziecięce
2590,2024-12-05,8305,Szczecin-Przemysl Gł.,Przemyśl Główny,Sprzęt Elektroniczny
2591,2024-12-05,5320,Olsztyn Gł. - Kraków Gł.,Kielce Główne,Sprzęt Elektroniczny
2592,2024-12-05,115,Praha Hl. N. - Przemyśl Gł.,Przemyśl Główny,Ubranie
2593,2024-12-05,71100,Zielona Góra Gł. - Warszawa Wsch.,Warszawa Wschodnia,Telefon
2594,2024-12-05,5314,Gdynia Gł. - Przemyśl Gł.,Katowice Ligota,Walizka / Plecak
2595,2024-12-05,3506,Kraków Gł. - Gdynia Gł.,Gdynia Główna,Parasol
2596,2024-12-05,83173,Świnoujście-Przemyśl Gł.,Przemyśl Główny,Rzeczy Osobiste
2597,2024-12-04,72100,Zielona Góra Gł. - Lublin Gł.,Lublin Główny,Reklamówka / Torba
2598,2024-12-04,4124,Katowice - Płock,Częstochowa,Telefon
2599,2024-12-04,5306,Gdynia Główna- Kraków Główny,Kraków Główny,Parasol
2600,2024-12-04,5304,Gdynia Gł. - Kraków Gł.,Kraków Główny,Etui
2601,2024-12-04,8304,Szczecin Gł. - Przemyśl Gł.,Kraków Główny,Rzeczy Osobiste
2602,2024-12-04,5306,Gdynia Gł. - Kraków Gł.,Kraków Główny,Reklamówka / Torba
2603,2024-12-04,5320,Olsztyn Gł. - Kraków Gł.,Kraków Główny,Ubranie
2604,2024-12-04,3602,Przemyśl Gł. - Wrocław Gł.,Wrocław Główny,Telefon
2605,2024-12-04,5306,Gdynia Główna- Kraków Główny,Kraków Główny,Sprzęt Elektroniczny
2606,2024-12-04,4504,Bielsko-Biała Gł. - Gdynia Gł.,Gdynia Główna,Walizka / Plecak
2607,2024-12-04,63102,Jelenia Góra - Kraków Gł.,Kraków Główny,Walizka / Plecak
2608,2024-12-04,4506,Bielsko-Biała Gł. - Gdynia Gł.,Ciechanów,Etui
2609,2024-12-04,6102,Jelenia Góra - Warszawa Wsch.,Jelenia Góra,Kosztowności
2610,2024-12-04,5306,Gdynia Główna- Kraków Główny,Kraków Główny,Rzeczy Osobiste
2611,2024-12-04,3123,Kraków -Warszawa Wschodnia,Warszawa Olszynka Grochowska,Ubranie
2612,2024-12-04,19132,Warszawa Wsch-Łódź Fabryczna,Łódź Fabryczna,Sprzęt Elektroniczny
2613,2024-12-04,43007,Wien Hbf- Kraków Główny,Kraków Główny,Sprzęt Turystyczny
2614,2024-12-04,61105,Wrocław Gł.-Białystok,Białystok,Reklamówka / Torba
2615,2024-12-04,1400,Warszawa Wsch. - Bielsko-Biała Gł.,Bielsko-Biała Główna,Reklamówka / Torba
2616,2024-12-04,85102,Lębork-Olsztyn,Olsztyn Główny,Sprzęt Elektroniczny
2617,2024-12-04,23100,Lublin Gł. - Kraków Gł.,Kraków Główny,Sprzęt Elektroniczny
2618,2024-12-04,72100,Zielona Góra Gł. - Lublin Gł.,Lublin Główny,Walizka / Plecak
2619,2024-12-04,7320,Poznań-Kraków,Kraków Główny,Ubranie
2620,2024-12-04,85108,Szczecin Gł. - Olsztyn Gł.,Olsztyn Główny,Rzeczy Osobiste
2621,2024-12-04,43000,Praga-Przemysl Gł.,Przemyśl Główny,Reklamówka / Torba
2622,2024-12-04,85104,Szczecin Gł. - Olsztyn Gł.,Olsztyn Główny,Ubranie
2623,2024-12-04,8306,Kołobrzeg-Kraków,Kraków Główny,Ubranie
2624,2024-12-04,47100,Katowice-Poznań,Poznań Główny,Reklamówka / Torba
2625,2024-12-04,71100,Zielona Góra -Warszawa Wschodnia,Warszawa Olszynka Grochowska,Telefon
2626,2024-12-03,5314,Gdynia Gł. - Przemyśl Gł.,Przemyśl Główny,Ubranie
2627,2024-12-03,83173,Świnoujście-Przemyśl Gł.,Przemyśl Główny,Etui
2628,2024-12-03,1310,Warszawa Wschodnia - Kraków Główny,Kraków Główny,Rzeczy Osobiste
2629,2024-12-03,5324,Olsztyn Główny - Kraków Główny,Kraków Główny,Ubranie
2630,2024-12-03,106,Graz Hbf - Przemyśl Gł.,Chałupki,Walizka / Plecak
2631,2024-12-03,8306,Kołobrzeg - Kraków Główny,Kraków Główny,Parasol
2632,2024-12-03,5326,Olsztyn Główny - Kraków Główny,Kraków Główny,Walizka / Plecak
2633,2024-12-03,4122,Katowice - Białystok,Łochów,Sprzęt Agd
2634,2024-12-03,45,Berlin Hbf - Warszawa Wsch.,Warszawa Wschodnia,Walizka / Plecak
2635,2024-12-03,3508,Rzeszów Główny - Gdynia Gł.,Gdynia Główna,Etui
2636,2024-12-03,3532,Rzeszów Główny - Bydgoszcz Gł.,Kutno,Ubranie
2637,2024-12-03,5329,Olsztyn Gł. - Kraków Gł.,Olsztyn Zachodni,Ubranie
2638,2024-12-03,8304,Szczecin Gł. - Przemyśl Gł.,Bochnia,Telefon
2639,2024-12-03,82104,Świnoujście - Hrubieszów Miasto,Lublin Główny,Walizka / Plecak
2640,2024-12-03,5308,Gdynia Gł. - Rzeszów Główny,Rzeszów Główny,Rzeczy Osobiste
2641,2024-12-03,85104,Szczecin Gł. - Olsztyn Gł.,Ostróda,Rzeczy Osobiste
2642,2024-12-03,61104,Wrocław Gł. - Białystok,Białystok,Walizka / Plecak
2643,2024-12-03,1106,Białystok - Łódź Fabryczna,Warszawa Centralna,Reklamówka / Torba
2644,2024-12-03,1306,Warszawa - Kraków,Kraków Główny,Sprzęt Elektroniczny
2645,2024-12-03,5328,Olsztyn -Kraków,Kraków Główny,Ubranie
2646,2024-12-03,1502,Warszawa Zach. - Gdynia Gł.,Gdynia Główna,Ubranie
2647,2024-12-03,23100,Lublin Główny - Kraków Główny,Kraków Główny,Książka
2648,2024-12-03,5112,Gdynia Gł. - Warszawa Zach.,Działdowo,Dokument/Y
2649,2024-12-03,85100,Szczecin Gł. - Gdańsk Gł.,Słupsk,Telefon
2650,2024-12-03,1310,Warszawa Wschodnia - Kraków Główny,Kraków Główny,Ubranie
2651,2024-12-03,17102,Warszawa Wsch. - Zielona Góra Gł.,Babimost,Artykuły Medyczne
2652,2024-12-03,3513,Kraków Gł. - Gdynia Gł.,Gdynia Główna,Walizka / Plecak
2653,2024-12-03,4502,Gliwice - Gdynia Gł.,Gdynia Główna,Reklamówka / Torba
2654,2024-12-03,1512,Warszawa Zach. - Gdynia Gł.,Gdynia Główna,Walizka / Plecak
2655,2024-12-03,6303,Wrocław Gł-Przemysl Gł,Przemyśl Główny,Etui
2656,2024-12-03,1900,Warszawa Wsch. - Łódź Fabryczna,Łódź Fabryczna,Reklamówka / Torba
2657,2024-12-02,8304,Szczecin Gł. - Przemyśl Gł.,Przemyśl Główny,Rzeczy Osobiste
2658,2024-12-02,7320,Poznań Gł. - Kraków Gł.,Opoczno Południe,Artykuły Biurowe
2659,2024-12-02,43007,Bohumin-Kraków Główny,Kraków Główny,Obuwie
2660,2024-12-02,43007,Bohumin - Kraków,Kraków Główny,Ubranie
2661,2024-12-02,25100,Chełm - Bydgoszcz Gł.,Toruń Główny,Sprzęt Sportowy
2662,2024-12-02,8304,Szczecin Gł. - Przemyśl Gł.,Przemyśl Główny,Sprzęt Elektroniczny
2663,2024-12-02,1620,Warszawa Wsch. - Wrocław Gł.,Wrocław Główny,Ubranie
2664,2024-12-02,6120,Wrocław Gł. - Warszawa Wsch.,Skierniewice,Sprzęt Elektroniczny
2665,2024-12-02,33112,Zagórz - Kraków Gł.,Tarnów,Kosztowności
2666,2024-12-02,5350,Gdynia Gł. - Kraków Gł.,Warszawa Zachodnia,Rzeczy Osobiste
2667,2024-12-02,8306,Kołobrzeg - Kraków Główny,Kraków Główny,Ubranie
2668,2024-12-02,61102,Wrocław Gł. - Warszawa Wsch.,Warszawa Wschodnia,Artykuły Spożywcze
2669,2024-12-02,5160,Bydgoszcz Gł. - Warszawa Wsch.,Warszawa Olszynka Grochowska,Rzeczy Osobiste
2670,2024-12-02,61100,Jelenia Góra - Warszawa Wsch.,Warszawa Centralna,Sprzęt Elektroniczny
2671,2024-12-02,53104,Gdynia Gł. - Zakopane,Zakopane,Walizka / Plecak
2672,2024-12-02,57,Berlin Hbf - Przemyśl Gł.,Przemyśl Główny,Walizka / Plecak
2673,2024-12-02,25100,Chełm - Bydgoszcz Gł.,Bydgoszcz Główna,Reklamówka / Torba
2674,2024-12-02,3514,Przemyśl Gł. - Gdynia Gł.,Gdynia Główna,Artykuły Medyczne
2675,2024-12-02,1101,Białystok - Łódź Fabryczna,Łochów,Walizka / Plecak
2676,2024-12-02,5304,Gdynia-Kraków,Kraków Główny,Sprzęt Turystyczny
2677,2024-12-02,58102,Olsztyn Gł. - Szczecin Gł.,Olsztyn Zachodni,Telefon
2678,2024-12-02,73003,Frankfurt -Kraków Główny,Kraków Główny,Rzeczy Osobiste
2679,2024-12-02,3560,Zakopane - Gdynia Gł.,Zakopane,Sprzęt Elektroniczny
2680,2024-12-02,5320,Olsztyn - Kraków,Kraków Główny,Ubranie
2681,2024-12-02,73102,Poznań Główny - Kraków Główny,Kraków Główny,Parasol
2682,2024-12-02,2100,Lublin Gł. - Łódź Fabryczna,Warszawa Zachodnia,Telefon
2683,2024-12-02,73102,Poznań Główny - Kraków Główny,Kraków Główny,Ubranie
2684,2024-12-02,3534,Kraków Gł. - Bydgoszcz Gł.,Toruń Główny,Ubranie
2685,2024-12-02,12160,Warszawa Zach. - Lublin Gł.,Nałęczów,Reklamówka / Torba
2686,2024-12-02,4522,Racibórz - Olsztyn Gł.,Olsztyn Główny,Ubranie
2687,2024-12-02,721,Kraków -Warszawa Wschodnia,Warszawa Olszynka Grochowska,Walizka / Plecak
2688,2024-12-02,5300,Gdynia-Kraków,Kraków Główny,Książka
2689,2024-12-01,36100,Kraków Gł. - Wrocław Gł.,Wrocław Główny,Ubranie
2690,2024-12-01,61105,Wrocław - Białystok,Białystok,Ubranie
2691,2024-12-01,81104,Szczecin Gł. - Białystok,Lębork,Dokument/Y
2692,2024-12-01,1310,Warszawa Wschodnia -Kraków Główny,Kraków Główny,Książka
2693,2024-12-01,57100,Olsztyn Gł. - Zielona Góra Gł.,Zielona Góra Główna,Obuwie
2694,2024-12-01,6124,Wrocław Gł. - Białystok,Białystok,Książka
2695,2024-12-01,31108,Kraków Gł. - Łódź Fabryczna,Łódź Fabryczna,Artykuły Biurowe
2696,2024-12-01,6500,Jelenia Góra - Gdynia Gł.,Bydgoszcz Główna,Sprzęt Elektroniczny
2697,2024-12-01,3522,Kraków Gł. - Olsztyn Gł.,Olsztyn Główny,Ubranie
2698,2024-12-01,3506,Kraków Gł. - Gdynia Gł.,Iława Główna,Sprzęt Elektroniczny
2699,2024-12-01,16106,Białystok - Wrocław Gł.,Wrocław Główny,Ubranie
2700,2024-12-01,3534,Kraków Gł.-Bydgoszcz Gł.,Bydgoszcz Główna,Dokument/Y
2701,2024-12-01,5604,Gdynia Gł. - Wrocław Gł.,Wrocław Główny,Reklamówka / Torba
2702,2024-12-01,5312,Gdynia Gł. - Przemyśl Gł.,Strzelce Opolskie,Dokument/Y
2703,2024-12-01,73100,Poznań Główny - Kraków Główny,Kraków Główny,Etui
2704,2024-12-01,5324,Olsztyn Gł. - Kraków Gł.,Mława,Walizka / Plecak
2705,2024-12-01,35105,Zakopane - Gdynia Gł.,Iława Główna,Walizka / Plecak
2706,2024-12-01,81100,Szczecin Gł. - Warszawa Wsch.,Warszawa Wschodnia,Reklamówka / Torba
2707,2024-12-01,59,Berlin Hbf - Gdynia Gł.,Gdynia Główna,Sprzęt Elektroniczny
2708,2024-12-01,3508,Rzeszów Główny - Gdynia Gł.,Gdynia Główna,Etui
2709,2024-12-01,16104,Białystok - Wrocław Gł.,Wrocław Główny,Sprzęt Elektroniczny
2710,2024-12-01,8101,Szczecin Gł. - Warszawa Wsch.,Warszawa Wschodnia,Rzeczy Osobiste
2711,2024-12-01,5130,Bydgoszcz Gł. - Warszawa Zach.,Warszawa Zachodnia,Telefon
2712,2024-12-01,5300,Gdynia Główna-Kraków Główny,Kraków Główny,Ubranie
2713,2024-12-01,73003,Berlin Hbf- Kraków Główny,Kraków Główny,Sprzęt Elektroniczny
2714,2024-12-01,1306,Warszawa Wschodnia -Kraków Główny,Kraków Główny,Sprzęt Elektroniczny
2715,2024-12-01,2100,Lublin Gł. - Łódź Fabryczna,Skierniewice,Sprzęt Elektroniczny
2716,2024-12-01,8104,Szczecin Gł. - Warszawa Wsch.,Warszawa Centralna,Sprzęt Elektroniczny
2717,2024-12-01,1620,Warszawa Wsch. - Wrocław Gł.,Wrocław Główny,Walizka / Plecak
2718,2024-12-01,5304,Gdynia Główna-Kraków Główny,Kraków Główny,Ubranie
2719,2024-12-01,1310,Warszawa Wschodnia - Kraków Główny,Kraków Główny,Walizka / Plecak
2720,2024-12-01,85110,Kostrzyn - Gdynia Gł.,Kostrzyn,Walizka / Plecak
2721,2024-12-01,3506,Kraków Gł. - Gdynia Gł.,Iława Główna,Sprzęt Agd
2722,2024-12-01,1306,Warszawa Wschodnia -Kraków Główny,Kraków Główny,Ubranie
2723,2024-12-01,5308,Gdynia Gł. - Rzeszów Główny,Rzeszów Główny,Walizka / Plecak
2724,2024-12-01,25100,Chełm - Bydgoszcz Gł.,Chełm,Reklamówka / Torba
2725,2024-12-01,4160,Wisła Uzdrowisko - Warszawa Wsch.,Warszawa Olszynka Grochowska,Ubranie
2726,2024-12-01,7322,Poznań Główny - Kraków Główny,Kraków Główny,Ubranie
2727,2024-12-01,4122,Bielsko-Biała Gł. - Białystok,Warszawa Wschodnia,Rzeczy Osobiste
2728,2024-12-01,3560,Zakopane - Gdynia Gł.,Gdynia Główna,Walizka / Plecak
2729,2024-12-01,45150,Bielsko-Biała Gł. - Bydgoszcz Gł.,Rawicz,Sprzęt Turystyczny
2730,2024-11-30,5105,Gdańsk -Warszawa Wschodnia,Warszawa Olszynka Grochowska,Rzeczy Osobiste
2731,2024-11-30,3502,Kraków Gł. - Gdynia Gł.,Warszawa Wschodnia,Sprzęt Elektroniczny
2732,2024-11-30,33110,Zagórz-Kraków,Kraków Główny,Ubranie
2733,2024-11-30,3522,Kraków Gł. - Olsztyn Gł.,Olsztyn Główny,Sprzęt Elektroniczny
2734,2024-11-30,1530,Warszawa - Bydgoszcz,Bydgoszcz Główna,Ubranie
2735,2024-11-30,38170,Kraków Główny - Kołobrzeg,Kołobrzeg,Portfel
2736,2024-11-30,37102,Kraków Gł. - Poznań Gł.,Pleszew,Telefon
2737,2024-11-30,5315,Gdynia-Przemyśl Gł.,Przemyśl Główny,Ubranie
2738,2024-11-30,3524,Kraków Gł. - Olsztyn Gł.,Olsztyn Główny,Reklamówka / Torba
2739,2024-11-30,4160,Wisła Uzdr. - Warszawa Wsch.,Żyrardów,Sprzęt Elektroniczny
2740,2024-11-30,3526,Kraków Gł. - Olsztyn Gł.,Olsztyn Główny,Parasol
2741,2024-11-30,73102,Pozań-Kraków,Kraków Główny,Sprzęt Turystyczny
2742,2024-11-30,86102,Słupsk - Wrocław Gł.,Wrocław Główny,Sprzęt Elektroniczny
2743,2024-11-30,5320,Olsztyn Gł. - Kraków Gł.,Kielce Główne,Dokument/Y
2744,2024-11-30,3526,Kraków Gł. - Olsztyn Gł.,Działdowo,Ubranie
2745,2024-11-30,1322,Warszawa-Kraków,Kraków Główny,Saszetka / Nerka
2746,2024-11-30,21104,Lublin Gł. - Warszawa Wsch.,Mińsk Mazowiecki,Ubranie
2747,2024-11-30,1302,Warszawa-Kraków,Kraków Główny,Parasol
2748,2024-11-30,1310,Warszawa Wschodnia -Kraków Główny,Kraków Główny,Ubranie
2749,2024-11-30,26100,Lublin Gł. - Wrocław Gł.,Wrocław Główny,Sprzęt Elektroniczny
2750,2024-11-30,5324,Olsztyn Główny - Kraków Główny,Kraków Główny,Ubranie
2751,2024-11-30,3526,Kraków Gł. - Olsztyn Gł.,Olsztyn Główny,Artykuły Dziecięce
2752,2024-11-30,5312,Gdynia Główna - Kraków Główny,Kraków Główny,Sprzęt Sportowy
2753,2024-11-30,108,Wien Hbf - Gdynia Gł.,Gdynia Główna,Etui
2754,2024-11-30,8306,Kołobrzeg - Kraków Gł.,Opole Główne,Walizka / Plecak
2755,2024-11-30,1302,Warszawa-Kraków,Kraków Główny,Sprzęt Elektroniczny
2756,2024-11-30,3532,Rzeszów Główny - Bydgoszcz Gł.,Bydgoszcz Główna,Ubranie
2757,2024-11-30,3535,Kraków - Bydgoszcz,Bydgoszcz Główna,Ubranie
2758,2024-11-30,18111,Warszawa - Piła,Bydgoszcz Główna,Artykuły Dziecięce
2759,2024-11-30,45151,Bielsko Biała - Bydgoszcz,Bydgoszcz Główna,Ubranie
2760,2024-11-30,6502,Wrocław Gł. - Gdynia Gł.,Bydgoszcz Główna,Rzeczy Osobiste
2761,2024-11-30,6301,Wrocław-Przemyśl Gł.,Przemyśl Główny,Sprzęt Elektroniczny
2762,2024-11-30,1602,Warszawa Wsch. - Jelenia Góra,Wałbrzych Miasto,Ubranie
2763,2024-11-30,8305,Szczecin-Przemyśl Gł.,Przemyśl Główny,Sprzęt Elektroniczny
2764,2024-11-30,5220,Bydgoszcz Gł. - Lublin Gł.,Lublin Główny,Ubranie
2765,2024-11-30,13104,Warszawa Wsch. - Przemyśl Gł.,Dwikozy,Rzeczy Osobiste
2766,2024-11-30,5304,Gdynia-Kraków,Kraków Główny,Sprzęt Elektroniczny
2767,2024-11-30,13104,Warszawa Wsch. - Przemyśl Gł.,Dwikozy,Sprzęt Elektroniczny
2768,2024-11-30,16106,Białystok - Wrocław Gł.,Wrocław Główny,Rzeczy Osobiste
2769,2024-11-29,55,Berlin Hbf - Kraków Gł.,Gliwice,Sprzęt Elektroniczny
2770,2024-11-29,1312,Warszawa-Kraków,Kraków Główny,Sprzęt Elektroniczny
2771,2024-11-29,11106,Warszawa Zach. - Terespol,Międzyrzec Podlaski,Kosztowności
2772,2024-11-29,57100,Olsztyn Gł. - Zielona Góra Gł.,Zielona Góra Główna,Walizka / Plecak
2773,2024-11-29,3522,Kraków Gł. - Olsztyn Gł.,Olsztyn Główny,Artykuły Spożywcze
2774,2024-11-29,7322,Poznań-Kraków,Kraków Główny,Ubranie
2775,2024-11-29,5320,Olsztyn-Kraków,Kraków Główny,Ubranie
2776,2024-11-29,7301,Paznań-Przemysl Gł.,Przemyśl Główny,Ubranie
2777,2024-11-29,16100,Warszawa Wsch. - Jelenia Góra,Wrocław Główny,Sprzęt Elektroniczny
2778,2024-11-29,,,Wrocław Główny,Artykuły Medyczne
2779,2024-11-29,5304,Gdynia-Kraków,Kraków Główny,Książka
2780,2024-11-29,1622,Białystok - Wrocław Gł.,Wrocław Główny,Sprzęt Elektroniczny
2781,2024-11-29,85108,Szczecin Gł. - Olsztyn Gł.,Elbląg,Reklamówka / Torba
2782,2024-11-29,1006,Łódź Fabryczna - Białystok,Białystok,Ubranie
2783,2024-11-29,3108,Kraków - Warszawa,Warszawa Olszynka Grochowska,Dokument/Y
2784,2024-11-29,4122,Bielsko-Biała Gł. - Białystok,Warszawa Zachodnia,Sprzęt Elektroniczny
2785,2024-11-29,6126,Zgorzelec - Warszawa Wsch.,Wrocław Główny,Telefon
2786,2024-11-29,5100,Gdynia-Warszawa,Warszawa Olszynka Grochowska,Artykuły Biurowe
2787,2024-11-29,5604,Gdynia Gł. - Wrocław Gł.,Wrocław Główny,Dokument/Y
2788,2024-11-29,78172,Poznań Gł. - Szczecinek,Szczecinek,Reklamówka / Torba
2789,2024-11-29,83102,Świnoujście-Krakow,Kraków Główny,Telefon
2790,2024-11-29,3550,Kraków Gł. - Gdynia Gł.,Sopot,Sprzęt Turystyczny
2791,2024-11-29,5302,Gdynia Gł. - Kraków Gł.,Kraków Główny,Walizka / Plecak
2792,2024-11-29,57100,Olsztyn Gł. - Zielona Góra Gł.,Zielona Góra Główna,Sprzęt Elektroniczny
2793,2024-11-29,5427,Gdynia Gł. - Katowice,Zawiercie,Artykuły Medyczne
2794,2024-11-29,3532,Rzeszów Gł.-Bydgoszcz Gł.,Bydgoszcz Główna,Parasol
2795,2024-11-29,65104,Wrocław Gł. - Olsztyn Gł.,Olsztyn Główny,Książka
2796,2024-11-29,7200,Żary - Lublin Gł.,Lublin Główny,Ubranie
2797,2024-11-29,25100,Chełm - Bydgoszcz Gł.,Bydgoszcz Główna,Rzeczy Osobiste
2798,2024-11-29,1006,Łódź Fabryczna - Białystok,Białystok,Reklamówka / Torba
2799,2024-11-29,6124,Wrocław Gł. - Białystok,Białystok,Rzeczy Osobiste
2800,2024-11-29,81107,Szczecin Gł. - Warszawa Wsch.,Warszawa Wschodnia,Saszetka / Nerka
2801,2024-11-29,83173,Świnoujście-Przemyśl Gł.,Przemyśl Główny,Rzeczy Osobiste
2802,2024-11-29,1622,Białystok - Wrocław Gł.,Wrocław Główny,Reklamówka / Torba
2803,2024-11-29,53172,Gdynia Główna - Kraków Główny,Kraków Główny,Rzeczy Osobiste
2804,2024-11-29,1312,Warszawa Centr. - Kraków Gł.,Warszawa Centralna,Sprzęt Elektroniczny
2805,2024-11-29,7301,Poznań-Przemyśl Gł.,Przemyśl Główny,Sprzęt Elektroniczny
2806,2024-11-29,3526,Kraków Gł. - Olsztyn Gł.,Olsztyn Główny,Sprzęt Elektroniczny
2807,2024-11-29,1624,Białystok - Wrocław Gł.,Wrocław Główny,Reklamówka / Torba
2808,2024-11-29,3121,Zakopane -Warszawa Wschodnia,Warszawa Olszynka Grochowska,Etui
2809,2024-11-29,1350,Zakopane - Waszawa Wschodnia,Warszawa Olszynka Grochowska,Książka
2810,2024-11-29,22100,Stalowa W. Rozw. - Hrubieszów Miasto,Hrubieszów Miasto,Sprzęt Elektroniczny
2811,2024-11-29,6302,Wrocław Gł. - Przemyśl Gł.,Przemyśl Główny,Sprzęt Elektroniczny
2812,2024-11-29,42100,Katowice - Lublin Gł.,Lublin Główny,Ubranie
2813,2024-11-29,36100,Kraków Gł. - Wrocław Gł.,Wrocław Główny,Ubranie
2814,2024-11-29,,,Warszawa Cok,Reklamówka / Torba
2815,2024-11-29,41009,Bohumin - Warszawa,Warszawa Olszynka Grochowska,Telefon
2816,2024-11-28,26100,Lublin Gł. - Wrocław Gł.,Lublin Główny,Rzeczy Osobiste
2817,2024-11-28,57108,Gdynia Gł. - Zielona Góra Gł.,Zielona Góra Główna,Ubranie
2818,2024-11-28,3106,Kraków Gł. - Warszawa Centr.,Kraków Główny,Sprzęt Elektroniczny
2819,2024-11-28,83103,Świnoujście-Kraków,Kraków Główny,Reklamówka / Torba
2820,2024-11-28,56102,Olsztyn Gł. - Wrocław Gł.,Wrocław Główny,Reklamówka / Torba
2821,2024-11-28,13106,Warszawa Wsch. - Przemyśl Gł.,Dwikozy,Sprzęt Elektroniczny
2822,2024-11-28,31001,Kraków Gł.-Mockava,Suwałki,Sprzęt Elektroniczny
2823,2024-11-28,78172,Poznań Gł. - Szczecinek,Oborniki Wielkopolskie Miasto,Walizka / Plecak
2824,2024-11-28,13106,Warszawa Wsch. - Przemyśl Gł.,Dwikozy,Reklamówka / Torba
2825,2024-11-28,531172,Gdynia-Kraków,Kraków Główny,Ubranie
2826,2024-11-28,41001,Praha_Warszawa Wschodnia,Warszawa Olszynka Grochowska,Reklamówka / Torba
2827,2024-11-28,28102,Lublin Gł. - Szczecin Gł.,Szczecin Główny,Reklamówka / Torba
2828,2024-11-28,13101,Warszawa-Przemyśl Gł.,Przemyśl Główny,Sprzęt Elektroniczny
2829,2024-11-28,38172,Przemyśl Gł. - Świnoujście,Kościan,Rzeczy Osobiste
2830,2024-11-28,5122,Olsztyn Gł. - Łódź Fabryczna,Łódź Fabryczna,Walizka / Plecak
2831,2024-11-28,6520,Wrocław Gł.-Ełk,Ełk,Sprzęt Sportowy
2832,2024-11-28,61104,Wrocław Gł. - Białystok,Żyrardów,Sprzęt Elektroniczny
2833,2024-11-28,61170,Szklarska Poręba - Warszawa Wsch.,Warszawa Olszynka Grochowska,Artykuły Medyczne
2834,2024-11-28,5300,Gdynia Gł. - Kraków Gł.,Kraków Główny,Artykuły Muzyczne
2835,2024-11-28,73102,Poznań-Kraków,Kraków Główny,Sprzęt Elektroniczny
2836,2024-11-28,3534,Kraków Gł. - Bydgoszcz Gł.,Włocławek,Reklamówka / Torba
2837,2024-11-28,45151,Bielsko Biała Bydgoszcz,Bydgoszcz Główna,Książka
2838,2024-11-28,54150,Bydgoszcz Gł. - Bielsko-Biała Gł.,Rawicz,Rzeczy Osobiste
2839,2024-11-28,55,Berlin Hbf - Kraków Gł.,Rzepin,Saszetka / Nerka
2840,2024-11-28,56,Przemyśl Gł. - Berlin Hbf,Zielona Góra Główna,Sprzęt Elektroniczny
2841,2024-11-28,5426,Gdynia - Katowice,Katowice,Sprzęt Elektroniczny
2842,2024-11-28,1006,Łódź Fabryczna - Białystok,Łódź Widzew,Ubranie
2843,2024-11-27,31105,,Warszawa Olszynka Grochowska,Walizka / Plecak
2844,2024-11-27,1522,Olszyn Warszawa,Warszawa Olszynka Grochowska,Sprzęt Turystyczny
2845,2024-11-27,3534,Kraków Gł. - Bydgoszcz Gł.,Bydgoszcz Główna,Sprzęt Elektroniczny
2846,2024-11-27,5127,Bydgoszcz Gł. - Warszawa Wsch.,Kutno,Rzeczy Osobiste
2847,2024-11-27,3101,Kraków Gł. - Warszawa Wsch.,Warszawa Olszynka Grochowska,Rzeczy Osobiste
2848,2024-11-27,5312,Gdynia Główna -Kraków Główny,Kraków Główny,Rzeczy Osobiste
2849,2024-11-27,53171,Gdynia Gł. - Kraków Płaszów,Warszawa Zachodnia,Ubranie
2850,2024-11-27,5314,Gdynia Gł. - Przemyśl Gł.,Bochnia,Reklamówka / Torba
2851,2024-11-27,45150,Bielsko-Biała Gł. - Bydgoszcz Gł.,Bydgoszcz Główna,Rzeczy Osobiste
2852,2024-11-27,81104,Szczecin Gł. - Białystok,Malbork,Parasol
2853,2024-11-27,1530,Warszawa Zach. - Bydgoszcz Gł.,Bydgoszcz Główna,Ubranie
2854,2024-11-27,1302,Warszawa Wsch. - Kraków Gł.,Warszawa Zachodnia,Telefon
2855,2024-11-27,19130,Warszawa Wsch. - Łódź Fabryczna,Łódź Fabryczna,Reklamówka / Torba
2856,2024-11-27,56102,Olsztyn Gł. - Wrocław Gł.,Żmigród,Reklamówka / Torba
2857,2024-11-27,2700,Lublin Gł. - Żary,Wrocław Główny,Książka
2858,2024-11-27,85100,Szczecin Gł. - Gdańsk Gł.,Lębork,Telefon
2859,2024-11-27,3806,Kraków Gł. - Kołobrzeg,Leszno,Sprzęt Turystyczny
2860,2024-11-27,5600,Gdynia Gł. - Jelenia Góra,Wrocław Główny,Sprzęt Elektroniczny
2861,2024-11-27,56102,Olsztyn Gł. - Wrocław Gł.,Żmigród,Kosztowności
2862,2024-11-27,61101,Jelenia Góra -Warszawa,Warszawa Olszynka Grochowska,Reklamówka / Torba
2863,2024-11-27,31108,Kraków Główny - Łódź Fabryczna,Łódź Kaliska,Rzeczy Osobiste
2864,2024-11-27,6124,Wrocław Gł. - Białystok,Piotrków Trybunalski,Ubranie
2865,2024-11-26,28100,Lublin Gł. - Szczecin Gł.,Warszawa Centralna,Sprzęt Elektroniczny
2866,2024-11-26,81104,Szczecin Gł. - Białystok,Olsztyn Główny,Telefon
2867,2024-11-26,31107,Ostrowiec-Warszawa,Warszawa Olszynka Grochowska,Saszetka / Nerka
2868,2024-11-26,5127,Bydgoszcz Gł. - Warszawa Wsch.,Warszawa Wschodnia,Reklamówka / Torba
2869,2024-11-26,1006,Łódź Fabryczna - Białystok,Warszawa Wschodnia,Etui
2870,2024-11-26,81102,Szczecin Gł - Suwałki,Suwałki,Dokument/Y
2871,2024-11-26,5400,Gdynia Gł. - Gliwice,Gliwice,Telefon
2872,2024-11-26,28100,Lublin Gł-Szczecin Gł,Warszawa Cent,Rzeczy Osobiste
2873,2024-11-26,5360,Gdynia - Zakopane,Kraków Główny,Rzeczy Osobiste
2874,2024-11-26,,,Wrocław Główny,Sprzęt Elektroniczny
2875,2024-11-26,83171,Kołobrzeg-Kraków,Kraków Główny,Sprzęt Sportowy
2876,2024-11-26,5102,Gdynia Gł. - Warszawa Zach.,Warszawa Zachodnia,Ubranie
2877,2024-11-26,3128,Kraków Gł. - Warszawa Wsch.,Warszawa Wschodnia,Artykuły Spożywcze
2878,2024-11-26,61102,Wrocław Gł. - Warszawa Wsch.,Warszawa Wschodnia,Etui
2879,2024-11-26,3502,Kraków Gł. - Gdynia Gł.,Gdynia Główna,Ubranie
2880,2024-11-26,1200,Łódż Fabryczna-Lublin,Lublin,Rzeczy Osobiste
2881,2024-11-26,4524,Bielsko-Biała Gł. - Olsztyn Gł.,Olsztyn Główny,Książka
2882,2024-11-25,31108,Kraków Gł-Łódź Fabryczna,Łódź Kaliska,Walizka / Plecak
2883,2024-11-25,6520,Wrocław Gł. - Ełk,Ełk,Ubranie
2884,2024-11-25,73001,Berlin -Przemyśl Gł.,Przemyśl Główny,Sprzęt Elektroniczny
2885,2024-11-25,73104,Zielona Góra Gł. - Przemyśl Gł.,Opole Główne,Sprzęt Elektroniczny
2886,2024-11-25,65104,Wrocław Gł. - Olsztyn Gł.,Ostróda,Artykuły Dziecięce
2887,2024-11-25,3513,Przemyśl Gł. - Gdynia Gł.,Gniezno,Sprzęt Elektroniczny
2888,2024-11-25,1524,Warszawa Wsch. - Bydgoszcz Gł.,Bydgoszcz Główna,Ubranie
2889,2024-11-25,3513,Przemyśl Gł. - Gdynia Gł.,Bydgoszcz Główna,Sprzęt Elektroniczny
2890,2024-11-25,3102,Kraków Gł. - Warszawa Wsch.,Warszawa Wschodnia,Rzeczy Osobiste
2891,2024-11-25,16106,Białystok - Wrocław Gł.,Wrocław Główny,Telefon
2892,2024-11-25,81170,Świnoujście - Warszawa Wsch.,Warszawa Wschodnia,Walizka / Plecak
2893,2024-11-25,3113 ED-250,Krakow-Warszawa,Warszawa Olszynka Grochowska,Sprzęt Elektroniczny
2894,2024-11-25,1006,Łódź Fabryczna - Białystok,Białystok,Reklamówka / Torba
2895,2024-11-25,1006,Łódź Fabryczna - Białystok,Białystok,Sprzęt Sportowy
2896,2024-11-25,28100,Lublin Gł. - Szczecin Gł.,Solec Kujawski,Reklamówka / Torba
2897,2024-11-25,1522,Łódź Fabryczna - Olsztyn Gł.,Olsztyn Zachodni,Sprzęt Agd
2898,2024-11-25,3526,Kraków Gł. - Olsztyn Gł.,Olsztyn Główny,Sprzęt Elektroniczny
2899,2024-11-25,57108,Gdynia Gł. - Zielona Góra Gł.,Zielona Góra Główna,Ubranie
2900,2024-11-25,27102,,Poznań Główny,Rzeczy Osobiste
2901,2024-11-25,27102,Poznan,Poznań Główny,Sprzęt Elektroniczny
2902,2024-11-25,5104,Gdynia Gł. - Warszawa Zach.,Warszawa Zachodnia,Reklamówka / Torba
2903,2024-11-25,81108,Szczecin Gł-Łódż,Łódź Widzew,Sprzęt Elektroniczny
2904,2024-11-25,3550,Kraków Gł. - Gdynia Gł.,Gdynia Główna,Reklamówka / Torba
2905,2024-11-25,82103,Szczecin Gł -Lublin,Lublin,Ubranie
2906,2024-11-25,1604,Warszawa Wsch. - Wrocław Gł.,Wrocław Główny,Reklamówka / Torba
2907,2024-11-25,71102,Zielona Góra Gł. - Warszawa Wsch.,Warszawa Wschodnia,Ubranie
2908,2024-11-25,1600,Warszawa Wsch. - Wrocław Gł.,Wrocław Główny,Sprzęt Elektroniczny
2909,2024-11-25,4123,Bielsko B.Gł.-Białystok,Białystok,Sprzęt Elektroniczny
2910,2024-11-24,4526,Katowice - Gdynia Gł.,Gdynia Główna,Sprzęt Turystyczny
2911,2024-11-24,5220,Bydgoszcz Gł. - Lublin Gł.,Włocławek,Walizka / Plecak
2912,2024-11-24,82104,Świnoujście - Hrubieszów Miasto,Lublin Główny,Sprzęt Elektroniczny
2913,2024-11-24,15130,Łódź Fabryczna - Gdynia Gł.,Legionowo,Rzeczy Osobiste
2914,2024-11-24,86102,Słupsk - Wrocław Gł.,Wrocław Główny,Ubranie
2915,2024-11-24,1600,Warszawa Wsch. - Wrocław Gł.,Wrocław Główny,Ubranie
2916,2024-11-24,1620,Warszawa Wsch. - Wrocław Gł.,Wrocław Główny,Reklamówka / Torba
2917,2024-11-24,4560,Wisła Uzdr. - Olsztyn Gł.,Olsztyn Główny,Ubranie
2918,2024-11-24,85102,Szczecin Gł. - Olsztyn Gł.,Gdynia Główna,Reklamówka / Torba
2919,2024-11-24,16104,Białystok - Wrocław Gł.,Częstochowa Stradom,Telefon
2920,2024-11-24,57124,Gdynia - Poznań,Poznań Główny,Sprzęt Elektroniczny
2921,2024-11-24,85100,Szczecin Gł. - Gdańsk Gł.,Gdańsk Główny,Reklamówka / Torba
2922,2024-11-24,82102,Szczecin Gł. - Lublin Gł.,Lublin Główny,Reklamówka / Torba
2923,2024-11-24,6520,Wrocław Gł. - Ełk,Mońki,Ubranie
2924,2024-11-24,82104,Świnoujście - Hrubieszów Miasto,Werbkowice,Etui
2925,2024-11-24,65102,Wrocław Gł. - Olsztyn Gł.,Olsztyn Główny,Telefon
2926,2024-11-24,47100,Katowice-Poznań,Poznań Główny,Dokument/Y
2927,2024-11-24,56150,Gdynia Gł. - Wrocław Gł.,Wrocław Główny,Reklamówka / Torba
2928,2024-11-24,26102,Lublin Gł. - Wrocław Gł.,Wrocław Główny,Reklamówka / Torba
2929,2024-11-24,16106,Białystok - Wrocław Gł.,Wrocław Główny,Telefon
2930,2024-11-24,53103,Gdynia Gł. - Kraków Płaszów,Opoczno Południe,Telefon
2931,2024-11-24,83171,Kołobrzeg - Kraków Gł.,Słupsk,Reklamówka / Torba
2932,2024-11-24,72102,Poznań Gł. - Lublin Gł.,Lublin Główny,Reklamówka / Torba
2933,2024-11-23,4502,Gliwice - Gdynia Gł.,Sopot,Kosztowności
2934,2024-11-23,6504,Wrocław Gł. - Gdynia Gł.,Gdynia Główna,Sprzęt Elektroniczny
2935,2024-11-23,61102,Wrocław Gł. - Warszawa Wsch.,Warszawa Wschodnia,Reklamówka / Torba
2936,2024-11-23,3513,Przemyśl Gł. - Gdynia Gł.,Gdańsk Główny,Sprzęt Elektroniczny
2937,2024-11-23,84102,Słupsk - Bielsko-Biała Gł.,Bielsko-Biała Główna,Etui
2938,2024-11-23,6504,Wrocław Gł. - Gdynia Gł.,Sopot,Książka
2939,2024-11-23,1530,Warszawa Zach. - Bydgoszcz Gł.,Warszawa Zachodnia,Rzeczy Osobiste
2940,2024-11-23,75108,Zielona Góra Gł. - Gdynia Gł.,Gdynia Główna,Walizka / Plecak
2941,2024-11-23,16170,Warszawa-Jelenia Gora,Warszawa Olszynka Grochowska,Ubranie
2942,2024-11-23,82102,Szczecin Gł. - Lublin Gł.,Lublin Główny,Reklamówka / Torba
2943,2024-12-15,38104,Rzeszów Główny - Piła Gł.,Solec Kujawski,Sprzęt Elektroniczny
2944,2024-12-15,3534,Kraków Gł. - Bydgoszcz Gł.,Bydgoszcz Główna,Saszetka / Nerka
2945,2024-12-15,5402,Gdynia Gł. - Bielsko-Biała Gł.,Bielsko-Biała Główna,Rzeczy Osobiste
2946,2024-12-15,1102,Białystok-Łódź Fabryczna,Łódź Fabryczna,Walizka / Plecak
2947,2024-12-15,3502,Kraków Gł. - Gdynia Gł.,Gdynia Główna,Reklamówka / Torba
2948,2024-12-15,38108,Zakopane - Szczecin Gł.,Koszalin,Saszetka / Nerka
2949,2024-12-15,3500,Kraków Gł. - Gdynia Gł.,Tczew,Sprzęt Elektroniczny
2950,2024-12-15,38106,Zakopane - Szczecin Gł.,Krzyż,Walizka / Plecak
2951,2024-12-15,28160,Lublin Gł. - Szczecin Gł.,Wrocław Główny,Walizka / Plecak
2952,2024-12-15,58106,Olsztyn Gł. - Szczecin Gł.,Szczecin Główny,Walizka / Plecak
2953,2024-12-15,1810,Warszawa Wsch. - Szczecin Gł.,Szczecin Główny,Walizka / Plecak
2954,2024-12-15,83108,Szczecin Gł. - Zakopane,Warka,Reklamówka / Torba
2955,2024-12-15,3560,Zakopane - Gdynia Gł.,Smętowo,Walizka / Plecak
2956,2024-12-15,3822,Kraków Gł. - Szczecin Gł.,Stargard,Telefon
2957,2024-12-15,45100,Bielsko-Biała Gł. - Gdynia Gł.,Gdynia Główna,Reklamówka / Torba
2958,2024-12-15,75102,Poznań Gł. - Olsztyn Gł.,Olsztyn Główny,Portfel
2959,2024-12-15,6101,Wrocław-Warszawa,Warszawa Olszynka Grochowska,Sprzęt Elektroniczny
2960,2024-12-15,75108,Zielona Góra Gł. - Gdynia Gł.,Gniezno,Artykuły Medyczne
2961,2024-12-15,16104,Białystok - Wrocław Gł.,Wrocław Główny,Saszetka / Nerka
2962,2024-12-15,83172,Świnoujście - Przemyśl Gł.,Wrocław Główny,Walizka / Plecak
2963,2024-12-15,5302,Gdynia Gł. - Kraków Gł.,Kraków Główny,Sprzęt Elektroniczny
2964,2024-12-15,62102,Wrocław Gł. - Lublin Gł.,Koniecpol,Walizka / Plecak
2965,2024-12-15,55,Berlin Hbf - Kraków Gł.,Kraków Główny,Saszetka / Nerka
2966,2024-12-14,83106,Piła Gł. - Kraków Gł.,Kępno,Reklamówka / Torba
2967,2024-12-14,3524,Kraków Gł. - Olsztyn Gł.,Legionowo,Rzeczy Osobiste
2968,2024-12-14,18114,Łódź Fabryczna - Kołobrzeg,Sopot,Walizka / Plecak
2969,2024-12-14,3550,Kraków Gł. - Gdynia Gł.,Gdynia Główna,Walizka / Plecak
2970,2024-12-14,18108,Łódź Kaliska - Szczecin Gł.,Krzyż,Walizka / Plecak
2971,2024-12-14,3524,Kraków Gł. - Olsztyn Gł.,Olsztyn Główny,Portfel
2972,2024-12-14,6122,Wrocław-Warszawa,Warszawa Olszynka Grochowska,Sprzęt Elektroniczny
2973,2024-12-14,108,Wien Hbf - Gdynia Gł.,Gdynia Główna,Reklamówka / Torba
2974,2024-12-14,5600,Gdynia Gł. - Jelenia Góra,Wrocław Główny,Walizka / Plecak
2975,2024-12-14,3500,Kraków Gł. - Gdynia Gł.,Gdynia Główna,Reklamówka / Torba
2976,2024-12-14,25100,Chełm - Bydgoszcz Gł.,Łowicz Główny,Reklamówka / Torba
2977,2024-12-14,13102,Warszawa - Kraków,Kraków Główny,Sprzęt Elektroniczny
2978,2024-12-14,18110,Warszawa Wsch. - Piła Gł.,Piła Główna,Walizka / Plecak
2979,2024-12-14,6122,Wrocław-Warszawa,Warszawa Olszynka Grochowska,Walizka / Plecak
2980,2024-12-14,7200,Żary - Lublin Gł.,Opole Główne,Portfel
2981,2024-12-14,61108,Wrocław Gł. - Warszawa Wsch.,Lubliniec,Walizka / Plecak
2982,2024-12-14,56,Przemyśl Gł. - Berlin Hbf,Gliwice,Walizka / Plecak
2983,2024-12-14,5306,Gdynia - Kraków,Kraków Główny,Dokument/Y
2984,2024-12-14,85102,Szczecin Gł. - Olsztyn Gł.,Gdynia Główna,Portfel
2985,2024-12-14,85102,Szczecin Gł. - Olsztyn Gł.,Olsztyn Główny,Portfel
2986,2024-12-14,6150,Szklarska Por.G. - Warszawa Wsch.,Częstochowa Stradom,Reklamówka / Torba
2987,2024-12-14,5102,Gdynia Gł. - Warszawa Zach.,Warszawa Zachodnia,Etui
2988,2024-12-14,3122,Kraków Gł. - Warszawa Wsch.,Warszawa Wschodnia,Walizka / Plecak
2989,2024-12-14,3522,Kraków Gł. - Olsztyn Gł.,Olsztyn Główny,Walizka / Plecak
2990,2024-12-14,3106,Kraków Gł. - Warszawa Centr.,Warszawa Centralna,Walizka / Plecak
2991,2024-12-14,6104,Wrocław Gł. - Warszawa Wsch.,Warszawa Wschodnia,Reklamówka / Torba
2992,2024-12-13,4526,Katowice - Gdynia Gł.,Gdynia Główna,Walizka / Plecak
2993,2024-12-13,3121,Zakopane - Warszawa Wsch.,Warszawa Olszynka Grochowska,Sprzęt Elektroniczny
2994,2024-12-13,17104,Warszawa Wsch. - Poznań Gł.,Koło,Walizka / Plecak
2995,2024-12-13,58104,Olsztyn Gł. - Szczecin Gł.,Świdwin,Walizka / Plecak
2996,2024-12-13,3520,Kraków Gł. - Olsztyn Gł.,Olsztyn Główny,Reklamówka / Torba
2997,2024-12-13,31100,Przemyśl Gł. - Warszawa Wsch.,Kraków Główny,Saszetka / Nerka
2998,2024-12-13,1114,Łódź Fabryczna - Terespol,Terespol,Ubranie
2999,2024-12-13,6504,Wrocław Gł. - Gdynia Gł.,Gdynia Główna,Saszetka / Nerka
3000,2024-12-13,73100,Poznań Gł. - Kraków Gł.,Kraków Główny,Walizka / Plecak
3001,2024-12-13,3151,Zakopane-Warszawa,Warszawa-Olszynka Grochowska,Reklamówka / Torba
3002,2024-12-13,1310,Warszawa Wschodnia - Kraków Główny,Kraków Główny,Rzeczy Osobiste
3003,2024-12-13,38171,Kraków Gł. - Kołobrzeg,Lębork,Telefon
3004,2024-12-13,86104,Szczecin Gł. - Wrocław Gł.,Bytom Odrzański,Etui
3005,2024-12-13,18102,Suwałki - Szczecin Gł.,Szczecin Główny,Sprzęt Agd
3006,2024-12-13,35105,Zakopane - Gdynia Gł.,Miechów,Walizka / Plecak
3007,2024-12-13,1600,Warszawa Wsch. - Wrocław Gł.,Wrocław Główny,Telefon
3008,2024-12-13,56104,Olsztyn Gł. - Wrocław Gł.,Wrocław Główny,Sprzęt Agd
3009,2024-12-13,3722,Kraków Gł. - Poznań Gł.,Poznań Główny,Reklamówka / Torba
3010,2024-12-13,81103,Szczecin Główny - Suwałki,Suwałki,Walizka / Plecak
3011,2024-12-13,5329,Olsztyn Gł. - Kraków Gł.,Kraków Główny,Reklamówka / Torba
3012,2024-12-13,6520,Wrocław Gł. - Ełk,Ełk,Portfel
3013,2024-12-13,11116,Terespol - Warszawa Wsch.,Warszawa Wschodnia,Sprzęt Elektroniczny
3014,2024-12-13,6504,Wrocław Gł. - Gdynia Gł.,Gdynia Główna,Walizka / Plecak
3015,2024-12-13,82104,Świnoujście - Hrubieszów Miasto,Otwock,Reklamówka / Torba
3016,2024-12-13,58104,Olsztyn Gł. - Szczecin Gł.,Szczecin Główny,Ubranie
3017,2024-12-13,85106,Szczecin Gł. - Olsztyn Gł.,Gdańsk Główny,Reklamówka / Torba
3018,2024-12-13,3820,Kraków Gł. - Szczecin Gł.,Szczecin Główny,Sprzęt Elektroniczny
3019,2024-12-13,3504,Kraków Gł. - Gdynia Gł.,Gdynia Główna,Walizka / Plecak
3020,2024-12-13,35105,Zakopane - Gdynia Gł.,Ciechanów,Telefon
3021,2024-12-13,1304,Warszawa Wschodnia -Kraków Główny,Kraków Główny,Książka
3022,2024-12-13,310,Lublin Gł. - Bohumin,Ropczyce,Rzeczy Osobiste
3023,2024-12-13,85104,Szczecin Gł. - Olsztyn Gł.,Olsztyn Główny,Telefon
3024,2024-12-13,81107,Szczecin Gł. - Warszawa Wsch.,Września,Reklamówka / Torba
3025,2024-12-12,5310,Gdynia Gł. - Kraków Gł.,Kraków Główny,Reklamówka / Torba
3026,2024-12-12,5131,Bydgoszcz - Warszawa,Warszawa Olszynka Grochowska,Portfel
3027,2024-12-12,53171,Gdynia Gł. - Zakopane,Iława Główna,Rzeczy Osobiste
3028,2024-12-12,5620,Ełk - Wrocław Gł.,Wrocław Główny,Książka
3029,2024-12-12,35102,Zakopane - Gdynia Gł.,Ciechanów,Reklamówka / Torba
3030,2024-12-12,5604,,Wrocław Główny,Walizka / Plecak
3031,2024-12-12,5314,Gdynia Gł. - Przemyśl Gł.,Przemyśl Główny,Walizka / Plecak
3032,2024-12-12,18102,Suwałki - Szczecin Gł.,Szczecin Główny,Dokument/Y
3033,2024-12-12,6500,Jelenia Góra - Gdynia Gł.,Gdynia Główna,Reklamówka / Torba
3034,2024-12-12,7300,Poznań Gł. - Przemyśl Gł.,Przemyśl Główny,Walizka / Plecak
3035,2024-12-12,58102,Olsztyn Gł. - Szczecin Gł.,Słupsk,Portfel
3036,2024-12-12,3820,Kraków Gł. - Szczecin Gł.,Szczecin Główny,Ubranie
3037,2024-12-11,57106,Gdynia - Poznań,Poznań Główny,Dokument/Y
3038,2024-12-11,1114,Łódź Fabryczna - Terespol,Terespol,Walizka / Plecak
3039,2024-12-11,5220,Lublin - Bydgoszcz,Bydgoszcz Główna,Reklamówka / Torba
3040,2024-12-11,2520,Lublin Gł. - Bydgoszcz Gł.,Kutno,Walizka / Plecak
3041,2024-12-11,5334,Warszawa Wschodnia -Kraków Główny,Kraków Główny,Sprzęt Elektroniczny
3042,2024-12-11,5360,Gdynia Gł. - Zakopane,Zakopane,Sprzęt Elektroniczny
3043,2024-12-11,5360,Gdynia Gł. - Zakopane,Bydgoszcz Leśna,Ubranie
3044,2024-12-11,4123,Bielsko-Biała-Białystok,Białystok,Portfel
3045,2024-12-11,45150,Bielsko Biała - Bydgoszcz,Bydgoszcz Główna,Rzeczy Osobiste
3046,2024-12-11,3500,Kraków Gł. - Gdynia Gł.,Iława Główna,Saszetka / Nerka
3047,2024-12-11,5220,Bydgoszcz Gł. - Lublin Gł.,Lublin Główny,Portfel
3048,2024-12-11,1200,Łódź Fabryczna - Lublin Gł.,Nałęczów,Dokument/Y
3049,2024-12-10,16108,,Wrocław Główny,Dokument/Y
3050,2024-12-10,8104,Szczecin Gł. - Warszawa Wsch.,Warszawa Zachodnia,Dokument/Y
3051,2024-12-10,2700,Lublin Gł. - Żary,Żary,Sprzęt Elektroniczny
3052,2024-12-10,3526,Kraków Gł. - Olsztyn Gł.,Olsztyn Główny,Reklamówka / Torba
3053,2024-12-10,32100,Kraków Gł. - Lublin Gł.,Kielce Główne,Telefon
3054,2024-12-10,85100,Szczecin Gł. - Gdańsk Gł.,Gdańsk Główny,Walizka / Plecak
3055,2024-12-10,41011,Monachium -Warszawa Wschodnia,Warszawa Olszynka Grochowska,Dokument/Y
3056,2024-12-09,28100,Lublin Gł. - Szczecin Gł.,Sochaczew,Walizka / Plecak
3057,2024-12-09,37104,Przemyśl Gł. - Zielona Góra Gł.,Miechów,Walizka / Plecak
3058,2024-12-09,6126,Wrocław Gł. - Warszawa Wsch.,Warszawa Olszynka Grochowska,Dokument/Y
3059,2024-12-09,4506,Bielsko-Biała Gł. - Gdynia Gł.,Bielsko-Biała Główna,Ubranie
3060,2024-12-09,63100,Wrocław Główny- Kraków Główny,Kraków Główny,Książka
3061,2024-12-09,1200,Łódź Fabryczna - Lublin Gł.,Dęblin,Sprzęt Elektroniczny
3062,2024-12-08,1460,Warszawa Wsch. - Wisła Uzdr.,Warszawa Wschodnia,Portfel
3063,2024-12-08,5324,Olsztyn-Kraków,Kraków Główny,Książka
3064,2024-12-08,24103,Kielce Główne - Gliwice,Gliwice,Walizka / Plecak
3065,2024-12-08,5604,Gdynia Gł. - Wrocław Gł.,Wrocław Główny,Walizka / Plecak
3066,2024-12-08,16104,Białystok - Wrocław Gł.,Brzeg,Dokument/Y
3067,2024-12-08,8304,Szczecin Gł. - Przemyśl Gł.,Przemyśl Główny,Rzeczy Osobiste
3068,2024-12-08,53103,Gdynia Gł. - Zakopane,Zakopane,Sprzęt Elektroniczny
3069,2024-12-08,5314,Gdynia Gł. - Przemyśl Gł.,Przemyśl Główny,Walizka / Plecak
3070,2024-12-08,5142,Gdynia Gł. - Warszawa Zach.,Warszawa Zachodnia,Walizka / Plecak
3071,2024-12-07,81170,Świnoujście -Warszawa Wschodnia,Warszawa Olszynka Grochowska,Dokument/Y
3072,2024-12-07,56104,Olsztyn Gł. - Wrocław Gł.,Oborniki Śląskie,Walizka / Plecak
3073,2024-12-07,18102,Suwałki - Szczecin Gł.,Warszawa Zachodnia,Dokument/Y
3074,2024-12-07,8101,Szczecin Gł. - Warszawa Wsch.,Poznań Główny,Walizka / Plecak
3075,2024-12-07,83170,Kołobrzeg-Kraków,Kraków Główny,Portfel
3076,2024-12-07,53104,Gdynia Główna -Zakopane,Kraków Główny,Walizka / Plecak
3077,2024-12-07,4123,Bielsko-Biała- Białystok,Białystok,Dokument/Y
3078,2024-12-07,16104,Białystok - Wrocław Gł.,Wrocław Główny,Rzeczy Osobiste
3079,2024-12-07,3108,Kraków Gł. - Warszawa Wsch.,Warszawa Centralna,Ubranie
3080,2024-12-06,36106,Kraków Gł. - Jelenia Góra,Nowa Ruda,Walizka / Plecak
3081,2024-12-06,17100,Warszawa Wsch. - Zielona Góra Gł.,Zielona Góra Główna,Rzeczy Osobiste
3082,2024-12-06,71102,Zielona Góra Gł. - Warszawa Wsch.,Warszawa Wschodnia,Portfel
3083,2024-12-06,31106,Przemyśl Gł. - Warszawa Wsch.,Warszawa Wschodnia,Reklamówka / Torba
3084,2024-12-05,81114,Kołobrzeg - Łódź Fabryczna,Nowy Dwór Mazowiecki,Reklamówka / Torba
3085,2024-12-05,108,Wien Hbf - Gdynia Gł.,Tczew,Portfel
3086,2024-12-05,5314,Gdynia Gł. - Przemyśl Gł.,Inowrocław,Walizka / Plecak
3087,2024-12-05,1622,Białystok - Wrocław Gł.,Kalisz,Reklamówka / Torba
3088,2024-12-05,108,Wien Hbf - Gdynia Gł.,Sosnowiec Główny,Sprzęt Elektroniczny
3089,2024-12-05,5602,Gdynia Gł. - Wrocław Gł.,Leszno,Sprzęt Elektroniczny
3090,2024-12-04,47100,Katowice - Poznań Gł.,Jarocin,Reklamówka / Torba
3091,2024-12-04,3700,Przemyśl Gł. - Poznań Gł.,Gliwice,Walizka / Plecak
3092,2024-12-03,82104,Świnoujście-Warszawa,Warszawa Centralna,Telefon
3093,2024-12-02,8306,Kołobrzeg - Kraków Gł.,Wrocław Główny,Telefon
3094,2024-12-02,58108,Olsztyn Gł. - Szczecin Gł.,Gdańsk Wrzeszcz,Dokument/Y
3095,2024-12-02,,,Warszawa Olszynka Grochowska,Dokument/Y
3096,2024-12-01,52100,Bydgoszcz Gł. - Chełm,Toruń Główny,Artykuły Muzyczne
3097,2024-12-01,4500,Bielsko-Biała Gł. - Gdynia Gł.,Warszawa Wschodnia,Portfel
3098,2024-12-01,4122,Pilecki,Warszawa Olszynka Grochowska,Portfel
3099,2024-12-01,35170,Zakopane - Gdynia Gł.,Gdynia Główna,Rzeczy Osobiste
3100,2024-11-30,5302,Gdynia Gł. - Kraków Gł.,Kraków Główny,Książka
3101,2024-11-30,5332,Bydgoszcz Gł. - Rzeszów Główny,Rzeszów Główny,Rzeczy Osobiste
3102,2024-11-30,61170,Wrocław - Warszawa,Warszawa Olszynka Grochowska,Walizka / Plecak
3103,2024-11-30,5302,Gdynia Gł. - Kraków Gł.,Kraków Główny,Rzeczy Osobiste
3104,2024-11-30,3506,Kraków Gł. - Gdynia Gł.,Gdynia Główna,Ubranie
3105,2024-11-30,5302,Gdynia - Kraków,Kraków Główny,Książka
3106,2024-11-30,1304,Warszawa - Kraków,Kraków Główny,Ubranie
3107,2024-11-29,5122,Olsztyn Gł. - Łódź Fabryczna,Łódź Fabryczna,Sprzęt Elektroniczny
3108,2024-11-29,8304,Szczecin Gł. - Przemyśl Gł.,Przemyśl Główny,Walizka / Plecak
3109,2024-11-29,5314,Gdynia Gł. - Przemyśl Gł.,Przemyśl Główny,Walizka / Plecak
3110,2024-11-29,5350,Gdynia Główna-Kraków Główny,Kraków Główny,Parasol
3111,2024-11-29,5422,Olsztyn Gł. - Racibórz,Racibórz,Rzeczy Osobiste
3112,2024-11-29,3550,Kraków Gł. - Gdynia Gł.,Sopot,Walizka / Plecak
3113,2024-11-29,5620,Ełk - Wrocław Gł.,Wrocław Główny,Reklamówka / Torba
3114,2024-11-29,6500,Jelenia Góra - Gdynia Gł.,Gdynia Główna,Ubranie
3115,2024-11-29,6304,Wrocław Gł. - Przemyśl Gł.,Przemyśl Główny,Reklamówka / Torba
3116,2024-11-29,83100,Szczecinek - Rzeszów Główny,Rzeszów Główny,Sprzęt Elektroniczny
3117,2024-11-28,8320,Szczecin-Kraków,Kraków Główny,Ubranie
3118,2024-11-28,4110,Bielsko-Biała Gł. - Warszawa Wsch.,Warszawa Wschodnia,Książka
3119,2024-11-28,5328,Olsztyn-Kraków,Kraków Główny,Ubranie
3120,2024-11-28,53172,Świnoujście-Kraków,Kraków Główny,Ubranie
3121,2024-11-28,5334,Bydgoszcz Gł. - Kraków Gł.,Opoczno Południe,Parasol
3122,2024-11-28,5302,Gdynia-Kraków,Kraków Główny,Ubranie
3123,2024-11-28,1306,Warszawa-Kraków,Kraków Główny,Ubranie
3124,2024-11-28,1532,Łódź Fabryczna - Gdynia Gł.,Gdynia Główna,Parasol
3125,2024-11-28,,,Warszawa Olszynka Grochowska,Portfel
3126,2024-11-28,5406,Gdynia Gł. - Bielsko-Biała Gł.,Włoszczowa Północ,Ubranie
3127,2024-11-28,1302,Warszawa-Kraków,Kraków Główny,Sprzęt Sportowy
3128,2024-11-28,83102,Świnoujście - Kraków Gł.,Kraków Główny,Rzeczy Osobiste
3129,2024-11-27,63102,Jelenia Góra - Kraków,Kraków Główny,Książka
3130,2024-11-27,5104,Gdynia Gł. - Warszawa Zach.,Warszawa Centralna,Kosztowności
3131,2024-11-27,3502,Kraków Gł. - Gdynia Gł.,Gdynia Główna,Ubranie
3132,2024-11-27,5329,Olsztyn Gł. - Kraków Gł.,Warszawa Wschodnia,Dokument/Y
3133,2024-11-27,4500,Bielsko-Biała Gł. - Gdynia Gł.,Bielsko-Biała Główna,Etui
3134,2024-11-27,5360,Gdynia-Kraków,Kraków Główny,Rzeczy Osobiste
3135,2024-11-27,5306,Gdynia-Kraków,Kraków Główny,Ubranie
3136,2024-11-27,5103,Gdynia -Warszawa Wschodnia,Warszawa Olszynka Grochowska,Portfel
3137,2024-11-27,6304,Wrocław Gł. - Przemyśl Gł.,Przemyśl Główny,Dokument/Y
3138,2024-11-27,6302,Wrocław Gł. - Przemyśl Gł.,Przemyśl Główny,Obuwie
3139,2024-11-26,4508,Gliwice - Gdynia Gł.,Gdynia Główna,Ubranie
3140,2024-11-26,5404,Gdynia Gł. - Gliwice,Gliwice,Ubranie
3141,2024-11-26,5422,Olsztyn Gł. - Racibórz,Racibórz,Sprzęt Sportowy
3142,2024-11-26,5328,Olsztyn Główny -Kraków Główny,Kraków Główny,Ubranie
3143,2024-11-26,1304,Warszawa Wschodnia -Kraków Główny,Kraków Główny,Sprzęt Elektroniczny
3144,2024-11-26,83170,Kołobrzeg -Kraków Główny,Kraków Główny,Ubranie
3145,2024-11-26,7322,Poznań - Kraków,Kraków Główny,Sprzęt Elektroniczny
3146,2024-11-25,51154,Gdynia Gł-Łódz,Łódź Kaliska,Portfel
3147,2024-11-25,7300,Poznań Główny- Przemyśl Główny,Kraków Główny,Rzeczy Osobiste
3148,2024-11-25,83173,Świnoujście-Przemyśl Gł.,Przemyśl Główny,Ubranie
3149,2024-11-25,5320,Olsztyn Gł. - Kraków Gł.,Kraków Główny,Artykuły Biurowe
3150,2024-11-25,5302,Gdynia Główna- Kraków Główny,Kraków Główny,Rzeczy Osobiste
3151,2024-11-25,5306,Gdynia Główna -Kraków Główny,Kraków Główny,Ubranie
3152,2024-11-25,83100,Szczecinek - Rzeszów Główny,Rzeszów Główny,Sprzęt Elektroniczny
3153,2024-11-25,6302,Wrocław Gł. - Przemyśl Gł.,Opole Główne,Sprzęt Sportowy
3154,2024-11-25,5304,Gdynia Główna- Kraków Główny,Kraków Główny,Ubranie
3155,2024-11-25,4508,Gliwice - Gdynia Gł.,Gdynia Główna,Artykuły Spożywcze
3156,2024-11-25,23100,Lublin Gł. - Kraków Gł.,Kraków Główny,Reklamówka / Torba
3157,2024-11-24,6301,Wrocław-Przemysl Gł.,Przemyśl Główny,Ubranie
3158,2024-11-24,5313,Gdynia-Przemyśl,Przemyśl Główny,Sprzęt Elektroniczny
3159,2024-11-24,5313,Gdynia-Przemyśl Gł.,Przemyśl Główny,Etui
3160,2024-11-24,15102,Warszawa Wsch. - Gdynia Gł.,Sopot,Reklamówka / Torba
3161,2024-11-24,5326,Olsztyn Gł. - Kraków Gł.,Kraków Główny,Książka
3162,2024-11-24,5406,Gdynia Gł. - Bielsko-Biała Gł.,Bielsko-Biała Główna,Reklamówka / Torba
3163,2024-11-24,83100,Szczecinek - Rzeszów Główny,Rzeszów Główny,Ubranie
3164,2024-11-24,5308,Gdynia Gł. - Rzeszów Główny,Rzeszów Główny,Sprzęt Elektroniczny
3165,2024-11-24,5306,Gdynia Główna- Kraków Główny,Kraków Główny,Ubranie
3166,2024-11-24,1310,Warszawa Wschodnia- Kraków Główny,Kraków Główny,Ubranie
3167,2024-11-24,5304,Gdynia Główna- Kraków Główny,Kraków Główny,Ubranie
3168,2024-11-24,3560,Kraków Płaszów - Gdynia Gł.,Gdynia Główna,Reklamówka / Torba
3169,2024-11-23,16108,Warszawa Wsch. - Wrocław Gł.,Wrocław Główny,Reklamówka / Torba
3170,2024-11-23,5406,Gdynia Gł. - Bielsko-Biała Gł.,Bielsko-Biała Główna,Walizka / Plecak
3171,2024-11-23,63101,Wrocław Główny- Kraków Główny,Kraków Główny,Ubranie
3172,2024-11-23,1320,Warszawa Wsch. - Kraków Płaszów,Radom Główny,Dokument/Y
3173,2024-11-23,6300,Wrocław Gł. - Przemyśl Gł.,Przemyśl Główny,Ubranie
3174,2024-11-23,5104,Gdynia Gł. - Warszawa Zach.,Warszawa Wschodnia,Portfel
3175,2024-11-23,4120,Bielsko-Biała Gł. - Warszawa Wsch.,Bielsko-Biała Główna,Walizka / Plecak
3176,2024-11-23,13100,Warszawa Wsch. - Przemyśl Gł.,Przemyśl Główny,Reklamówka / Torba
3177,2024-11-23,5312,Gdynia Gł. - Kraków Gł.,Kraków Główny,Walizka / Plecak
3178,2024-11-23,17100,Warszawa Wsch. - Zielona Góra Gł.,Zielona Góra Główna,Sprzęt Turystyczny
3179,2024-11-23,107,Przemyśl Gł. - Graz Hbf,Bochnia,Reklamówka / Torba
3180,2024-11-23,75108,Zielona Góra Gł. - Gdynia Gł.,Gdynia Główna,Ubranie
3181,2024-11-23,108,Wien Hbf - Gdynia Gł.,Gdynia Główna,Saszetka / Nerka
3182,2024-11-23,82104,Świnoujście - Hrubieszów Miasto,Lublin Główny,Dokument/Y
3183,2024-11-23,52100,Bydgoszcz Gł. - Chełm,Chełm,Walizka / Plecak
3184,2024-11-23,6104,Wrocław Gł. - Warszawa Wsch.,Warszawa Wschodnia,Walizka / Plecak
3185,2024-11-23,3524,Kraków Gł. - Olsztyn Gł.,Olsztyn Główny,Walizka / Plecak
3186,2024-11-23,78101,Zbąszynek - Gorzów Wlkp.,Gorzów Wielkopolski,Sprzęt Elektroniczny
3187,2024-11-22,85104,Szczecin Gł. - Olsztyn Gł.,Olsztyn Główny,Ubranie
3188,2024-11-22,6124,Wrocław Gł. - Białystok,Wołomin,Ubranie
3189,2024-11-22,16104,Białystok - Wrocław Gł.,Wrocław Główny,Sprzęt Elektroniczny
3190,2024-11-22,84102,Ustka - Bielsko Biała Główna,Bielsko-Biała Główna,Walizka / Plecak
3191,2024-11-22,3121,Zakopane -Warszawa Wschodnia,Warszawa Olszynka Grochowska,Sprzęt Elektroniczny
3192,2024-11-22,5132,,Lodz Fabryczna,Etui
3193,2024-11-22,65102,Wrocław Gł. - Olsztyn Gł.,Olsztyn Główny,Sprzęt Sportowy
3194,2024-11-22,5320,Olsztyn Gł. - Kraków Gł.,Piaseczno,Obuwie
3195,2024-11-22,5310,Gdynia Gł. - Kraków Gł.,Warszawa Centralna,Sprzęt Elektroniczny
3196,2024-11-22,72100,Zielona Góra-Lublin,Zielona Góra Główna,Walizka / Plecak
3197,2024-11-22,83100,Szczecinek - Rzeszów Główny,Puławy Miasto,Walizka / Plecak
3198,2024-11-22,5312,Gdynia Gł. - Przemyśl Gł.,Przemyśl Główny,Saszetka / Nerka
3199,2024-11-22,5404,Gdynia Gł. - Gliwice,Gliwice,Rzeczy Osobiste
3200,2024-11-22,5422,Olsztyn Gł. - Racibórz,Racibórz,Rzeczy Osobiste
3201,2024-11-22,87172,Świnoujście - Przemyśl,Poznań Główny,Dokument/Y
3202,2024-11-22,19130,Warszawa Wsch. - Łódź Fabryczna,Łódź Fabryczna,Reklamówka / Torba
3203,2024-11-22,4123,Bielsko B.G.-Białystok,Białystok,Sprzęt Elektroniczny
3204,2024-11-22,6124,Wrocław Gł.-Białystok,Białystok,Etui
3205,2024-11-22,81103,Świnoujście-Suwałki,Białystok,Sprzęt Elektroniczny
3206,2024-11-22,31108,Kraków Gł. - Łódź Fabryczna,Łódź Fabryczna,Saszetka / Nerka
3207,2024-11-22,4120,Bielsko-Biała Gł. - Warszawa Wsch.,Warszawa Zachodnia,Telefon
3208,2024-11-22,3504,Kraków Gł. - Gdynia Gł.,Kraków Główny,Rzeczy Osobiste
3209,2024-11-22,82100,Szczecin Gł. - Lublin Gł.,Lublin Główny,Walizka / Plecak
3210,2024-11-22,72102,Poznań Gł. - Lublin Gł.,Lublin Główny,Rzeczy Osobiste
3211,2024-11-22,75100,Zielona Góra Gł. - Olsztyn Gł.,Olsztyn Główny,Rzeczy Osobiste
3212,2024-11-22,3520,,Olsztyn Główny,Rzeczy Osobiste
3213,2024-11-22,1530,Warszawa Zach. - Bydgoszcz Gł.,Działdowo,Walizka / Plecak
3214,2024-11-22,3532,Rzeszów Główny - Bydgoszcz Gł.,Bydgoszcz Główna,Walizka / Plecak
3215,2024-11-22,,,Bydgoszcz Główna,Rzeczy Osobiste
3216,2024-11-22,3102,Kraków Gł. - Warszawa Wsch.,Warszawa Wschodnia,Sprzęt Elektroniczny
3217,2024-11-22,83170,Kołobrzeg-Kraków Główny,Kraków Główny,Ubranie
3218,2024-11-22,5620,Ełk - Wrocław Gł.,Wrocław Główny,Rzeczy Osobiste
3219,2024-11-22,85108,,Olsztyn Główny,Walizka / Plecak
3220,2024-11-22,3526,Kraków Gł. - Olsztyn Gł.,Olsztyn Główny,Sprzęt Elektroniczny
3221,2024-11-22,1624,Białystok - Wrocław Gł.,Wrocław Główny,Książka
3222,2024-11-22,26100,Lublin Gł. - Wrocław Gł.,Wrocław Główny,Sprzęt Elektroniczny
3223,2024-11-22,1624,Białystok - Wrocław Gł.,Skierniewice,Ubranie
3224,2024-11-22,5604,Gdynia Gł. - Wrocław Gł.,Oborniki Śląskie,Reklamówka / Torba
3225,2024-11-22,1624,Białystok - Wrocław Gł.,Wrocław Główny,Sprzęt Elektroniczny
3226,2024-11-22,5620,Ełk - Wrocław Gł.,Wrocław Główny,Ubranie
3227,2024-11-22,5602,Gdynia Gł. - Wrocław Gł.,Wrocław Główny,Rzeczy Osobiste
3228,2024-11-22,6304,Wrocław Gł. - Przemyśl Gł.,Przemyśl Główny,Ubranie
3229,2024-11-22,5312,Gdynia Główna -Kraków Główny,Kraków Główny,Sprzęt Elektroniczny
3230,2024-11-22,4508,Gliwice - Gdynia Gł.,Gdynia Główna,Ubranie
3231,2024-11-22,1304,Warszawa Wschodnia - Kraków Główny,Kraków Główny,Książka
3232,2024-11-22,3506,Kraków Gł. - Gdynia Gł.,Gdynia Główna,Ubranie
3233,2024-11-21,5302,Gdynia-Kraków,Kraków Główny,Książka
3234,2024-11-21,3722,Kraków Gł. - Poznań Gł.,Poznań Główny,Ubranie
3235,2024-11-21,5426,Gdynia Gł. - Katowice,Katowice Zawodzie,Rzeczy Osobiste
3236,2024-11-21,5404,Gdynia Gł. - Gliwice,Gliwice,Sprzęt Elektroniczny
3237,2024-11-21,5320,Olsztyn Główny - Kraków Główny,Kraków Główny,Reklamówka / Torba
3238,2024-11-21,81114,Kołobrzeg - Łódź Fabryczna,Łódź Fabryczna,Reklamówka / Torba
3239,2024-11-21,3500,Kraków Gł. - Gdynia Gł.,Gdynia Główna,Saszetka / Nerka
3240,2024-11-21,5310,Gdynia Główna - Kraków Główny,Kraków Główny,Sprzęt Turystyczny
3241,2024-11-21,86104,Szczecin Gł. - Wrocław Gł.,Wrocław Główny,Artykuły Biurowe
3242,2024-11-21,5422,Olsztyn Gł. - Racibórz,Racibórz,Telefon
3243,2024-11-21,3514,Przemyśl Gł. - Gdynia Gł.,Gdynia Główna,Sprzęt Turystyczny
3244,2024-11-21,54150,Bydgoszcz Gł. - Bielsko-Biała Gł.,Bielsko-Biała Główna,Walizka / Plecak
3245,2024-11-21,4524,Bielsko-Biała Gł. - Olsztyn Gł.,Olsztyn Główny,Ubranie
3246,2024-11-21,4522,Racibórz - Olsztyn Gł.,Olsztyn Główny,Ubranie
3247,2024-11-21,5324,Olsztyn Gł. - Kraków Gł.,Kraków Główny,Walizka / Plecak
3248,2024-11-21,5300,Gdynia - Kraków,Kraków Główny,Rzeczy Osobiste
3249,2024-11-21,28100,Lublin Gł. - Szczecin Gł.,Piła Główna,Sprzęt Elektroniczny
3250,2024-11-21,4524,Bielsko-Biała Gł. - Olsztyn Gł.,Olsztyn Główny,Sprzęt Elektroniczny
3251,2024-11-21,4500,Bielsko-Biała Gł. - Gdynia Gł.,Gdynia Główna,Etui
3252,2024-11-21,4522,Racibórz- Olsztyn Główny,Olsztyn Główny,Ubranie
3253,2024-11-21,3722,Kraków Gł. - Poznań Gł.,Poznań Główny,Walizka / Plecak
3254,2024-11-21,5324,Olsztyn Gł. - Kraków Gł.,Kraków Główny,Reklamówka / Torba
3255,2024-11-21,54150,Bydgoszcz Gł. - Bielsko-Biała Gł.,Bielsko-Biała Główna,Ubranie
3256,2024-11-21,5404,Gdynia Gł. - Gliwice,Gliwice,Ubranie
3257,2024-11-21,73102,Poznań Gł. - Kraków Gł.,Kraków Główny,Sprzęt Elektroniczny
3258,2024-11-21,5324,Olsztyn Główny - Kraków Główny,Kraków Główny,Sprzęt Elektroniczny
3259,2024-11-20,83172,Świnoujście - Przemyśl Gł.,Przemyśl Główny,Reklamówka / Torba
3260,2024-11-20,1600,Warszawa Wsch. - Wrocław Gł.,Wrocław Główny,Pieniądze
3261,2024-11-20,3820,Kraków Gł. - Szczecin Gł.,Katowice,Etui
3262,2024-11-20,6500,Jelenia Góra - Gdynia Gł.,Inowrocław,Sprzęt Elektroniczny
3263,2024-11-20,18104,Białystok - Szczecin Gł.,Lębork,Ubranie
3264,2024-11-20,85102,Szczecin Gł. - Olsztyn Gł.,Słupsk,Saszetka / Nerka
3265,2024-11-20,4508,Gliwice - Gdynia Gł.,Gdynia Główna,Parasol
3266,2024-11-20,3508,Rzeszów Główny - Gdynia Gł.,Warszawa Wschodnia,Parasol
3267,2024-11-20,73002,Berlin Hbf - Kraków Główny,Kraków Główny,Ubranie
3268,2024-11-20,5306,Gdynia - Kraków,Kraków Główny,Ubranie
3269,2024-11-20,5324,Olsztyn Główny-Kraków Główny,Kraków Główny,Etui
3270,2024-11-20,1322,Warszawa Wschodnia -Kraków Główny,Kraków Główny,Saszetka / Nerka
3271,2024-11-20,81170,Świnoujście - Warszawa Wsch.,Warszawa Wschodnia,Parasol
3272,2024-11-20,4504,Bielsko-Biała Gł. - Gdynia Gł.,Gdynia Główna,Walizka / Plecak
3273,2024-11-20,73000,Berlin-Przemyśl Gł.,Przemyśl Główny,Sprzęt Elektroniczny
3274,2024-11-20,5315,Gdynia-Przemyśl Gł.,Przemyśl Główny,Sprzęt Elektroniczny
3275,2024-11-20,83172,Świnoujście - Przemyśl Gł.,Przemyśl Główny,Walizka / Plecak
3276,2024-11-20,83172,Świnoujście - Przemyśl Gł.,Przemyśl Główny,Książka
3277,2024-11-20,3524,Kraków Gł. - Olsztyn Gł.,Olsztyn Główny,Sprzęt Elektroniczny
3278,2024-11-20,60105,Wrocław Gł. - Jelenia Góra,Jelenia Góra,Walizka / Plecak
3279,2024-11-20,6502,Wrocław Gł. - Gdynia Gł.,Gdynia Główna,Ubranie
3280,2024-11-20,1220,Warszawa Wsch. - Kielce Główne,Kielce Główne,Reklamówka / Torba
3281,2024-11-20,71100,Zielona Góra - Warszawa Wschodnia,Warszawa Olszynka Grochowska,Sprzęt Elektroniczny
3282,2024-11-20,5427,Gdynia Gł. - Katowice,Katowice,Ubranie
3283,2024-11-20,5302,Gdynia Gł. - Kraków Gł.,Kraków Główny,Walizka / Plecak
3284,2024-11-20,83173,Swinoujście-Przemyśl Gł.,Przemyśl Główny,Rzeczy Osobiste
3285,2024-11-20,61104,Wrocław -Białystok,Białystok,Reklamówka / Torba
3286,2024-11-20,1804,Warszawa Wsch. - Szczecin Gł.,Szczecin Główny,Artykuły Biurowe
3287,2024-11-20,63100,Wrocław-Kraków,Kraków Główny,Sprzęt Elektroniczny
3288,2024-11-20,82104,Świnoujście - Hrubieszów Miasto,Trawniki,Parasol
3289,2024-11-20,1200,Łódź Fabryczna - Lublin Gł.,Lublin Główny,Parasol
3290,2024-11-19,81100,Szczecin Gł. - Warszawa Wsch.,Warszawa Wschodnia,Reklamówka / Torba
3291,2024-11-19,62102,Wrocław Gł. - Lublin Gł.,Skarżysko-Kamienna,Parasol
3292,2024-11-19,17100,Warszawa Wsch. - Zielona Góra Gł.,Zielona Góra Główna,Rzeczy Osobiste
3293,2024-11-19,6126,Zgorzelec - Warszawa Wsch.,Węgliniec,Ubranie
3294,2024-11-19,5400,Gdynia Gł. - Gliwice,Gliwice,Ubranie
3295,2024-11-19,82102,Szczecin Gł. - Lublin Gł.,Brzeg,Ubranie
3296,2024-11-19,5400,Gdynia Gł. - Gliwice,Gliwice,Książka
3297,2024-11-19,35102,Chabówka - Gdynia Gł.,Chabówka,Telefon
3298,2024-11-19,16104,Białystok - Wrocław Gł.,Wrocław Główny,Dokument/Y
3299,2024-11-19,5306,Gdynia-Kraków,Kraków Główny,Ubranie
3300,2024-11-19,5312,Gdynia Główna -Kraków Główny,Kraków Główny,Książka
3301,2024-11-19,16106,Białystok - Wrocław Gł.,Wrocław Główny,Parasol
3302,2024-11-19,5402,Gdynia Gł. - Bielsko-Biała Gł.,Bielsko-Biała Główna,Sprzęt Elektroniczny
3303,2024-11-19,16102,Warszawa Wsch. - Wrocław Gł.,Wrocław Główny,Sprzęt Elektroniczny
3304,2024-11-19,1600,Warszawa Wsch. - Wrocław Gł.,Wrocław Główny,Ubranie
3305,2024-11-19,3550,Kraków Gł. - Gdynia Gł.,Gdynia Główna,Ubranie
3306,2024-11-19,3101,Krakow-Warszawa,Warszawa Olszynka Grochowska,Telefon
3307,2024-11-19,477,Warszawa Wsch. - Budapeszt,Warszawa Olszynka Grochowska,Rzeczy Osobiste
3308,2024-11-19,5604,Gdynia Gł. - Wrocław Gł.,Żmigród,Sprzęt Elektroniczny
3309,2024-11-19,1604,Warszawa Wsch. - Wrocław Gł.,Wrocław Główny,Sprzęt Turystyczny
3310,2024-11-19,144,Kraków Gł. - Vilnius(Lt),Suwałki,Rzeczy Osobiste
3311,2024-11-19,26100,Lublin Gł. - Wrocław Gł.,Wrocław Główny,Sprzęt Elektroniczny
3312,2024-11-19,5350,Gdynia-Kraków,Kraków Główny,Sprzęt Sportowy
3313,2024-11-19,6301,Wrocław-Przemysl Gł.,Przemyśl Główny,Sprzęt Elektroniczny
3314,2024-11-19,5104,Gdynia Gł. - Warszawa Zach.,Warszawa Zachodnia,Ubranie
3315,2024-11-19,81114,Kołobrzeg-Łódz Fabryczna,Łódź Kaliska,Telefon
3316,2024-11-19,83173,Świnoujście-Przemyśl Gł.,Przemyśl Główny,Sprzęt Elektroniczny
3317,2024-11-19,5400,Gdynia Gł. - Gliwice,Gliwice,Rzeczy Osobiste
3318,2024-11-19,,,Wrocław Główny,Sprzęt Elektroniczny
3319,2024-11-19,1302,Warszawa-Kraków,Kraków Główny,Rzeczy Osobiste
3320,2024-11-19,16106,Białystok - Wrocław Gł.,Wrocław Główny,Ubranie
3321,2024-11-19,16102,Warszawa Wsch. - Wrocław Gł.,Wrocław Główny,Parasol
3322,2024-11-19,6124,Wrocław-Białystok,Białystok,Ubranie
3323,2024-11-19,8304,Szczecin Gł. - Przemyśl Gł.,Łańcut,Reklamówka / Torba
3324,2024-11-19,1104,Terespol-Łódz,Łódź Kaliska,Rzeczy Osobiste
3325,2024-11-18,9102,Łódź Fabryczna - Warszawa Wsch.,Warszawa Wschodnia,Sprzęt Elektroniczny
3326,2024-11-18,85106,Szczecin Gł. - Olsztyn Gł.,Pasłęk,Walizka / Plecak
3327,2024-11-18,6124,Wrocław Gł.-Białystok,Białystok,Etui
3328,2024-11-18,72101,Zielona Góra-Lublin,Lublin,Sprzęt Elektroniczny
3329,2024-11-18,73003,Berlin-Kraków,Kraków Główny,Ubranie
3330,2024-11-18,9102,Łódź Fabryczna - Warszawa Wsch.,Warszawa Wschodnia,Reklamówka / Torba
3331,2024-11-18,37102,Kraków Gł. - Poznań Gł.,Częstochowa Stradom,Walizka / Plecak
3332,2024-11-18,57108,Gdynia Gł. - Zielona Góra Gł.,Zielona Góra Główna,Reklamówka / Torba
3333,2024-11-18,3508,Rzeszów Główny - Gdynia Gł.,Warszawa Wschodnia,Walizka / Plecak
3334,2024-11-18,85108,Szczecin Gł. - Olsztyn Gł.,Olsztyn Główny,Ubranie
3335,2024-11-18,83102,Świnoujście - Kraków Gł.,Oława,Dokument/Y
3336,2024-11-18,4508,Gliwice - Gdynia Gł.,Gdynia Główna,Obuwie
3337,2024-11-18,54102,Gdynia Gł. - Katowice,Grudziądz,Telefon
3338,2024-11-18,83171,Kołobrzeg-Kraków Główny,Kraków Główny,Ubranie
3339,2024-11-18,5312,Gdynia Gł. - Kraków Gł.,Kraków Główny,Ubranie
3340,2024-11-18,81170,Świnoujście - Warszawa Wsch.,Warszawa Wschodnia,Ubranie
3341,2024-11-18,73102,Poznań Główny- Kraków Główny,Kraków Główny,Książka
3342,2024-11-18,35170,Chabówka - Gdynia Gł.,Gdynia Główna,Walizka / Plecak
3343,2024-11-18,3122,Kraków Gł. - Warszawa Wsch.,Jędrzejów,Reklamówka / Torba
3344,2024-11-18,73000,Berlin Przemysl Gł.,Przemyśl Główny,Sprzęt Elektroniczny
3345,2024-11-18,5101ED-250,Gdynia-Warszawa,Warszawa Olszynka Grochowska,Rzeczy Osobiste
3346,2024-11-18,73100,Poznań Główny- Kraków Główny,Kraków Główny,Sprzęt Elektroniczny
3347,2024-11-18,,,Bydgoszcz Główna,Rzeczy Osobiste
3348,2024-11-18,5322,Olsztyn Główny -Kraków Główny,Kraków Główny,Ubranie
3349,2024-11-18,8105,Szczecin Gł. - Warszawa Wsch.,Warszawa Olszynka Grochowska,Sprzęt Elektroniczny
3350,2024-11-18,21160,Lublin Gł. - Warszawa Zach.,Warszawa Zachodnia,Reklamówka / Torba
3351,2024-11-18,,,Bydgoszcz Główna,Książka
3352,2024-11-18,3513,Przemyśl Gł. - Gdynia Gł.,Gdynia Główna,Artykuły Medyczne
3353,2024-11-18,83171,Kołobrzeg -Kraków Główny,Kraków Główny,Ubranie
3354,2024-11-18,5360,Gdynia Gł. - Chabówka,Włoszczowa Północ,Reklamówka / Torba
3355,2024-11-18,56124,Olsztyn Gł. - Wrocław Gł.,Wrocław Główny,Reklamówka / Torba
3356,2024-11-18,3113,Kraków Gł. - Warszawa Wsch.,Warszawa Olszynka Grochowska,Rzeczy Osobiste
3357,2024-11-17,85106,Szczecin Gł. - Olsztyn Gł.,Olsztyn Główny,Sprzęt Sportowy
3358,2024-11-17,5320,Olsztyn Gł. - Kraków Gł.,Kraków Główny,Książka
3359,2024-11-17,55,Berlin Hbf - Kraków Gł.,Kraków Główny,Saszetka / Nerka
3360,2024-11-17,3602,Przemyśl Gł. - Wrocław Gł.,Wrocław Główny,Walizka / Plecak
3361,2024-11-17,81170,Świnoujście - Warszawa Wsch.,Warszawa Wschodnia,Rzeczy Osobiste
3362,2024-11-17,72100,Zielona Góra Gł. - Lublin Gł.,Lublin Główny,Ubranie
3363,2024-11-17,81170,Świnoujście - Warszawa Wsch.,Warszawa Wschodnia,Sprzęt Elektroniczny
3364,2024-11-17,1604,Warszawa Wsch. - Wrocław Gł.,Wrocław Główny,Sprzęt Turystyczny
3365,2024-11-17,5104,Gdynia Gł. - Warszawa Zach.,Warszawa Zachodnia,Ubranie
3366,2024-11-17,6122,Wrocław Gł. - Warszawa Wsch.,Warszawa Wschodnia,Walizka / Plecak
3367,2024-11-17,3106,Kraków Gł. - Warszawa Centr.,Warszawa Centralna,Sprzęt Elektroniczny
3368,2024-11-17,4500,Bielsko-Biała Gł. - Gdynia Gł.,Iława Główna,Kosztowności
3369,2024-11-17,5700,Gdynia Gł. - Poznań Gł.,Poznań Główny,Walizka / Plecak
3370,2024-11-17,6304,Wrocław Gł. - Przemyśl Gł.,Przemyśl Główny,Rzeczy Osobiste
3371,2024-11-17,,,Wrocław Główny,Sprzęt Elektroniczny
3372,2024-11-17,3520,Kraków Gł. - Olsztyn Gł.,Olsztyn Główny,Walizka / Plecak
3373,2024-11-17,21160,Lublin Gł. - Warszawa Zach.,Warszawa Zachodnia,Walizka / Plecak
3374,2024-11-17,16106,Białystok - Wrocław Gł.,Ostrów Wielkopolski,Sprzęt Elektroniczny
3375,2024-11-17,3602,Przemyśl Gł. - Wrocław Gł.,Wrocław Główny,Telefon
3376,2024-11-17,38102,Kraków Gł. - Świnoujście,Gliwice,Walizka / Plecak
3377,2024-11-17,5300,Gdynia - Kraków,Kraków Główny,Sprzęt Elektroniczny
3378,2024-11-17,3550,Kraków Gł. - Gdynia Gł.,Gdynia Główna,Sprzęt Sportowy
3379,2024-11-17,3151,Zakopane -Warszawa Wschodnia,Warszawa Olszynka Grochowska,Walizka / Plecak
3380,2024-11-17,83171,Kołobrzeg- Kraków Główny,Kraków Główny,Rzeczy Osobiste
3381,2024-11-17,7322,Poznań Główny- Kraków Główny,Kraków Główny,Sprzęt Elektroniczny
3382,2024-11-17,84100,Słupsk-Katowice,Katowice,Reklamówka / Torba
3383,2024-11-17,81103,Szczecin Gł. - Suwałki,Warszawa Wschodnia,Walizka / Plecak
3384,2024-11-17,83170,Kołobrzeg- Kraków Główny,Kraków Główny,Sprzęt Elektroniczny
3385,2024-11-17,5604,Gdynia Gł. - Wrocław Gł.,Wrocław Główny,Ubranie
3386,2024-11-17,61104,Wrocław Gł. - Białystok,Białystok,Sprzęt Elektroniczny
3387,2024-11-17,6500,Jelenia Góra - Gdynia Gł.,Żmigród,Reklamówka / Torba
3388,2024-11-17,5350,Gdynia - Kraków,Kraków Główny,Rzeczy Osobiste
3389,2024-11-17,73105,Zielona Góra-Przemyśl Gł,Przemyśl Główny,Sprzęt Elektroniczny
3390,2024-11-17,51128,Gdynia Gł. - Łódź Kaliska,Leszno,Telefon
3391,2024-11-17,16106,Białystok - Wrocław Gł.,Wrocław Główny,Rzeczy Osobiste
3392,2024-11-16,63100,Wrocław - Kraków,Kraków Główny,Sprzęt Elektroniczny
3393,2024-11-16,81114,Kołobrzeg - Łódź Fabryczna,Łódź Fabryczna,Reklamówka / Torba
3394,2024-11-16,4560,Wisła Uzdr. - Olsztyn Gł.,Ciechanów,Walizka / Plecak
3395,2024-11-16,33112,Zagórz - Kraków,Kraków Główny,Dokument/Y
3396,2024-11-16,61108,Wrocław -Warszawa Wschodnia,Warszawa Olszynka Grochowska,Kosztowności
3397,2024-11-16,1306,Warszawa Wsch. - Kraków Gł.,Kraków Główny,Sprzęt Elektroniczny
3398,2024-11-16,5304,Gdzynia-Kraków,Kraków Główny,Ubranie
3399,2024-11-16,3806,Kraków Gł. - Kołobrzeg,Poznań Główny,Sprzęt Elektroniczny
3400,2024-11-16,5320,Olsztyn - Kraków,Kraków Główny,Sprzęt Elektroniczny
3401,2024-11-16,1522,Łódź Fabryczna - Olsztyn Gł.,Olsztyn Główny,Ubranie
3402,2024-11-16,1302,Warszawa-Kraków,Kraków Główny,Sprzęt Elektroniczny
3403,2024-11-16,6520,Wrocław Gł. - Ełk,Warszawa Centralna,Portfel
3404,2024-11-16,5422,Olsztyn Gł. - Racibórz,Racibórz,Walizka / Plecak
3405,2024-11-16,,,Wrocław Główny,Sprzęt Elektroniczny
3406,2024-11-16,5334,Bydgoszcz - Kraków,Kraków Główny,Sprzęt Elektroniczny
3407,2024-11-16,8320,Szczecin Gł. - Kraków Gł.,Kraków Główny,Ubranie
3408,2024-11-16,16100,Warszawa Wsch. - Jelenia Góra,Jelenia Góra,Dokument/Y
3409,2024-11-16,5304,Gdyna-Kraków,Kraków Główny,Sprzęt Elektroniczny
3410,2024-11-16,81114,Kołobrzeg - Łódź Fabryczna,Łódź Widzew,Dokument/Y
3411,2024-11-16,3524,Kraków Gł. - Olsztyn Gł.,Olsztyn Główny,Dokument/Y
3412,2024-11-16,81114,Kołobrzeg - Łódź Fabryczna,Łódź Fabryczna,Walizka / Plecak
3413,2024-11-16,2520,Lublin Gł. - Bydgoszcz Gł.,Bydgoszcz Główna,Artykuły Medyczne
3414,2024-11-16,5326,Olsztyn Główny - Kraków Główny,Kraków Główny,Sprzęt Elektroniczny
3415,2024-11-16,83100,Szczecinek - Rzeszów Główny,Lublin Główny,Ubranie
3416,2024-11-16,86104,Szczecin Gł. - Wrocław Gł.,Wrocław Główny,Sprzęt Elektroniczny
3417,2024-11-16,,,Bydgoszcz Główna,Dokument/Y
3418,2024-11-16,75104,Zielona Góra Gł. - Gdynia Gł.,Gniezno,Sprzęt Elektroniczny
3419,2024-11-16,4160,Wisła Uzdr. - Warszawa Wsch.,Skierniewice,Walizka / Plecak
3420,2024-11-16,5620,Ełk - Wrocław Gł.,Wrocław Główny,Saszetka / Nerka
3421,2024-11-16,37104,Przemyśl Gł. - Zielona Góra Gł.,Zielona Góra Główna,Walizka / Plecak
3422,2024-11-16,3806,Kraków Główny - Kołobrzeg,Kołobrzeg,Sprzęt Agd
3423,2024-11-16,84102,Słupsk - Bielsko-Biała Gł.,Stargard,Walizka / Plecak
3424,2024-11-16,43006,Wien Hbf - Kraków,Kraków Główny,Ubranie
3425,2024-11-16,47100,,Poznań Główny,Sprzęt Elektroniczny
3426,2024-11-15,4524,Bielsko-Biała Gł. - Olsztyn Gł.,Sosnowiec Główny,Sprzęt Elektroniczny
3427,2024-11-15,85110,Kostrzyn - Gdynia Gł.,Kostrzyn,Portfel
3428,2024-11-15,83172,Świnoujście - Przemyśl Gł.,Warszawa Olszynka Grochowska,Rzeczy Osobiste
3429,2024-11-15,38100,Rzeszów Główny - Szczecinek,Warszawa Wschodnia,Portfel
3430,2024-11-15,8306,Kołobrzeg - Kraków,Kraków Główny,Ubranie
3431,2024-11-15,115,Praha Hl. N. - Przemyśl Gł.,Przemyśl Główny,Telefon
3432,2024-11-15,83170,Kołobrzeg - Kraków,Kraków Główny,Telefon
3433,2024-11-15,8304,Szczecin Gł. - Przemyśl Gł.,Przemyśl Główny,Sprzęt Elektroniczny
3434,2024-11-15,108,Wien Hbf - Gdynia Gł.,Gdynia Główna,Ubranie
3435,2024-11-15,4526,Katowice - Gdynia Gł.,Kutno,Rzeczy Osobiste
3436,2024-11-15,3502,Kraków Gł. - Gdynia Gł.,Warszawa Wschodnia,Ubranie
3437,2024-11-15,3112,Kraków Gł. - Warszawa Wsch.,Warszawa Wschodnia,Ubranie
3438,2024-11-15,75100,Zielona Góra Gł. - Olsztyn Gł.,Olsztyn Zachodni,Sprzęt Turystyczny
3439,2024-11-15,6124,Wrocław Gł. - Białystok,Wołomin,Walizka / Plecak
3440,2024-11-15,56102,,Wrocław Główny,Ubranie
3441,2024-11-15,2700,Lublin Gł. - Żary,Wrocław Główny,Ubranie
3442,2024-11-15,56102,,Wrocław Główny,Rzeczy Osobiste
3443,2024-11-15,112,Warszawa Wsch. - Praha-Vršovice,Tychy,Sprzęt Elektroniczny
3444,2024-11-15,16102,Warszawa Wsch. - Wrocław Gł.,Skierniewice,Reklamówka / Torba
3445,2024-11-15,1624,,Wrocław Główny,Ubranie
3446,2024-11-15,1312,Warszawa Centr. - Kraków Gł.,Warszawa Centralna,Obuwie
3447,2024-11-15,3600,Przemyśl Gł. - Wrocław Gł.,Wrocław Główny,Reklamówka / Torba
3448,2024-11-15,4520,Tychy -  Gdynia Gł.,.,Reklamówka / Torba
3449,2024-11-15,83102,Świnoujście - Kraków,Kraków Główny,Saszetka / Nerka
3450,2024-11-15,3120,Chabówka - Warszawa Wsch.,Warszawa Centralna,Parasol
3451,2024-11-15,5328,Olsztyn - Kraków,Kraków Główny,Portfel
3452,2024-11-15,16104,Białystok - Wrocław Gł.,Wrocław Główny,Reklamówka / Torba
3453,2024-11-15,3513,Kraków Gł. - Gdynia Gł.,Kościan,Walizka / Plecak
3454,2024-11-15,81103,Szczecin Gł. - Suwałki,Warszawa Centralna,Saszetka / Nerka
3455,2024-11-15,59,Berlin Hbf - Gdynia Gł.,Gdynia Główna,Reklamówka / Torba
3456,2024-11-15,17102,Warszawa Wsch. - Zielona Góra Gł.,Zielona Góra Główna,Sprzęt Elektroniczny
3457,2024-11-15,83102,Świnoujście-Kraków,Kraków Główny,Artykuły Medyczne
3458,2024-11-15,1200,Łódź Fabryczna - Lublin Gł.,Otwock,Telefon
3459,2024-11-15,16106,Białystok - Wrocław Gł.,Twardogóra Syc.,Sprzęt Elektroniczny
3460,2024-11-15,5130,Bydgoszcz Gł. - Warszawa Zach.,Solec Kujawski,Reklamówka / Torba
3461,2024-11-15,61101,Wroclaw-Warszawa,Warszawa Olszynka Grochowska,Sprzęt Elektroniczny
3462,2024-11-15,54,Kraków Gł. - Berlin Hbf,Kraków Główny,Walizka / Plecak
3463,2024-11-15,3720,Kraków - Poznań,Poznań Główny,Rzeczy Osobiste
3464,2024-11-15,1602,Warszawa Wsch. - Jelenia Góra,Jelenia Góra,Reklamówka / Torba
3465,2024-11-15,56102,Olsztyn Gł. - Wrocław Gł.,Wrocław Główny,Sprzęt Elektroniczny
3466,2024-11-15,4526,Katowice - Gdynia Gł.,Łęczyca,Reklamówka / Torba
3467,2024-11-14,1322,Warszawa Wschodnia -Kraków Główny,Kraków Główny,Książka
3468,2024-11-14,83100,Szczecinek - Rzeszów Główny,Aleksandrów Kujawski,Reklamówka / Torba
3469,2024-11-14,6504,Wrocław Gł. - Gdynia Gł.,Gdynia Główna,Reklamówka / Torba
3470,2024-11-14,16106,,Wrocław Główny,Książka
3471,2024-11-14,6500,Jelenia Góra - Gdynia Gł.,Gdynia Główna,Reklamówka / Torba
3472,2024-11-14,,,Łódź Fabryczna,Sprzęt Elektroniczny
3473,2024-11-14,72100,Zielona Góra- Lublin,Lublin,Walizka / Plecak
3474,2024-11-14,5220,Bydgoszcz-Lublin,Lublin,Artykuły Medyczne
3475,2024-11-14,4504,Bielsko-Biała Gł. - Gdynia Gł.,Gdynia Główna,Rzeczy Osobiste
3476,2024-11-14,5322,Olsztyn - Kraków,Kraków Główny,Ubranie
3477,2024-11-14,5320,Olsztyn - Kraków,Kraków Główny,Ubranie
3478,2024-11-14,16108,,Wrocław Główny,Ubranie
3479,2024-11-14,60105,Wrocław Gł. - Jelenia Góra,Jelenia Góra,Książka
3480,2024-11-14,5304,Gdynia Główna -Kraków Główny,Kraków Główny,Ubranie
3481,2024-11-14,3600,,Wrocław Główny,Ubranie
3482,2024-11-14,5350,Gdynia Główna -Kraków Główny,Kraków Główny,Ubranie
3483,2024-11-14,38100,Rzeszów Główny - Szczecinek,Aleksandrów Kujawski,Reklamówka / Torba
3484,2024-11-14,5604,,Wrocław Główny,Reklamówka / Torba
3485,2024-11-14,82104,Świnoujście - Hrubieszów Miasto,Słupca,Sprzęt Elektroniczny
3486,2024-11-14,5604,,Wrocław Główny,Rzeczy Osobiste
3487,2024-11-14,5306,Gdynia - Kraków,Kraków Główny,Rzeczy Osobiste
3488,2024-11-14,1306,Warszawa Wschodnia -Kraków Główny,Kraków Główny,Ubranie
3489,2024-11-14,108,Wien Hbf - Gdynia Gł.,Gdynia Główna,Walizka / Plecak
3490,2024-11-14,1302,Warszawa Wschodnia -Kraków Główny,Kraków Główny,Sprzęt Elektroniczny
3491,2024-11-14,68104,Wrocław Gł. - Szczecin Gł.,Szczecin Główny,Reklamówka / Torba
3492,2024-11-14,11112,Terespol - Warszawa Zach.,Warszawa Zachodnia,Telefon
3493,2024-11-14,71102,Zielona Góra Gł. - Warszawa Wsch.,Gniezno,Sprzęt Elektroniczny
3494,2024-11-14,81107,Szczecin Gł. - Warszawa Wsch.,Warszawa Wschodnia,Reklamówka / Torba
3495,2024-11-14,5602,Gdynia Gł. - Wrocław Gł.,Bydgoszcz Główna,Etui
3496,2024-11-14,1306,Warszawa Wschodnia -Kraków Główny,Kraków Główny,Etui
3497,2024-11-14,88101,Piła Gł. - Gorzów Wlkp.,Gorzów Wielkopolski,Etui
3498,2024-11-13,56102,Olsztyn Gł. - Wrocław Gł.,Wrocław Główny,Sprzęt Elektroniczny
3499,2024-11-13,,,Wrocław Główny,Sprzęt Elektroniczny
3500,2024-11-13,4120,Bielsko-Biała Gł. - Warszawa Wsch.,Warszawa Wschodnia,Sprzęt Elektroniczny
3501,2024-11-13,83172,Świnoujście - Przemyśl Gł.,Brzesko-Okocim,Walizka / Plecak
3502,2024-11-13,16102,,Wrocław Główny,Ubranie
3503,2024-11-13,18114,Łódź Fabryczna - Kołobrzeg,Warszawa Wschodnia,Dokument/Y
3504,2024-11-13,3602,,Wrocław Główny,Ubranie
3505,2024-11-13,15102,Warszawa Wsch. - Gdynia Gł.,Gdynia Główna,Książka
3506,2024-11-13,3602,,Wrocław Główny,Dokument/Y
3507,2024-11-13,3602,Przemyśl Gł. - Wrocław Gł.,Wrocław Główny,Ubranie
3508,2024-11-13,17102,Warszawa Wsch. - Zielona Góra Gł.,Zielona Góra Główna,Walizka / Plecak
3509,2024-11-13,73105,Zielona Góra-Przemyśl Gł,Przemyśl Bakończyce,Sprzęt Elektroniczny
3510,2024-11-13,65102,Wrocław Gł. - Olsztyn Gł.,Olsztyn Główny,Saszetka / Nerka
3511,2024-11-13,6301,Wrocław Gł - Przemyśl Gł,Przemyśl Bakończyce,Sprzęt Elektroniczny
3512,2024-11-13,5350,Gdynia-Kraków,Kraków Główny,Ubranie
3513,2024-11-13,3514,Przemyśl Gł. - Gdynia Gł.,Tczew,Walizka / Plecak
3514,2024-11-13,85108,Szczecin Gł. - Olsztyn Gł.,Olsztyn Główny,Walizka / Plecak
3515,2024-11-13,13000,Mockava -Kraków Główny,Kraków Główny,Sprzęt Elektroniczny
3516,2024-11-13,8320,Szczecin-Kraków,Kraków Główny,Rzeczy Osobiste
3517,2024-11-13,7322,Poznań-Kraków,Kraków Główny,Sprzęt Elektroniczny
3518,2024-11-13,4500,Bielsko-Biała Gł. - Gdynia Gł.,Gdynia Główna,Sprzęt Turystyczny
3519,2024-11-13,6100,Wrocław Gł. - Warszawa Wsch.,Warszawa Wschodnia,Rzeczy Osobiste
3520,2024-11-13,13102,Warszawa Wschodnia -Kraków Główny,Kraków Główny,Ubranie
3521,2024-11-13,5328,Olszyn-Kraków,Kraków Główny,Ubranie
3522,2024-11-13,9108,Łódź Fabryczna - Warszawa Wsch.,Warszawa Wschodnia,Rzeczy Osobiste
3523,2024-11-13,5320,Olsztyn Główny -Krakow Główny,Kraków Główny,Sprzęt Elektroniczny
3524,2024-11-13,1320,Warszawa Wsch. - Chabówka,Kalwaria Zebrzydowska Lanckorona,Sprzęt Elektroniczny
3525,2024-11-13,81103,Szczecin Gł. - Suwałki,Tłuszcz,Saszetka / Nerka
3526,2024-11-13,1220,Warszawa Wsch. - Kielce Główne,Kielce Główne,Saszetka / Nerka
3527,2024-11-13,2100,Lublin Gł. - Łódź Fabryczna,Lublin Główny,Sprzęt Elektroniczny
3528,2024-11-13,115,Praha Hl. N. - Przemyśl Gł.,Przemyśl Główny,Walizka / Plecak
3529,2024-11-13,4504,Bielsko-Biała Gł. - Gdynia Gł.,Gdynia Główna,Ubranie
3530,2024-11-13,4524,Bielsko-Biała Gł. - Olsztyn Gł.,Olsztyn Główny,Ubranie
3531,2024-11-13,,,Wrocław Główny,Etui
3532,2024-11-13,,,Wrocław Główny,Książka
3533,2024-11-13,6124,Wrocław-Białystok,Białystok,Sprzęt Elektroniczny
3534,2024-11-13,16170,Warszawa Wsch. - Jelenia Góra,Jelenia Góra,Książka
3535,2024-11-13,,,Wrocław Główny,Artykuły Medyczne
3536,2024-11-13,28104,Świnoujście-Hrubieszów Miasto,Lublin,Sprzęt Elektroniczny
3537,2024-11-12,83103,Świnoujście -Kraków Główny,Kraków Główny,Ubranie
3538,2024-11-12,26100,Lublin Gł. - Wrocław Gł.,Oława,Portfel
3539,2024-11-12,5306,Gdynia-Krakóe,Kraków Główny,Sprzęt Elektroniczny
3540,2024-11-12,3560,Zakopane - Gdynia Gł.,Gdynia Główna,Walizka / Plecak
3541,2024-11-12,53104,Gdynia Główna -Zakopane,Zakopane,Sprzęt Sportowy
3542,2024-11-12,71009,Berlin - Warszawa Wsch.,Warszawa Olszynka Grochowska,Rzeczy Osobiste
3543,2024-11-12,56102,Olsztyn Gł. - Wrocław Gł.,Wrocław Główny,Ubranie
3544,2024-11-12,56124,Olsztyn Gł. - Wrocław Gł.,Wrocław Główny,Reklamówka / Torba
3545,2024-11-12,6500,Jelenia Góra - Gdynia Gł.,Gdynia Główna,Ubranie
3546,2024-11-12,5306,Gdynia-Kraków,Kraków Główny,Książka
3547,2024-11-12,5300,Gdynia Główna -Kraków Główny,Kraków Główny,Sprzęt Elektroniczny
3548,2024-11-12,91100,Łódź Fabryczna - Warszawa Wsch.,Warszawa Wschodnia,Walizka / Plecak
3549,2024-11-12,11112,Terespol - Warszawa Zach.,Warszawa Zachodnia,Walizka / Plecak
3550,2024-11-12,72100,Zielona Góra Gł. - Lublin Gł.,Lublin Główny,Reklamówka / Torba
3551,2024-11-12,33108,Przemyśl Główny -Krakow Główny,Kraków Główny,Ubranie
3552,2024-11-12,1908,Warszawa Wschodnia - Łódź Fabryczna,Łódźfabryczna,Artykuły Muzyczne
3553,2024-11-12,3522,Kraków Gł. - Olsztyn Gł.,Nidzica,Walizka / Plecak
3554,2024-11-12,73100,Poznań Gł. - Kraków Gł.,Krzeszowice,Ubranie
3555,2024-11-12,42100,Katowice - Lublin Gł.,Skarżysko-Kamienna,Sprzęt Elektroniczny
3556,2024-11-12,5350,Gdynia Główna -Kraków Główny,Kraków Główny,Ubranie
3557,2024-11-12,61105,Wrocław -Białystok,Białystok,Reklamówka / Torba
3558,2024-11-12,3150,Zakopane - Warszawa Wsch.,Warszawa Wschodnia,Reklamówka / Torba
3559,2024-11-12,31102,Kraków Gł. - Warszawa Wsch.,Warszawa Wschodnia,Ubranie
3560,2024-11-12,1600,Warszawa Wsch. - Wrocław Gł.,Wrocław Główny,Sprzęt Turystyczny
3561,2024-11-12,13000,Mockava -Krakow Główny,Kraków Główny,Ubranie
3562,2024-11-12,115,Praha Hl. N. - Przemyśl Gł.,Przemyśl Główny,Sprzęt Elektroniczny
3563,2024-11-12,53103,Gdynia Gł. - Zakopane,Zakopane,Książka
3564,2024-11-12,5402,Gdynia Gł. - Bielsko-Biała Gł.,Bielsko-Biała Główna,Walizka / Plecak
3565,2024-11-12,5326,Olsztyn Główny -Kraków Główny,Kraków Główny,Ubranie
3566,2024-11-12,5306,Gdynia Główna -Kraków Główny,Kraków Główny,Sprzęt Elektroniczny
3567,2024-11-11,5460,Olsztyn Gł. - Wisła Uzdr.,Warszawa Zachodnia,Rzeczy Osobiste
3568,2024-11-11,5308,Gdynia Gł. - Rzeszów Główny,Rzeszów Główny,Książka
3569,2024-11-11,13103,Warszawa Wschodnia -Kraków Główny,Kraków  Główny,Ubranie
3570,2024-11-11,"6123 ,ED-161",Wroclaw-Warszawa,Warszawa Olszynka Grochowska,Sprzęt Agd
3571,2024-11-11,73100,Poznań Główny -Kraków Główny,Kraków Główny,Sprzęt Elektroniczny
3572,2024-11-11,7322,Poznań Główny -Kraków Główny,Kraków Główny,Rzeczy Osobiste
3573,2024-11-11,6150,Szklarska Por.G. - Warszawa Wsch.,Szklarska Poręba Górna,Rzeczy Osobiste
3574,2024-11-11,61104,Wrocław Gł. - Białystok,Warszawa Centralna,Walizka / Plecak
3575,2024-11-11,3720,Kraków-Poznań,Poznań Główny,Artykuły Muzyczne
3576,2024-11-11,23100,Lublin Gł. - Kraków Gł.,Kraków Główny,Reklamówka / Torba
3577,2024-11-11,3120,Zakopane - Warszawa Wsch.,Warszawa Wschodnia,Sprzęt Elektroniczny
3578,2024-11-11,8305,Szczecin Gł-Przemyśl Gł,Przemyśl Bakończyce,Sprzęt Elektroniczny
3579,2024-11-11,5314,Gdynia Gł. - Przemyśl Gł.,Przemyśl Główny,Rzeczy Osobiste
3580,2024-11-11,82104,Świnoujście - Hrubieszów Miasto,Lublin Główny,Ubranie
3581,2024-11-11,3150,Zakopane - Warszawa Wsch.,Warszawa Wschodnia,Rzeczy Osobiste
3582,2024-11-11,16100,Warszawa Wsch. - Jelenia Góra,Skierniewice,Sprzęt Elektroniczny
3583,2024-11-11,83172,Ustka-Przemyśl Gł,Przemyśl Bakończyce,Artykuły Muzyczne
3584,2024-11-11,311,Bohumin - Lublin Gł.,Lublin Główny,Obuwie
3585,2024-11-11,51102,Gdynia Gł. - Warszawa Wsch.,Warszawa Wschodnia,Reklamówka / Torba
3586,2024-11-11,115,Praha Hl. N. - Przemyśl Gł.,Przemyśl Główny,Walizka / Plecak
3587,2024-11-11,8320,Szczecin Główny- Kraków Główny,Kraków Główny,Ubranie
3588,2024-11-11,16106,Białystok - Wrocław Gł.,Wrocław Główny,Artykuły Biurowe
3589,2024-11-11,4122,Bielsko-Biała Gł. - Białystok,Białystok,Reklamówka / Torba
3590,2024-11-11,4522,Racibórz - Olsztyn Gł,Olsztyn Główny,Kosztowności
3591,2024-11-11,37100,Kraków Gł. - Poznań Gł.,Częstochowa Stradom,Telefon
3592,2024-11-11,5400,Gdynia Gł. - Gliwice,Gliwice,Ubranie
3593,2024-11-11,61106,Wrocław Gł. - Białystok,Wołomin,Sprzęt Elektroniczny
3594,2024-11-11,36100,Kraków Gł. - Wrocław Gł.,Wrocław Główny,Ubranie
3595,2024-11-11,3600,Przemyśl Gł. - Wrocław Gł.,Wrocław Główny,Ubranie
3596,2024-11-11,3502,Kraków Gł. - Gdynia Gł.,Gdynia Główna,Ubranie
3597,2024-11-11,1602,Warszawa Wsch. - Jelenia Góra,Wrocław Główny,Saszetka / Nerka
3598,2024-11-11,11106,Warszawa Zach. Terespol,Małaszewicze,Walizka / Plecak
3599,2024-11-10,3526,Kraków Gł. - Olsztyn Gł.,Olsztyn Główny,Ubranie
3600,2024-11-10,83172,Świnoujście - Przemyśl Gł.,Przemyśl Główny,Walizka / Plecak
3601,2024-11-10,32100,Kraków Gł. - Lublin Gł.,Lublin Główny,Rzeczy Osobiste
3602,2024-11-10,8320,Szczecin Gł. - Kraków Gł.,Kraków Główny,Ubranie
3603,2024-11-10,5300,Gdynia Główna-Kraków Główny,Kraków Główny,Ubranie
3604,2024-11-10,71100,Zielona Góra-Warszawa,Zbąszynek,Artykuły Dziecięce
3605,2024-11-10,3504,Kraków Gł. - Gdynia Gł.,Gdynia Główna,Reklamówka / Torba
3606,2024-11-10,406,München Hbf - Warszawa Wsch.,Warszawa Wschodnia,Rzeczy Osobiste
3607,2024-11-10,13104,Warszawa Wsch. - Przemyśl Gł.,Radom Główny,Książka
3608,2024-11-10,35105,Zakopane - Gdynia Gł.,Malbork,Sprzęt Sportowy
3609,2024-11-10,3522,Kraków Gł. - Olsztyn Gł.,Olsztyn Główny,Telefon
3610,2024-11-10,21101,Lublin-Warszawa,Warszawa Olszynka Grochowska,Sprzęt Elektroniczny
3611,2024-11-10,3520,Kraków Gł. - Olsztyn Gł.,Działdowo,Rzeczy Osobiste
3612,2024-11-10,2700,Lublin Gł. - Żary,Wrocław Główny,Walizka / Plecak
3613,2024-11-10,5304,Gdynia Główna -Kraków Główny,Kraków Główny,Książka
3614,2024-11-10,3502,Kraków Gł. - Gdynia Gł.,Gdynia Główna,Ubranie
3615,2024-11-10,5315,Gdynia Gł -Przemyśl Gł,Przemyśl Bakończyce,Ubranie
3616,2024-11-10,6124,Wrocław Gł. - Białystok,Białystok,Sprzęt Elektroniczny
3617,2024-11-10,311,Bohumin - Lublin Gł.,Lublin Główny,Reklamówka / Torba
3618,2024-11-10,27100,Lublin Gł. - Zielona Góra Gł.,Gorzów Wielkopolski,Reklamówka / Torba
3619,2024-11-10,6124,Wrocław Gł. - Białystok,Białystok,Reklamówka / Torba
3620,2024-11-10,16106,Białystok - Wrocław Gł.,Wrocław Główny,Ubranie
3621,2024-11-10,6301,Wrocław Gł- Przemyśl Gł,Przemyśl Bakończyce,Rzeczy Osobiste
3622,2024-11-10,5306,Gdynia-Kraków,Kraków Główny,Ubranie
3623,2024-11-10,84100,Słupsk -Katowice,Katowice,Książka
3624,2024-11-10,1604,Warszawa Wsch. - Wrocław Gł.,Wrocław Główny,Ubranie
3625,2024-11-10,5306,Gdynia-Kraków,Kraków Główny,Sprzęt Turystyczny
3626,2024-11-10,3600,Przemyśl Gł. - Wrocław Gł.,Wrocław Główny,Obuwie
3627,2024-11-10,1350,Warszawa Wsch. - Zakopane,Zakopane,Walizka / Plecak
3628,2024-11-10,16104,Białystok - Wrocław Gł.,Wrocław Główny,Ubranie
3629,2024-11-10,5100,Gdynia Gł. - Warszawa Zach.,Warszawa Zachodnia,Ubranie
3630,2024-11-10,3720,Kraków Gł. - Poznań Gł.,Pleszew,Rzeczy Osobiste
3631,2024-11-10,52100,Bydgoszcz Gł. - Chełm,Chełm,Rzeczy Osobiste
3632,2024-11-10,3700,Przemyśl Gł. - Poznań Gł.,Leszno,Rzeczy Osobiste
3633,2024-11-10,56102,Olsztyn - Wrocław,Wrocław Gł,Rzeczy Osobiste
3634,2024-11-10,6124,Wrocław Gł. - Białystok,Białystok,Walizka / Plecak
3635,2024-11-10,3120,Zakopane - Warszawa Wsch.,Warszawa Wschodnia,Telefon
3636,2024-11-10,5600,Gdynia Gł. - Jelenia Góra,Wrocław Główny,Ubranie
3637,2024-11-10,3520,Kraków Gł. - Olsztyn Gł.,Olsztyn Główny,Ubranie
3638,2024-11-10,71104,Poznań Gł. - Warszawa Wsch.,Warszawa Wschodnia,Rzeczy Osobiste
3639,2024-11-10,5332,Bydgoszcz Gł. - Rzeszów Główny,Rzeszów Główny,Rzeczy Osobiste
3640,2024-11-10,31108,Kraków Gł. - Łódź Fabryczna,Piotrków Trybunalski,Rzeczy Osobiste
3641,2024-11-10,3514,Przemyśl Gł. - Gdynia Gł.,Gdynia Główna,Reklamówka / Torba
3642,2024-11-10,1542,Warszawa Zach. - Gdynia Gł.,Gdynia Główna,Reklamówka / Torba
3643,2024-11-10,31108,Kraków Gł. - Łódź Fabryczna,Piotrków Trybunalski,Sprzęt Elektroniczny
3644,2024-11-10,45150,Bielsko-Biała Gł. - Bydgoszcz Gł.,Bydgoszcz Główna,Reklamówka / Torba
3645,2024-11-09,73003,Frankfurt-Kraków,Kraków Główny,Sprzęt Elektroniczny
3646,2024-11-09,3720,Kraków Gł. - Poznań Gł.,Środa Wielkopolska,Ubranie
3647,2024-11-09,63106,Jelenia Góra - Kraków Gł.,Kraków Główny,Walizka / Plecak
3648,2024-11-09,6301,Wrocław Gł-Przemyśl Gł,Przemyśl Bakończyce,Ubranie
3649,2024-11-09,1320,Warszawa Wsch. - Zakopane,Zakopane,Książka
3650,2024-11-09,5328,Olsztyn-Kraków,Kraków Gółwny,Sprzęt Elektroniczny
3651,2024-11-09,114,Przemyśl Gł. - Praha-Vršovice,Czechowice-Dziedzice,Ubranie
3652,2024-11-09,3120,Zakopane - Warszawa Wsch.,Warszawa Wschodnia,Walizka / Plecak
3653,2024-11-09,54102,Gdynia Gł. - Katowice,Katowice,Walizka / Plecak
3654,2024-11-09,85102,Szczecin Gł. - Olsztyn Gł.,Olsztyn Główny,Ubranie
3655,2024-11-09,4504,Bielsko-Biała Gł. - Gdynia Gł.,Gdynia Główna,Reklamówka / Torba
3656,2024-11-09,25100,Chełm - Bydgoszcz Gł.,Warszawa Zachodnia,Sprzęt Elektroniczny
3657,2024-11-09,23100,Lublin Gł. - Kraków Gł.,Kraków Główny,Walizka / Plecak
3658,2024-11-09,83173,Świnoujście -Przemyśl Gł,Przemyśl Bakończyce,Ubranie
3659,2024-11-09,4560,Wisła Uzdr. - Olsztyn Gł.,Nowy Dwór Mazowiecki,Walizka / Plecak
3660,2024-11-09,6500,Jelenia Góra - Gdynia Gł.,Wrocław Główny,Reklamówka / Torba
3661,2024-11-09,21010,Dorohusk - Warszawa Wsch.,Warszawa Wschodnia,Telefon
3662,2024-11-09,3722,Kraków Gł. - Poznań Gł.,Poznań Główny,Walizka / Plecak
3663,2024-11-09,71102,Zielona Góra Gł. - Warszawa Wsch.,Zielona Góra Główna,Dokument/Y
3664,2024-11-09,16108,Warszawa Wsch. - Wrocław Gł.,Wrocław Główny,Książka
3665,2024-11-09,5602,Gdynia Gł. - Wrocław Gł.,Wrocław Główny,Walizka / Plecak
3666,2024-11-09,51102,Gdynia Gł. - Warszawa Zach.,Niemojki,Telefon
3667,2024-11-09,4506,Bielsko-Biała Gł. - Gdynia Gł.,Gdynia Główna,Sprzęt Elektroniczny
3668,2024-11-09,57106,Gdynia Gł. - Poznań Gł.,Bydgoszcz Główna,Ubranie
3669,2024-11-09,5328,Olsztyn-Kraków,Kraków Główny,Ubranie
3670,2024-11-09,8304,Szczecin Gł. - Przemyśl Gł.,Przemyśl Główny,Walizka / Plecak
3671,2024-11-09,247,Berlin Hbf - Warszawa Wsch.,Warszawa Wschodnia,Walizka / Plecak
3672,2024-11-09,5308,Gdynia Gł. - Rzeszów Główny,Kraków Główny,Ubranie
3673,2024-11-09,60107,Wrocław Gł. - Strzelin,Strzelin,Sprzęt Elektroniczny
3674,2024-11-09,30112,Kraków Gł. - Zagórz,Zagórz,Sprzęt Turystyczny
3675,2024-11-09,44000,Wien Hbf- Katowice,Katowice,Sprzęt Turystyczny
3676,2024-11-09,83170,Kołobrzeg-Kraków Główny,Kraków Główny,Ubranie
3677,2024-11-09,5324,Olsztyn Główny -Kraków Główny,Kraków Główny,Artykuły Biurowe
3678,2024-11-09,5220,Bydgoszcz Gł. - Lublin Gł.,Lublin Główny,Sprzęt Turystyczny
3679,2024-11-09,1624,Białystok - Wrocław Gł.,Wrocław Główny,Książka
3680,2024-11-08,58106,Olsztyn Gł. - Szczecin Gł.,Elbląg,Sprzęt Elektroniczny
3681,2024-11-08,5350,Gdynia Główna- Kraków Główny,Kraków Główny,Ubranie
3682,2024-11-08,1306,Warszawa Wschodnia- Kraków Główny,Kraków Główny,Sprzęt Elektroniczny
3683,2024-11-08,5326,Olsztyn-Kraków,Kraków Główny,Ubranie
3684,2024-11-08,5304,Gdynia Główna- Kraków Główny,Kraków Główny,Ubranie
3685,2024-11-08,3560,Zakopane - Gdynia Gł.,Kalwaria Zebrzydowska Lanckorona,Saszetka / Nerka
3686,2024-11-08,5302,Gdynia Główna- Kraków Główny,Kraków Główny,Sprzęt Elektroniczny
3687,2024-11-08,1320,Warszawa Wsch. - Zakopane,Zakopane,Ubranie
3688,2024-11-08,1600,Warszawa Wsch. - Wrocław Gł.,Wrocław Główny,Sprzęt Elektroniczny
3689,2024-11-08,5312,Gdynia Gł. - Przemyśl Gł.,Przemyśl Główny,Ubranie
3690,2024-11-08,71100,Zielona Góra Gł. - Warszawa Wsch.,Warszawa Wschodnia,Ubranie
3691,2024-11-08,24100,Lublin - Katowice,Katowice,Ubranie
3692,2024-11-08,83100,Szczecinek - Rzeszów Główny,Rzeszów Zachodni,Artykuły Biurowe
3693,2024-11-08,83172,Szczecin-Przemyśl Gł,Przemyśl Główny,Sprzęt Elektroniczny
3694,2024-11-08,61101,Jelenia Góra -Warszawa Wschodnia,Warszawa Olszynka Grochowska,Sprzęt Elektroniczny
3695,2024-11-08,83103,Świnoujście-Kraków,Kraków Główny,Sprzęt Turystyczny
3696,2024-11-08,57,Berlin Hbf - Przemyśl Gł.,Dębica,Rzeczy Osobiste
3697,2024-11-08,5320,Olsztyn-Kraków,Kraków Główny,Artykuły Biurowe
3698,2024-11-08,8305,Szczecin Gł- Przemyśl Gł,Przemyśl Bakończyce,Artykuły Muzyczne
3699,2024-11-08,45,Berlin Hbf - Warszawa Wsch.,Warszawa Wschodnia,Artykuły Spożywcze
3700,2024-11-08,3526,Kraków Gł. - Olsztyn Gł.,Olsztyn Główny,Rzeczy Osobiste
3701,2024-11-08,109,Gdynia Gł. - Wien Hbf,Zawiercie,Książka
3702,2024-11-08,5102,Gdynia -Warszawa,Warszawa Olszynka Grochowska,Ubranie
3703,2024-11-08,16102,Warszawa Wsch. - Wrocław Gł.,Wrocław Główny,Artykuły Spożywcze
3704,2024-11-08,7301,Poznań Gł-Przemyśl Gł,Przemyśl Bakończyce,Rzeczy Osobiste
3705,2024-11-08,4506,Bielsko-Biała Gł. - Gdynia Gł.,Gdynia Główna,Rzeczy Osobiste
3706,2024-11-08,4123,Bielsko-Biała-Białystok,Białystok,Reklamówka / Torba
3707,2024-11-08,3502,Kraków Gł. - Gdynia Gł.,Gdynia Główna,Reklamówka / Torba
3708,2024-11-08,1602,Warszawa Wsch. - Jelenia Góra,Wrocław Główny,Etui
3709,2024-11-08,1604,Warszawa Wsch. - Wrocław Gł.,Wrocław Główny,Sprzęt Elektroniczny
3710,2024-11-08,406,München Hbf - Warszawa Wsch.,Warszawa Wschodnia,Rzeczy Osobiste
3711,2024-11-08,45151,Bielsko-Biała Gł-Bydgoszcz Gł,Bydgoszcz Główna,Walizka / Plecak
3712,2024-11-08,43002,Graz-Przemyśl Gł,Przemyśl Główny,Sprzęt Elektroniczny
3713,2024-11-08,115,Praha Hl. N. - Przemyśl Gł.,Przemyśl Główny,Walizka / Plecak
3714,2024-11-08,4502,Warszawa - Gdynia,Gdynia Główna,Walizka / Plecak
3715,2024-11-08,1306,Warszawa Wschodnia- Kraków Główny,Kraków Główny,Ubranie
3716,2024-11-07,6126,Zgorzelec - Warszawa Wsch.,Zgorzelec,Ubranie
3717,2024-11-07,16108,,Wrocław Główny,Ubranie
3718,2024-11-07,83172,Świnoujście - Przemyśl Gł.,Przemyśl Główny,Książka
3719,2024-11-07,16108,,Wrocław Główny,Parasol
3720,2024-11-07,7200,Żary - Lublin Gł.,Lublin Główny,Ubranie
3721,2024-11-07,5300,Gdynia Gł. - Kraków Gł.,Kraków Główny,Ubranie
3722,2024-11-07,4526,Katowice - Gdynia Gł.,Gdynia Główna,Rzeczy Osobiste
3723,2024-11-07,37102,Kraków Gł. - Poznań Gł.,Olesno Śląskie,Obuwie
3724,2024-11-07,59,Berlin-Gdynia,Gdynia Leszczynki,Telefon
3725,2024-11-07,3600,Przemyśl Gł. - Wrocław Gł.,Wrocław Główny,Sprzęt Elektroniczny
3726,2024-11-07,1602,Warszawa Wsch. - Jelenia Góra,Wałbrzych Miasto,Sprzęt Elektroniczny
3727,2024-11-07,37102,Kraków Gł. - Poznań Gł.,Zawiercie,Rzeczy Osobiste
3728,2024-11-07,59,Berlin-Gdynia,Gdynia Leszczynki,Portfel
3729,2024-11-07,1900,Warszawa Wsch. - Łódź Fabryczna,Łódź Fabryczna,Rzeczy Osobiste
3730,2024-11-07,68102,Wrocław Gł. - Słupsk,Poznań Główny,Telefon
3731,2024-11-07,3504,Kraków-Gdynia,Gdynia Grabówek,Etui
3732,2024-11-07,16104,Białystok - Wrocław Gł.,Wrocław Główny,Sprzęt Elektroniczny
3733,2024-11-07,82104,Świnoujście - Hrubieszów Miasto,Lublin Zachodni,Ubranie
3734,2024-11-07,3600,Przemyśl Gł. - Wrocław Gł.,Wrocław Główny,Rzeczy Osobiste
3735,2024-11-07,3550,Kraków-Gdynia,Gdynia Grabówek,Ubranie
3736,2024-11-06,4502,Gliwice - Gdynia Gł.,Gdynia Główna,Książka
3737,2024-11-06,5315,Gdynia Gł-Przemyśl Gł,Przemyśl Główny,Sprzęt Elektroniczny
3738,2024-11-06,3560,Kraków-Gdynia,Gdynia Grabówek,Rzeczy Osobiste
3739,2024-11-06,58108,Olsztyn Gł. - Szczecin Gł.,Lębork,Walizka / Plecak
3740,2024-11-06,85100,Szczecin Gł. - Gdańsk Gł.,Lębork,Dokument/Y
3741,2024-11-06,6120,Wrocław Gł. - Warszawa Wsch.,Warszawa Zachodnia,Sprzęt Elektroniczny
3742,2024-11-06,81170,Świnoujście-Warszawa,Warszawa Olszynka Grochowska,Rzeczy Osobiste
3743,2024-11-06,1624,Białystok - Wrocław Gł.,Wrocław Główny,Etui
3744,2024-11-06,18104,Białystok - Szczecin Gł.,Słupsk,Walizka / Plecak
3745,2024-11-06,5300,Gdynia Główna - Kraków Główny,Kraków Główny,Ubranie
3746,2024-11-06,3512,Kraków-Gdynia,Gdynia Leszczynki,Saszetka / Nerka
3747,2024-11-06,83170,Kołobrzeg- Kraków Główny,Kraków Główny,Etui
3748,2024-11-06,1306,Warszawa Wschodnia - Kraków Główny,Kraków Główny,Ubranie
3749,2024-11-06,5320,Olsztyn-Kraków,Kraków Główny,Sprzęt Elektroniczny
3750,2024-11-06,1604,Warszawa Wsch. - Wrocław Gł.,Wrocław Główny,Walizka / Plecak
3751,2024-11-06,4508,Gliwice - Gdynia Gł.,Gdynia Główna,Ubranie
3752,2024-11-06,4522,Racibórz - Olsztyn Gł.,Olsztyn Główny,Ubranie
3753,2024-11-06,25100,Chełm-Bydgoszcz Gł,Byggoszcz Gł,Artykuły Spożywcze
3754,2024-11-06,13000,Mockava- Kraków Główny,Kraków Główny,Ubranie
3755,2024-11-06,5350,Gdynia Główna - Kraków Główny,Kraków Główny,Ubranie
3756,2024-11-06,0000,--------,Gdynia Leszczynki,Dokument/Y
3757,2024-11-06,60105,Wrocław Gł. - Jelenia Góra,Jelenia Góra,Ubranie
3758,2024-11-06,12106,Warszawa Zach. - Lublin Gł.,Lublin Główny,Sprzęt Elektroniczny
3759,2024-11-06,5124,Bydgoszcz Gł. - Warszawa Wsch.,Warszawa Centralna,Saszetka / Nerka
3760,2024-11-06,57104,Gdynia Gł. - Zielona Góra Gł.,Zielona Góra Główna,Telefon
3761,2024-11-06,25100,Chełm - Bydgoszcz Gł.,Bydgoszcz Główna,Artykuły Spożywcze
3762,2024-11-05,81110,Piła Gł. - Warszawa Wsch.,Warszawa Wschodnia,Sprzęt Elektroniczny
3763,2024-11-05,3514,Przemyśl Gł. - Gdynia Gł.,Gdynia Główna,Reklamówka / Torba
3764,2024-11-05,3600,Przemyśl Gł. - Wrocław Gł.,Gliwice,Telefon
3765,2024-11-05,16108,Warszawa Wsch. - Wrocław Gł.,Żyrardów,Rzeczy Osobiste
3766,2024-11-05,16108,Warszawa Wsch. - Wrocław Gł.,Wrocław Główny,Reklamówka / Torba
3767,2024-11-05,63100,Wrocław Główny-Kraków Główny,Kraków Główny,Rzeczy Osobiste
3768,2024-11-05,5604,Gdynia Gł. - Wrocław Gł.,Wrocław Główny,Ubranie
3769,2024-11-05,5314,Gdynia Gł. - Przemyśl Gł.,Przemyśl Główny,Ubranie
3770,2024-11-05,28104,Hrubieszów Miasto - Świnoujście,Hrubieszów Miasto,Sprzęt Elektroniczny
3771,2024-11-05,3520,Kraków   Olsztyn,Olsztyn Główny,Książka
3772,2024-11-05,5300,Gdynia-Kraków,Kraków Główny,Książka
3773,2024-11-05,16106,Białystok - Wrocław Gł.,Wrocław Główny,Sprzęt Turystyczny
3774,2024-11-05,5127,Bydgoszcz -Warszawa Wschodnia,Warszawa Olszynka Grochowska,Reklamówka / Torba
3775,2024-11-05,35102,Zakopane - Gdynia Gł.,Nowy Dwór Mazowiecki,Reklamówka / Torba
3776,2024-11-05,75102,Poznań   Olsztyn,Olsztyn Główny,Sprzęt Elektroniczny
3777,2024-11-05,81108,Szczecin Gł-Łódź Kaliska,Łódź Kaliska,Sprzęt Elektroniczny
3778,2024-11-05,4508,Gliwice - Gdynia Gł.,Gdynia Główna,Ubranie
3779,2024-11-05,45150,Bielsko-Biała Gł. - Bydgoszcz Gł.,Bydgoszcz Główna,Rzeczy Osobiste
3780,2024-11-05,45150,Bielsko-Biała Gł-Bydgoszcz Gł,Bydgoszcz Główna,Rzeczy Osobiste
3781,2024-11-05,1310,Warszawa Wsch. - Kraków Gł.,Kraków Główny,Ubranie
3782,2024-11-05,143/13000,Białystok-Krakow,Warszawa Centralna,Sprzęt Elektroniczny
3783,2024-11-05,5110,Gdynia Gł. - Warszawa Zach.,Warszawa Zachodnia,Reklamówka / Torba
3784,2024-11-05,81110,Piła Gł. - Warszawa Wsch.,Warszawa Wschodnia,Rzeczy Osobiste
3785,2024-11-05,1602,Warszawa Wsch. - Jelenia Góra,Jelenia Góra,Sprzęt Elektroniczny
3786,2024-11-05,3602,Przemyśl Gł. - Wrocław Gł.,Wrocław Główny,Dokument/Y
3787,2024-11-05,81170,Świnoujście - Warszawa Wsch.,Warszawa Wschodnia,Walizka / Plecak
3788,2024-11-04,85102,Szczecin Gł. - Olsztyn Gł.,Olsztyn Główny,Ubranie
3789,2024-11-04,71006,Berlin-Warszawa,Warszawa Olszynka Grochowska,Walizka / Plecak
3790,2024-11-04,8320,Szczecin Główny - Kraków Główny,Kraków Główny,Książka
3791,2024-11-04,3806,Kraków Gł. - Kołobrzeg,Kołobrzeg,Reklamówka / Torba
3792,2024-11-04,4522,Racibórz - Olsztyn Gł.,Olsztyn Główny,Ubranie
3793,2024-11-04,3514,Przemyśl Gł. - Gdynia Gł.,Gdynia Główna,Ubranie
3794,2024-11-04,3602,Przemyśl Gł. - Wrocław Gł.,Wrocław Główny,Sprzęt Elektroniczny
3795,2024-11-04,1220,Warszawa Wsch. - Kielce Główne,Warka,Ubranie
3796,2024-11-04,5130,Bydgoszcz Gł. - Warszawa Zach.,Warszawa Zachodnia,Sprzęt Turystyczny
3797,2024-11-04,54,Kraków Gł. - Berlin Hbf,Legnica,Telefon
3798,2024-11-04,4502,Gliwice - Gdynia Gł.,Gliwice,Rzeczy Osobiste
3799,2024-11-04,61102,Wrocław Gł. - Warszawa Wsch.,Warszawa Wschodnia,Walizka / Plecak
3800,2024-11-04,,,Warszawa Cok,Rzeczy Osobiste
3801,2024-11-04,6125,Wrocław Gł. - Warszawa Wsch.,Warszawa Olszynka Grochowska,Walizka / Plecak
3802,2024-11-04,3513,Przemyśl Gł. - Gdynia Gł.,Laskowice Pomorskie,Walizka / Plecak
3803,2024-11-04,4524,Bielsko-Biała Gł. - Olsztyn Gł.,Olsztyn Główny,Reklamówka / Torba
3804,2024-11-04,5332,Bydgoszcz Gł. - Rzeszów Główny,Warszawa Zachodnia,Walizka / Plecak
3805,2024-11-04,18114,Łódź Fabryczna - Kołobrzeg,Sopot,Reklamówka / Torba
3806,2024-11-04,16104,Białystok - Wrocław Gł.,Wrocław Główny,Książka
3807,2024-11-04,56102,Olsztyn Gł. - Wrocław Gł.,Wrocław Główny,Reklamówka / Torba
3808,2024-11-04,4504,Gliwice-Gdynia,Gdynia Grabówek,Walizka / Plecak
3809,2024-11-04,3506,Kraków Gł. - Gdynia Gł.,Gdańsk Wrzeszcz,Rzeczy Osobiste
3810,2024-11-04,1526,Warszawa - Bydgoszcz,Bydgoszcz Główna,Dokument/Y
3811,2024-11-04,,,Wrocław Główny,Sprzęt Elektroniczny
3812,2024-11-04,,,Warszawa Cok,Książka
3813,2024-11-04,5132,Gdynia Gł. - Łódź Fabryczna,Łódź Widzew,Walizka / Plecak
3814,2024-11-04,56102,Olsztyn Gł. - Wrocław Gł.,Wrocław Główny,Sprzęt Elektroniczny
3815,2024-11-04,4500,Bielsko-Biała Gł. - Gdynia Gł.,Gdynia Główna,Rzeczy Osobiste
3816,2024-11-03,6150,Szklarska Por.G. - Warszawa Wsch.,Szklarska Poręba Górna,Portfel
3817,2024-11-03,3513,Kraków Gł. - Gdynia Gł.,Gdynia Główna,Walizka / Plecak
3818,2024-11-03,3508,Rzeszów_Gdynia,Gdynia Grabówek,Reklamówka / Torba
3819,2024-11-03,86102,Słupsk - Wrocław Gł.,Leszno,Sprzęt Elektroniczny
3820,2024-11-03,71102,Zielona Góra Gł. - Warszawa Wsch.,Warszawa Wschodnia,Rzeczy Osobiste
3821,2024-11-03,3600,Przemyśl Gł. - Wrocław Gł.,Wrocław Główny,Walizka / Plecak
3822,2024-11-03,3506,Kraków Gł. - Gdynia Gł.,Gdynia Główna,Sprzęt Elektroniczny
3823,2024-11-03,68102,Wrocław Gł. - Słupsk,Wronki,Etui
3824,2024-11-03,3122,Kraków Gł. - Warszawa Wsch.,Warszawa Zachodnia,Sprzęt Agd
3825,2024-11-03,37104,Przemyśl Gł. - Zielona Góra Gł.,Zielona Góra Główna,Ubranie
3826,2024-11-03,3526,Kraków Gł. - Olsztyn Gł.,Olsztyn Główny,Sprzęt Agd
3827,2024-11-03,47,Berlin Hbf - Warszawa Wsch.,Poznań Główny,Rzeczy Osobiste
3828,2024-11-03,5102,Gdynia Gł. - Warszawa Zach.,Warszawa Zachodnia,Sprzęt Elektroniczny
3829,2024-11-03,1543,Łódź Fabryczna-Gdynia Główna,Gdynia Grabówek,Sprzęt Elektroniczny
3830,2024-11-03,17104,,Poznań Główny,Walizka / Plecak
3831,2024-11-03,4124,Katowice - Płock,Płock,Sprzęt Elektroniczny
3832,2024-11-03,35105,Zakopane - Gdynia Gł.,Gdynia Główna,Ubranie
3833,2024-11-03,5600,Gdynia Gł. - Jelenia Góra,Wrocław Główny,Artykuły Spożywcze
3834,2024-11-03,3506,Kraków-Gdynia Główna,Gdynia Grabówek,Sprzęt Elektroniczny
3835,2024-11-03,85108,Szczecin Gł. - Olsztyn Gł.,Malbork,Sprzęt Elektroniczny
3836,2024-11-02,3513,Przemyśl Gł. - Gdynia Gł.,Katowice Ligota,Rzeczy Osobiste
3837,2024-11-02,brak,Brak,Warszawa Olszynka Grochowska,Rzeczy Osobiste
3838,2024-11-02,3500,Kraków Gł. - Gdynia Gł.,Malbork,Telefon
3839,2024-11-02,2700,Lublin Gł. - Żary,Opole Główne,Walizka / Plecak
3840,2024-11-02,,,Warszawa Olszynka Grochowska,Ubranie
3841,2024-11-02,,,Warszawa Olszynka Grochowska,Portfel
3842,2024-11-02,,,Warszawa Olszynka Grochowska,Książka
3843,2024-11-02,,,Warszawa Olszynka Grochowska,Reklamówka / Torba
3844,2024-11-02,3121,Zakopane -Warszawa Wschodnia,Warszawa Olszynka Grochowska,Ubranie
3845,2024-11-02,4506,Bielsko-Biała Gł. - Gdynia Gł.,Gdynia Główna,Ubranie
3846,2024-11-02,6123,Wrocław -Warszawa Wschodnia,Warszawa Olszynka Grochowska,Książka
3847,2024-11-02,13100,Przemyśl -Warszawa Wschodnia,Warszawa Olszynka Grochowska,Portfel
3848,2024-11-02,68102,Wrocław Gł. - Słupsk,Koszalin,Sprzęt Elektroniczny
3849,2024-11-02,81108,Szczecin Gł. - Łódź Kaliska,Łódź Kaliska,Sprzęt Elektroniczny
3850,2024-11-02,,,Warszawa Olszynka Grochowska,Telefon
3851,2024-11-02,81104,Szczecin Gł. - Białystok,Ełk,Sprzęt Elektroniczny
3852,2024-11-02,,,Warszawa Olszynka Grochowska,Dokument/Y
3853,2024-11-02,81100,Szczecin Gł. - Warszawa Wsch.,Warszawa Wschodnia,Telefon
3854,2024-11-02,1650,Warszawa Wsch. - Szklarska Poręba Górna,Szklarska Poręba,Reklamówka / Torba
3855,2024-11-02,,,Warszawa Olszynka Grochowska,Sprzęt Elektroniczny
3856,2024-11-02,27100,Lublin Gł. - Zielona Góra Gł.,Warszawa Wschodnia,Rzeczy Osobiste
3857,2024-11-02,52100,Bydgoszcz Gł. - Chełm,Chełm,Artykuły Muzyczne
3858,2024-11-02,84100,Słupsk - Katowice,Oborniki Śląskie,Etui
3859,2024-11-02,1106,Białystok - Łódź Fabryczna,Łódź Fabryczna,Walizka / Plecak
3860,2024-11-02,16108,Warszawa Wsch. - Wrocław Gł.,Wrocław Główny,Ubranie
3861,2024-11-02,,,Warszawa Olszynka Grochowska,Rzeczy Osobiste
3862,2024-11-02,3722,Kraków Gł. - Poznań Gł.,Poznań Główny,Ubranie
3863,2024-11-02,6124,Wrocław Gł. - Białystok,Tłuszcz,Rzeczy Osobiste
3864,2024-11-02,,,Warszawa Olszynka Grochowska,Sprzęt Sportowy
3865,2024-11-01,5306,Gdynia Gł. - Kraków Gł.,Kraków Główny,Sprzęt Elektroniczny
3866,2024-11-01,35172,Kraków Gł. - Gdynia Gł.,Gdynia Główna,Walizka / Plecak
3867,2024-11-01,4560,Wisła Uzdr. - Olsztyn Gł.,Olsztyn Główny,Walizka / Plecak
3868,2024-11-01,3512,Kraków-Gdynia,Gdynia Leszczynki,Walizka / Plecak
3869,2024-11-01,4522,Racibórz - Olsztyn Gł.,Żyrardów,Reklamówka / Torba
3870,2024-11-01,5329,Olsztyn Gł. - Kraków Gł.,Olsztyn Główny,Ubranie
3871,2024-11-01,1500,Warszawa Zach. - Gdynia Gł.,Gdynia Główna,Ubranie
3872,2024-11-01,25100,Chełm - Bydgoszcz Gł.,Chełm,Sprzęt Elektroniczny
3873,2024-11-01,66102,Strzelin - Wrocław Gł.,Wrocław Główny,Rzeczy Osobiste
3874,2024-11-01,3532,Rzeszów Główny - Bydgoszcz Gł.,Warszawa Wschodnia,Dokument/Y
3875,2024-11-01,5324,Olsztyn Główny - Kraków Główny,Kraków Główny,Telefon
3876,2024-11-01,61108,Wrocław Gł. - Warszawa Wsch.,Warszawa Wschodnia,Sprzęt Elektroniczny
3877,2024-11-01,32100,Kraków Gł. - Lublin Gł.,Pionki Zachodnie,Walizka / Plecak
3878,2024-11-01,4522,Racibórz - Olsztyn Gł.,Racibórz,Sprzęt Elektroniczny
3879,2024-11-01,60105,Wrocław Gł. - Jelenia Góra,Jelenia Góra,Ubranie
3880,2024-11-01,71100,Zielona Góra Gł. - Warszawa Wsch.,Zbąszynek,Reklamówka / Torba
3881,2024-11-01,5426,Gdynia- Katowice,Katowice,Walizka / Plecak
3882,2024-11-01,5604,Gdynia Gł. - Wrocław Gł.,Wrocław Główny,Sprzęt Sportowy
3883,2024-11-01,72100,Zielona Góra Gł. - Lublin Gł.,Lublin Główny,Sprzęt Elektroniczny
3884,2024-11-01,2120,Kielce Główne - Warszawa Wsch.,Suchedniów,Sprzęt Elektroniczny
3885,2024-11-11,3804,Przemyśl Gł. - Szczecin Gł.,Szczecin Główny,Walizka / Plecak
3886,2024-11-11,74100,Poznań Gł. - Katowice,Katowice,Walizka / Plecak
3887,2024-11-11,5604,Gdynia Gł. - Wrocław Gł.,Wrocław Główny,Walizka / Plecak
3888,2024-11-11,3502,Kraków Gł. - Gdynia Gł.,Warszawa Wschodnia,Sprzęt Elektroniczny
3889,2024-11-11,1106,Białystok - Łódź Fabryczna,Łódź Fabryczna,Książka
3890,2024-11-11,57102,Olsztyn Gł. - Poznań Gł.,Olsztyn Zachodni,Portfel
3891,2024-11-11,85104,Szczecin Gł. - Olsztyn Gł.,Ostróda,Portfel
3892,2024-11-11,10100,Warszawa Wsch. - Białystok,Niemojki,Reklamówka / Torba
3893,2024-11-11,88101,Piła Gł. - Gorzów Wlkp.,Gorzów Wielkopolski,Artykuły Dziecięce
3894,2024-11-11,88101,Piła Gł. - Gorzów Wlkp.,Gorzów Wielkopolski,Walizka / Plecak
3895,2024-11-11,1326,Warszawa Wsch. - Kraków Gł.,Warszawa Centralna,Saszetka / Nerka
3896,2024-11-11,3550,Kraków Gł. - Gdynia Gł.,Gdańsk Główny,Ubranie
3897,2024-11-11,18106,Warszawa Wsch. - Szczecin Gł.,Szczecin Główny,Walizka / Plecak
3898,2024-11-11,1422,Białystok - Bielsko-Biała Gł.,Bielsko-Biała Główna,Walizka / Plecak
3899,2024-11-11,25100,Chełm - Bydgoszcz Gł.,Kutno,Rzeczy Osobiste
3900,2024-11-11,5304,Gdynia Główna- Kraków Główny,Krakó Główny,Dokument/Y
3901,2024-11-10,7322,Poznań Główny- Kraków Główny,Kraków Główny,Reklamówka / Torba
3902,2024-11-11,62101,Wrocław Gł.-Lublin Gł.,Lublin Główny,Walizka / Plecak
3903,2024-11-11,5320,Olsztyn Gł. - Kraków Gł.,Radom Gołębiów,Ubranie
3904,2024-11-11,6502,Wrocław Gł. - Gdynia Gł.,Gdańsk Główny,Reklamówka / Torba
3905,2024-11-11,6124,Wrocław Gł. - Białystok,Wołomin,Telefon
3906,2024-11-11,57100,Olsztyn Gł. - Zielona Góra Gł.,Zielona Góra Główna,Reklamówka / Torba
3907,2024-11-11,3121,Zakopane - Warszawa,Warszawa Olszynka Grochowska,Walizka / Plecak
3908,2024-11-11,109,Gdynia Gł. - Wien Hbf,Warszawa Wschodnia,Walizka / Plecak
3909,2024-11-11,58102,Olsztyn Gł. - Szczecin Gł.,Szczecin Główny,Ubranie
3910,2024-11-10,5306,Gdynia-Kraków,Kraków Główny,Portfel
3911,2024-11-11,18108,Łódź Kaliska - Szczecin Gł.,Szczecin Główny,Walizka / Plecak
3912,2024-11-11,1622,Białystok - Wrocław Gł.,Wrocław Główny,Portfel
3913,2024-11-11,21010,Dorohusk - Warszawa Wsch.,Warszawa Wschodnia,Walizka / Plecak
3914,2024-11-11,28104,Hrubieszów Miasto - Świnoujście,Sochaczew,Walizka / Plecak
3915,2024-11-10,5326,Poznań-Kraków,Kraków Główny,Rzeczy Osobiste
3916,2024-11-10,1322,Warszawa-Kraków,Kraków Główny,Sprzęt Elektroniczny
3917,2024-11-10,4522,Racibórz - Olsztyn Gł,Olsztyn Główny,Portfel
3918,2024-11-11,35170,Zakopane - Gdynia Gł.,Mława,Reklamówka / Torba
3919,2024-11-11,54150,Bydgoszcz Gł. - Bielsko-Biała Gł.,Leszno,Sprzęt Elektroniczny
3920,2024-11-10,143,Mockava - Kraków Główny,Warszawa Zachodnia,Saszetka / Nerka
3921,2024-11-10,11106,Warszawa Zach. - Terespol,Małaszewicze Prz.,Walizka / Plecak
3922,2024-11-10,5124,Bydgoszcz Gł. - Warszawa Wsch.,Warszawa Wschodnia,Obuwie
3923,2024-11-10,85100,Szczecin Gł. - Gdańsk Gł.,Słupsk,Sprzęt Elektroniczny
3924,2024-11-10,3602,Przemyśl Gł. - Wrocław Gł.,Wrocław Główny,Reklamówka / Torba
3925,2024-11-10,4560,Wisła Uzdr. - Olsztyn Gł.,Ciechanów,Sprzęt Elektroniczny
3926,2024-11-10,81103,Szczecin Gł. - Suwałki,Czyżew,Rzeczy Osobiste
3927,2024-11-10,71100,Zielona Góra Gł. - Warszawa Wsch.,Zbąszynek,Saszetka / Nerka
3928,2024-11-10,28104,Hrubieszów Miasto - Świnoujście,Świnoujście,Reklamówka / Torba
3929,2024-11-10,5602,Gdynia Gł. - Wrocław Gł.,Wrocław Główny,Reklamówka / Torba
3930,2024-11-10,8105,Szczecin Gł. - Warszawa Wsch.,Warszawa Olszynka Grochowska,Dokument/Y
3931,2024-11-10,73104,Zielona Góra Gł. - Przemyśl Gł.,Przemyśl Główny,Reklamówka / Torba
3932,2024-11-10,58104,Olsztyn Gł. - Szczecin Gł.,Świdwin,Walizka / Plecak
3933,2024-11-10,1320,Warszawa Wsch. - Zakopane,Zakopane,Sprzęt Elektroniczny
3934,2024-11-10,82102,Szczecin Gł. - Lublin Gł.,Lubin,Saszetka / Nerka
3935,2024-11-09,13108,Łódź Fbryczna -Kraków Główny,Kraków Główny,Dokument/Y
3936,2024-11-09,1322,Warszawa Wschodnia -Kraków Główny,Kraków Główny,Reklamówka / Torba
3937,2024-11-10,9106,Łódź Fabryczna - Warszawa Wsch.,Warszawa Wschodnia,Sprzęt Elektroniczny
3938,2024-11-10,57,Berlin Hbf - Przemyśl Gł.,Lubin,Ubranie
3939,2024-11-10,3508,Rzeszów Główny - Gdynia Gł.,Gdynia Główna,Reklamówka / Torba
3940,2024-11-10,61104,Wrocław Gł. - Białystok,Warszawa Wschodnia,Portfel
3941,2024-11-10,21010,Dorohusk - Warszawa Wsch.,Warszawa Wschodnia,Saszetka / Nerka
3942,2024-11-10,30170,Kraków Gł. - Krynica-Zdrój,Krynica-Zdrój,Reklamówka / Torba
3943,2024-11-10,35170,Zakopane - Gdynia Gł.,Sopot,Sprzęt Sportowy
3944,2024-11-02,31103,Kraków Gł. - Warszawa Wsch.,Warszawa Olszynka Grochowska,Sprzęt Turystyczny
3945,2024-11-10,35170,Zakopane - Gdynia Gł.,Prabuty,Telefon
3946,2024-11-10,78172,Poznań Gł. - Szczecinek,Rogoźno Wielkopolskie,Portfel
3947,2024-11-10,41003,Wiedeń-Warszawa,Warszawa Olszynka Grochowska,Portfel
3948,2024-11-10,21105,Lublin-Warszawa,Warszawa Olszynka Grochowska,Reklamówka / Torba
3949,2024-11-09,82104,Szczecin Główny-Lublin,Lublin,Walizka / Plecak
3950,2024-11-09,85100,Szczecin Gł. - Gdańsk Gł.,Słupsk,Walizka / Plecak
3951,2024-11-09,247,Berlin Hbf - Warszawa Wsch.,Warszawa Wschodnia,Ubranie
3952,2024-11-09,6304,Wrocław Gł. - Przemyśl Gł.,Katowice Ligota,Walizka / Plecak
3953,2024-11-09,6304,Wrocław Gł. - Przemyśl Gł.,Mysłowice,Walizka / Plecak
3954,2024-11-09,57,Berlin Hbf - Przemyśl Gł.,Kraków Główny,Etui
3955,2024-11-09,16100,Warszawa Wsch. - Jelenia Góra,Jelenia Góra,Sprzęt Elektroniczny
3956,2024-11-09,18106,Warszawa Wsch. - Szczecin Gł.,Szczecin Główny,Ubranie
3957,2024-11-09,81103,Szczecin Gł. - Suwałki,Białystok,Reklamówka / Torba
3958,2024-11-07,53172,Gdynia-Kraków,Kraków Główny,Sprzęt Elektroniczny
3959,2024-11-09,8320,Szczecin-Kraków,Kraków Główny,Rzeczy Osobiste
3960,2024-11-09,1306,Warszawa-Kraków,Kraków Główny,Sprzęt Elektroniczny
3961,2024-11-09,108,Wien Hbf - Gdynia Gł.,Gdynia Główna,Walizka / Plecak
3962,2024-11-09,3804,Przemyśl Gł. - Szczecin Gł.,Opole Główne,Telefon
3963,2024-11-09,5220,Bydgoszcz Gł. - Lublin Gł.,Lublin Główny,Dokument/Y
3964,2024-11-09,5322,Olsztyn Gł. - Kraków Gł.,Mława,Walizka / Plecak
3965,2024-11-09,53103,Gdynia Gł. - Zakopane,Tomaszów Mazowiecki,Rzeczy Osobiste
3966,2024-11-09,75104,Zielona Góra Gł. - Gdynia Gł.,Gdańsk Wrzeszcz,Telefon
3967,2024-11-09,3508,Rzeszów Główny - Gdynia Gł.,Gdynia Główna,Walizka / Plecak
3968,2024-11-09,6502,Wrocław Gł. - Gdynia Gł.,Poznań Główny,Portfel
3969,2024-11-09,8104,Szczecin Gł. - Warszawa Wsch.,Warszawa Wschodnia,Reklamówka / Torba
3970,2024-11-09,6504,Wrocław Gł. - Gdynia Gł.,Sopot,Reklamówka / Torba
3971,2024-11-09,61104,Wrocław Gł. - Białystok,Piotrków Trybunalski,Saszetka / Nerka
3972,2024-11-08,1530,Warszawa Zach-Bydgoszcz Gł,Bydgoszcz Główna,Rzeczy Osobiste
3973,2024-11-09,75150,Poznań Gł. - Gdynia Gł.,Laskowice Pomorskie,Reklamówka / Torba
3974,2024-11-08,25100,Chełm-Bydgoszcz Gł,Sochaczew,Reklamówka / Torba
3975,2024-11-09,71104,Poznań Gł. - Warszawa Wsch.,Warszawa Wschodnia,Saszetka / Nerka
3976,2024-11-08,3150,Zakopane -Warszawa Wschodnia,Warszawa Olszynka Grochowska,Sprzęt Elektroniczny
3977,2024-11-09,116114,Białystok -Warszawa Wschodnia,Warszawa Olszynka Grochowska,Portfel
3978,2024-11-09,6304,Wrocław Gł. - Przemyśl Gł.,Przemyśl Główny,Walizka / Plecak
3979,2024-11-08,56150,Gdynia Gł. - Wrocław Gł.,Wrocław Główny,Walizka / Plecak
3980,2024-11-08,45150,Bielsko-Biała Gł. - Bydgoszcz Gł.,Bydgoszcz Główna,Walizka / Plecak
3981,2024-11-08,53174,Gdynia Gł. - Zakopane,Działdowo,Sprzęt Elektroniczny
3982,2024-11-08,16106,Białystok - Wrocław Gł.,Wrocław Główny,Reklamówka / Torba
3983,2024-11-08,5310,Gdynia Gł. - Kraków Gł.,Kraków Główny,Walizka / Plecak
3984,2024-11-08,3504,Kraków Gł. - Gdynia Gł.,Gdynia Główna,Dokument/Y
3985,2024-11-08,1602,Warszawa Wsch. - Jelenia Góra,Wałbrzych Miasto,Walizka / Plecak
3986,2024-11-08,37104,Przemyśl Gł. - Zielona Góra Gł.,Zielona Góra Główna,Rzeczy Osobiste
3987,2024-11-08,5604,Gdynia Gł. - Wrocław Gł.,Wrocław Główny,Reklamówka / Torba
3988,2024-11-08,73100,Poznań Gł. - Kraków Gł.,Kraków Główny,Sprzęt Sportowy
3989,2024-11-08,4502,Gliwice - Gdynia Gł.,Gdańsk Główny,Walizka / Plecak
3990,2024-11-08,5312,Gdynia Gł. - Przemyśl Gł.,Przemyśl Główny,Walizka / Plecak
3991,2024-11-08,1106,Białystok - Łódź Fabryczna,Łódź Widzew,Dokument/Y
3992,2024-11-08,4124,Katowice - Płock,Częstochowa,Reklamówka / Torba
3993,2024-11-08,56150,Gdynia Gł. - Wrocław Gł.,Tczew,Portfel
3994,2024-11-08,56102,Olsztyn Gł. - Wrocław Gł.,Wrocław Główny,Telefon
3995,2024-11-08,3550,Kraków Gł. - Gdynia Gł.,Gdynia Główna,Sprzęt Sportowy
3996,2024-11-08,13106,Warszawa Wsch. - Przemyśl Gł.,Ostrowiec Świętokrzyski,Artykuły Muzyczne
3997,2024-11-08,5322,Olsztyn Gł. - Kraków Gł.,Kraków Główny,Dokument/Y
3998,2024-11-08,60105,Wrocław Gł. - Jelenia Góra,Wrocław Główny,Walizka / Plecak
3999,2024-11-08,35102,Zakopane - Gdynia Gł.,Prabuty,Walizka / Plecak
4000,2024-11-08,5324,Olsztyn Gł. - Kraków Gł.,Radom Główny,Portfel
4001,2024-11-08,4122,Bielsko-Biała Gł. - Białystok,Białystok,Sprzęt Elektroniczny
4002,2024-11-07,5326,Olsztyn Główny- Kraków Główny,Kraków Główny,Ubranie
4003,2024-11-07,5312,Gdynia Główna- Kraków Główny,Kraków Główny,Sprzęt Elektroniczny
4004,2024-11-08,13000,Mockava-Kraków Główny,Kraków Główny,Reklamówka / Torba
4005,2024-11-08,65102,Wrocław Gł. - Olsztyn Gł.,Toruń Główny,Dokument/Y
4006,2024-11-08,4508,Gliwice - Gdynia Gł.,Gdynia Główna,Sprzęt Elektroniczny
4007,2024-11-04,,,Bydgoszcz Główna,Rzeczy Osobiste
4008,2024-11-08,5424,Olsztyn Gł. - Bielsko-Biała Gł.,Żyrardów,Etui
4009,2024-11-07,18100,Warszawa Wsch. - Szczecin Gł.,Szczecin Główny,Walizka / Plecak
4010,2024-11-08,68104,Wrocław Gł. - Szczecin Gł.,Rzepin,Walizka / Plecak
4011,2024-11-07,58104,Olsztyn Gł. - Szczecin Gł.,Szczecin Główny,Reklamówka / Torba
4012,2024-11-08,61108,Wrocław Gł. - Warszawa Wsch.,Piotrków Trybunalski,Reklamówka / Torba
4013,2024-11-07,58108,Olsztyn Gł. - Szczecin Gł.,Szczecin Główny,Książka
4014,2024-11-07,10100,Warszawa Wsch. - Białystok,Hajnówka,Telefon
4015,2024-11-07,4502,Gliwice - Gdynia Gł.,Gdynia Główna,Reklamówka / Torba
4016,2024-11-07,115,Praha Hl. N. - Przemyśl Gł.,Przemyśl Główny,Ubranie
4017,2024-11-07,5320,Olsztyn Gł. - Kraków Gł.,Kielce Główne,Sprzęt Elektroniczny
4018,2024-10-31,,,Wars Warszawa,Ubranie
4019,2024-10-31,,,Wars Warszawa,Książka
4020,2024-10-31,,,Wars Warszawa,Dokument/Y
4021,2024-10-31,,,Wars Warszawa,Sprzęt Elektroniczny
4022,2024-10-31,,,Wars Warszawa,Rzeczy Osobiste
4023,2024-11-07,35105,Zakopane - Gdynia Gł.,Kraków Główny,Sprzęt Elektroniczny
4024,2024-11-07,3522,Kraków Gł. - Olsztyn Gł.,Nowy Dwór Mazowiecki,Dokument/Y
4025,2024-11-07,1624,Białystok - Wrocław Gł.,Wrocław Główny,Dokument/Y
4026,2024-11-06,1624,Białystok - Wrocław Gł.,Wrocław Główny,Dokument/Y
4027,2024-10-31,1512,Warszawa Zachodnia-Gdynia Główna,Gdynia Grabówek,Walizka / Plecak
4028,2024-11-03,18114,Łódź Fabryczna-Kołobrzeg,Gdynia Leszczynki,Walizka / Plecak
4029,2024-11-07,5332,Bydgoszcz Gł. - Rzeszów Główny,Rzeszów Główny,Sprzęt Elektroniczny
4030,2024-11-07,18100,Warszawa Wsch. - Szczecin Gł.,Szczecin Główny,Sprzęt Elektroniczny
4031,2024-11-07,18100,Warszawa Wsch. - Szczecin Gł.,Szczecin Główny,Saszetka / Nerka
4032,2024-10-23,38172,Przemyśl Gł. - Świnoujście,Świnoujście,Dokument/Y
4033,2024-10-23,38172,Przemyśl Gł. - Świnoujście,Świnoujście,Sprzęt Elektroniczny
4034,2024-11-04,28104,Hrubieszów Miasto - Świnoujście,Świnoujście,Sprzęt Elektroniczny
4035,2024-10-17,5220,Bydgoszcz Gł-Lublin,Lublin,Sprzęt Elektroniczny
4036,2024-11-03,28104,Hrubieszów Miasto - Świnoujście,Świnoujście,Dokument/Y
4037,2024-11-04,28104,Hrubieszów Miasto - Świnoujście,Świnoujście,Walizka / Plecak
4038,2024-11-06,5314,Gdynia Gł. - Przemyśl Gł.,Dębica,Etui
4039,2024-11-06,5124,Bydgoszcz Gł. - Warszawa Wsch.,Warszawa Centralna,Ubranie
4040,2024-11-06,1804,Warszawa Wsch. - Szczecin Gł.,Szczecin Główny,Sprzęt Elektroniczny
4041,2024-11-06,5404,Gdynia Gł. - Gliwice,Warszawa Wschodnia,Książka
4042,2024-11-06,4502,Gliwice - Gdynia Gł.,Legionowo,Reklamówka / Torba
4043,2024-11-06,18106,Warszawa Wsch. - Szczecin Gł.,Warszawa Zachodnia,Reklamówka / Torba
4044,2024-11-06,4526,Katowice - Gdynia Gł.,Łęczyca,Sprzęt Elektroniczny
4045,2024-11-06,38102,Kraków Gł. - Świnoujście,Świnoujście,Walizka / Plecak
4046,2024-11-06,18102,Suwałki - Szczecin Gł.,Szczecin Główny,Rzeczy Osobiste
4047,2024-11-06,58104,Olsztyn Gł. - Szczecin Gł.,Stargard,Obuwie
4048,2024-11-05,1800,Warszawa Wschodnia - Szczecin Główny,Szczecin Główny,Walizka / Plecak
4049,2024-10-29,3602,Przemyśl Gł. - Wrocław Gł.,Wrocław Główny,Rzeczy Osobiste
4050,2024-10-29,86102,Słupsk - Wrocław Gł.,Wrocław Główny,Rzeczy Osobiste
4051,2024-10-31,1604,Warszawa Wsch. - Wrocław Gł.,Wrocław Główny,Książka
4052,2024-10-30,26100,Lublin Gł. - Wrocław Gł.,Wrocław Główny,Książka
4053,2024-11-06,35170,Zakopane - Gdynia Gł.,Gdynia Główna,Walizka / Plecak
4054,2024-10-31,9107,Łódz -Warszawa Wschodnia,Warszawa Olszynka Grochowska,Dokument/Y
4055,2024-11-06,4500,Bielsko-Biała Gł. - Gdynia Gł.,Gdynia Główna,Walizka / Plecak
4056,2024-11-05,22100,Stalowa W. Rozw. - Hrubieszów Miasto,Hrubieszów Miasto,Walizka / Plecak
4057,2024-11-05,35105,Zakopane - Gdynia Gł.,Warszawa Centralna,Rzeczy Osobiste
4058,2024-11-05,58106,Olsztyn Gł. - Szczecin Gł.,Wejherowo,Sprzęt Elektroniczny
4059,2024-11-02,83103,Świnoujście-Kraków,Kraków Główny,Artykuły Biurowe
4060,2024-11-05,5300,Gdynia-Kraków,Kraków Główny,Ubranie
4061,2024-11-04,13000,Mockava-Kraków,Kraków Główny,Sprzęt Elektroniczny
4062,2024-11-05,36106,Kraków Gł. - Jelenia Góra,Jelenia Góra,Dokument/Y
4063,2024-11-05,4522,Racibórz - Olsztyn Gł.,Olsztyn Główny,Telefon
4064,2024-11-05,1350,Warszawa Wsch. - Zakopane,Nowy Targ,Ubranie
4065,2024-11-05,1523,Łódź Fabryczna- Olsztyn Główny,Olsztyn Główny,Sprzęt Elektroniczny
4066,2024-10-30,5604,Gdynia Gł. - Wrocław Gł.,Wrocław Główny,Portfel
4067,2024-10-29,16102,Warszawa Wsch. - Wrocław Gł.,Wrocław Główny,Rzeczy Osobiste
4068,2024-11-05,61170,Jelenia Góra - Warszawa Wsch.,Warszawa Wschodnia,Portfel
4069,2024-11-04,143,Vilnius(Lt) - Kraków Gł.,Warszawa Zachodnia,Sprzęt Elektroniczny
4070,2024-11-04,1106,Białystok - Łódź Fabryczna,Łódź Fabryczna,Portfel
4071,2024-11-04,5308,Gdynia Gł. - Rzeszów Główny,Rzeszów Główny,Rzeczy Osobiste
4072,2024-11-04,5360,Gdynia Gł. - Zakopane,Zakopane,Ubranie
4073,2024-11-04,5308,Gdynia Gł. - Rzeszów Główny,Rzeszów Główny,Sprzęt Turystyczny
4074,2024-11-04,4524,Bielsko-Biała Gł. - Olsztyn Gł.,Olsztyn Główny,Sprzęt Elektroniczny
4075,2024-11-04,1422,Białystok - Bielsko-Biała Gł.,Bielsko-Biała Główna,Artykuły Dziecięce
4076,2024-11-04,1422,Białystok - Bielsko-Biała Gł.,Bielsko-Biała Główna,Sprzęt Sportowy
4077,2024-11-04,1410,Warszawa Wsch. - Bielsko-Biała Gł.,Tychy,Sprzęt Elektroniczny
4078,2024-11-03,5320,Olsztyn Główny - Kraków Główny,Kraków Główny,Sprzęt Elektroniczny
4079,2024-11-01,83171,Kołobrzeg - Kraków Główny,Kraków Główny,Ubranie
4080,2024-11-03,63102,Jelenia Góra -Kraków Główny,Kraków Główny,Ubranie
4081,2024-11-03,5324,Olsztyn Główny - Kraków Główny,Kraków Główny,Reklamówka / Torba
4082,2024-11-03,8320,Szczecin Główny -Kraków Główny,Kraków Główny,Ubranie
4083,2024-11-04,63102,Jelenia Góra -Kraków Główny,Kraków Główny,Ubranie
4084,2024-11-03,8320,Szczecin Główny - Kraków Główny,Kraków Główny,Ubranie
4085,2024-11-04,5302,Gdynia Główna -Kraków Główny,Kraków Główny,Ubranie
4086,2024-11-04,5302,Gdynia Główna - Kraków Główny,Kraków Główny,Rzeczy Osobiste
4087,2024-10-31,7301,Poznań Gł Przemyśl Gł,Przemyśl Główny,Reklamówka / Torba
4088,2024-11-04,1320,Warszawa Wsch. - Zakopane,Zakopane,Ubranie
4089,2024-11-02,6305,Wrocław Gł-Przemyśl Gł,Przemyśl Główny,Sprzęt Elektroniczny
4090,2024-11-01,83173,Szczecin -Przemyśl Gł,Przemyśl Główny,Ubranie
4091,2024-11-01,73105,Zielona Góra,Przemyśl Główny,Sprzęt Elektroniczny
4092,2024-10-31,45000,Wiedeń-Gdynia,Gdynia Grabówek,Portfel
4093,2024-10-29,1624,Białystok - Wrocław Gł.,Wrocław Główny,Sprzęt Elektroniczny
4094,2024-11-04,5315,Gdynia Gł-Przemyśl Gł,Przemyśl Główny,Sprzęt Elektroniczny
4095,2024-11-01,75108,Zielona Góra-Gdynia,Gdynia Leszczynki,Telefon
4096,2024-11-02,16106,Białystok - Wrocław Gł.,Wrocław Główny,Ubranie
4097,2024-11-04,5334,Bydgoszcz Gł. - Kraków Gł.,Kraków Główny,Sprzęt Elektroniczny
4098,2024-11-04,31101,Krynica - Warszawa Wsch,Warszawa Olszynka Grochowska,Portfel
4099,2024-11-04,3112,Kraków Gł. - Warszawa Wsch.,Warszawa Wschodnia,Rzeczy Osobiste
4100,2024-11-03,4526,Katowice-Gdynia,Gdynia Grabówek,Rzeczy Osobiste
4101,2024-11-03,1530,Warszawa - Bydgoszcz,Bydgoszcz Główna,Sprzęt Elektroniczny
4102,2024-11-04,6304,Wrocław Gł. - Przemyśl Gł.,Przemyśl Główny,Sprzęt Turystyczny
4103,2024-11-03,31100,Przemyśl Gł. - Warszawa Wsch.,Warszawa Wschodnia,Walizka / Plecak
4104,2024-11-03,3700,Przemyśl Gł. - Poznań Gł.,Poznań Główny,Walizka / Plecak
4105,2024-11-03,1542,Warszawa-Gdynia,Warszawa Olszynka Grochowska,Sprzęt Elektroniczny
4106,2024-11-03,74100,Poznań Gł. - Katowice,Chorzów Batory,Sprzęt Elektroniczny
4107,2024-11-03,35105,Zakopane - Gdynia Gł.,Sopot,Walizka / Plecak
4108,2024-11-03,5304,Gdynia-Kraków,Kraków Główny,Sprzęt Elektroniczny
4109,2024-11-03,7200,Żary - Lublin Gł.,Kraków Główny,Sprzęt Elektroniczny
4110,2024-11-03,5602,Gdynia Gł. - Wrocław Gł.,Leszno,Etui
4111,2024-11-03,6502,Wrocław Gł. - Gdynia Gł.,Sopot,Dokument/Y
4112,2024-11-03,73104,Zielona Góra Gł. - Przemyśl Gł.,Przemyśl Główny,Rzeczy Osobiste
4113,2024-11-03,7300,Poznań Gł. - Przemyśl Gł.,Przemyśl Główny,Reklamówka / Torba
4114,2024-11-03,85108,Szczecin Gł. - Olsztyn Gł.,Słupsk,Etui
4115,2024-11-03,,Warszawa-Terespol,Terespol,Dokument/Y
4116,2024-11-02,6500,Jelenia Góra - Gdynia Gł.,Tczew,Sprzęt Elektroniczny
4117,2024-11-02,5422,Olsztyn Gł. - Racibórz,Sosnowiec Główny,Sprzęt Sportowy
4118,2024-11-02,8304,Szczecin Gł. - Przemyśl Gł.,Przemyśl Główny,Artykuły Dziecięce
4119,2024-10-31,5320,Olsztyn Główny -Kraków Główny,Kraków Główny,Ubranie
4120,2024-10-31,7322,Poznań Głowny -Kraków Główny,Kraków Główny,Ubranie
4121,2024-11-02,8320,Szczecin Główny -Kraków Główny,Kraków Główny,Ubranie
4122,2024-11-02,85106,,Olsztyn Główny,Sprzęt Elektroniczny
4123,2024-11-02,38100,Rzeszów Główny - Szczecinek,Piła Główna,Etui
4124,2024-11-02,5350,Gdynia Gł. - Kraków Gł.,Kraków Główny,Walizka / Plecak
4125,2024-11-02,31106,Przemyśl-Warszawa,Warszawa Olszynka Grochowska,Portfel
4126,2024-11-02,65102,Wrocław Gł. - Olsztyn Gł.,Toruń Wsch.,Etui
4127,2024-11-01,5324,Olsztyn Główny - Kraków Główny,Kraków Główny,Sprzęt Elektroniczny
4128,2024-11-02,5328,Olsztyn Główny - Kraków Główny,Kraków Główny,Telefon
4129,2024-11-01,5306,Gdynia Główna - Kraków Główny,Kraków Główny,Sprzęt Elektroniczny
4130,2024-11-01,44000,,Katowice,Walizka / Plecak
4131,2024-11-02,12101,Chełm-Warszawa Wschodnia,Warszawa Olszynka Grochowska,Dokument/Y
4132,2024-11-01,25100,Chełm - Bydgoszcz Gł.,Solec Kujawski,Ubranie
4133,2024-11-01,3526,Kraków Gł. - Olsztyn Gł.,Olsztyn Główny,Sprzęt Elektroniczny
4134,2024-11-01,3600,Przemyśl Gł. - Wrocław Gł.,Wrocław Główny,Ubranie
4135,2024-11-01,2100,Lublin Gł. - Łódź Fabryczna,Koluszki,Walizka / Plecak
4136,2024-11-01,5312,Gdynia Gł. - Przemyśl Gł.,Przemyśl Główny,Walizka / Plecak
4137,2024-10-31,63100,Wrocław - Kraków,Kraków Główny,Ubranie
4138,2024-11-01,53173,Gdynia - Kraków,Kraków Główny,Ubranie
4139,2024-11-01,35102,Zakopane - Gdynia Gł.,Prabuty,Sprzęt Elektroniczny
4140,2024-11-01,3122,Kraków Gł. - Warszawa Wsch.,Warszawa Służewiec,Telefon
4141,2024-11-01,3108,Kraków Gł. - Warszawa Wsch.,Warszawa Wschodnia,Walizka / Plecak
4142,2024-11-01,6302,Wrocław Gł. - Przemyśl Gł.,Przemyśl Główny,Walizka / Plecak
4143,2024-11-01,6302,Wrocław Gł. - Przemyśl Gł.,Jarosław,Ubranie
4144,2024-10-31,5324,Olsztyn - Kraków,Kraków Główny,Artykuły Dziecięce
4145,2024-10-30,1312,Warszawa - Kraków,Kraków Główny,Ubranie
4146,2024-10-30,5334,Bydgoszcz - Kraków,Kraków Główny,Ubranie
4147,2024-11-01,2700,Lublin Gł. - Żary,Katowice,Sprzęt Elektroniczny
4148,2024-10-31,13000,Mockava - Kraków,Kraków Główny,Obuwie
4149,2024-11-01,6504,Wrocław Gł. - Gdynia Gł.,Gdynia Główna,Sprzęt Elektroniczny
4150,2024-10-31,5306,Gdynia - Kraków,Kraków Główny,Ubranie
4151,2024-11-01,4522,Racibórz - Olsztyn Gł.,Warszawa Wschodnia,Sprzęt Elektroniczny
4152,2024-11-01,35170,Zakopane - Gdynia Gł.,Działdowo,Sprzęt Elektroniczny
4153,2024-11-01,61108,Wrocław Gł. - Warszawa Wsch.,Warszawa Wschodnia,Ubranie
4154,2024-11-01,83172,Świnoujście - Przemyśl Gł.,Kraków Płaszów,Dokument/Y
4155,2024-11-01,21101,,Warszawa Olszynka Grochowska,Ubranie
4156,2024-10-31,31100,Przemyśl Gł. - Warszawa Wsch.,Warszawa Wschodnia,Reklamówka / Torba
4157,2024-10-31,5314,Gdynia Gł. - Przemyśl Gł.,Przemyśl Główny,Sprzęt Elektroniczny
4158,2024-10-31,5314,Gdynia Gł. - Przemyśl Gł.,Przemyśl Główny,Reklamówka / Torba
4159,2024-10-31,4121,Bielsko Biała - Warszawa,Warszawa Olszynka Grochowska,Reklamówka / Torba
4160,2024-10-31,3500,Kraków Gł. - Gdynia Gł.,Gdynia Główna,Reklamówka / Torba
4161,2024-10-31,36102,Kraków Gł. - Jelenia Góra,Jelenia Góra,Walizka / Plecak
4162,2024-10-31,18106,Warszawa - Szczecin Główny,Warszawa Olszynka Grochowska,Dokument/Y
4163,2024-10-31,82100,Szczecin Gł. - Lublin Gł.,Lublin Główny,Reklamówka / Torba
4164,2024-10-31,42100,Katowice - Lublin Gł.,Lublin Główny,Sprzęt Elektroniczny
4165,2024-10-31,68102,Wrocław Gł. - Słupsk,Białogard,Reklamówka / Torba
4166,2024-10-31,4524,Bielsko-Biała Gł. - Olsztyn Gł.,Olsztyn Główny,Ubranie
4167,2024-10-31,3550,Kraków Gł. - Gdynia Gł.,Gdynia Główna,Parasol
4168,2024-10-31,1422,Białystok - Bielsko-Biała Gł.,Bielsko-Biała Główna,Walizka / Plecak
4169,2024-10-31,8304,Szczecin Gł. - Przemyśl Gł.,Przemyśl Główny,Ubranie
4170,2024-10-30,33162,Łupków-Kraków,Kraków Główny,Reklamówka / Torba
4171,2024-10-31,3504,Kraków Gł. - Gdynia Gł.,Gdynia Główna,Sprzęt Elektroniczny
4172,2024-10-31,106,Graz Hbf - Przemyśl Gł.,Przemyśl Główny,Ubranie
4173,2024-10-31,5300,Gdynia Główna -Kraków Główny,Kraków Główny,Książka
4174,2024-10-31,1306,Warszawa Wschodnia -Kraków Główny,Kraków Główny,Sprzęt Elektroniczny
4175,2024-10-31,1304,Warszawa Wschodnia -Kraków Główny,Kraków Główny,Ubranie
4176,2024-10-30,5306,Gdynia Główna -Kraków Główny,Kraków Główny,Rzeczy Osobiste
4177,2024-10-30,5334,Bydgoszcz Główna -Kraków Główny,Kraków Główny,Sprzęt Elektroniczny
4178,2024-10-31,9106,Łódź Fabryczna - Warszawa Wsch.,Warszawa Wschodnia,Walizka / Plecak
4179,2024-10-31,rzeczy przyniesione hurtowo z Warsu,Brak,Warszawa Olszynka Grochowska,Sprzęt Elektroniczny
4180,2024-10-31,6302,Wrocław Gł. - Przemyśl Gł.,Przemyśl Główny,Walizka / Plecak
4181,2024-10-31,3520,Kraków Gł. - Olsztyn Gł.,Olsztyn Główny,Reklamówka / Torba
4182,2024-10-31,3520,Kraków Gł. - Olsztyn Gł.,Olsztyn Główny,Ubranie
4183,2024-10-31,61104,Wrocław Gł. - Białystok,Białystok,Portfel
4184,2024-10-31,2520,Lublin Gł. - Bydgoszcz Gł.,Lublin Główny,Walizka / Plecak
4185,2024-10-31,5400,Gdynia Gł. - Gliwice,Gliwice,Ubranie
4186,2024-10-31,5400,Gdynia Gł. - Gliwice,Sosnowiec Główny,Reklamówka / Torba
4187,2024-10-31,61102,Wrocław Gł. - Warszawa Wsch.,Warszawa Wschodnia,Telefon
4188,2024-10-31,6300,Wrocław Gł. - Przemyśl Gł.,Przemyśl Główny,Walizka / Plecak
4189,2024-10-31,86102,Słupsk - Wrocław Gł.,Wrocław Główny,Rzeczy Osobiste
4190,2024-10-31,56,Przemyśl Gł. - Berlin Hbf,Gliwice,Parasol
4191,2024-10-31,57108,Gdynia Gł. - Zielona Góra Gł.,Zielona Góra Główna,Etui
4192,2024-10-31,1350,Warszawa Wsch. - Zakopane,Kraków Główny,Etui
4193,2024-10-31,3514,Przemyśl Gł. - Gdynia Gł.,Kraków Główny,Walizka / Plecak
4194,2024-10-31,32100,Kraków Gł. - Lublin Gł.,Lublin Główny,Sprzęt Elektroniczny
4195,2024-10-08,28104,Hrubieszów Miasto - Świnoujście,Szczecin Główny,Walizka / Plecak
4196,2024-10-31,36106,Kraków Gł. - Jelenia Góra,Zabrze,Sprzęt Elektroniczny
4197,2024-10-31,68104,Wrocław Gł. - Szczecin Gł.,Wrocław Główny,Dokument/Y
4198,2024-10-29,25100,Chełm - Bydgoszcz,Bydgoszcz Główna,Sprzęt Elektroniczny
4199,2024-10-28,,,Bydgoszcz Główna,Książka
4200,2024-10-30,16106,Białystok - Wrocław Gł.,Wrocław Główny,Rzeczy Osobiste
4201,2024-10-30,13106,Warszawa Wsch. - Przemyśl Gł.,Sandomierz,Ubranie
4202,2024-10-30,3526,Kraków Gł. - Olsztyn Gł.,Olsztyn Główny,Reklamówka / Torba
4203,2024-10-30,3700,Przemyśl Gł. - Poznań Gł.,Poznań Główny,Rzeczy Osobiste
4204,2024-10-30,5102,Gdynia Gł. - Warszawa Zach.,Warszawa Zachodnia,Ubranie
4205,2024-10-30,5604,Gdynia Gł. - Wrocław Gł.,Wrocław Główny,Ubranie
4206,2024-10-30,6122,Wrocław Gł. - Warszawa Wsch.,Warszawa Centralna,Walizka / Plecak
4207,2024-10-30,5320,Olsztyn Gł. - Kraków Gł.,Kraków Główny,Walizka / Plecak
4208,2024-10-30,3550,Kraków Gł. - Gdynia Gł.,Gdynia Główna,Walizka / Plecak
4209,2024-10-30,8306,Kołobrzeg - Kraków Gł.,Poznań Główny,Dokument/Y
4210,2024-10-30,6105,Wrocław-Warszawa,Warszawa Olszynka Grochowska,Ubranie
4211,2024-10-30,6124,Wrocław Gł. - Białystok,Białystok,Książka
4212,2024-10-30,19132,Warszawa Wsch. - Łódź Fabryczna,Łódź Fabryczna,Sprzęt Elektroniczny
4213,2024-10-30,3560,Zakopane - Gdynia Gł.,Gdynia Główna,Portfel
4214,2024-10-30,1908,Warszawa Wsch. - Łódź Fabryczna,Łódź Fabryczna,Reklamówka / Torba
4215,2024-10-30,5324,Olsztyn Gł. - Kraków Gł.,Kraków Główny,Sprzęt Elektroniczny
4216,2024-10-30,25100,Chełm - Bydgoszcz Gł.,Dęblin,Telefon
4217,2024-10-30,57100,Olsztyn Gł. - Zielona Góra Gł.,Zielona Góra Główna,Rzeczy Osobiste
4218,2024-10-30,5426,Gdynia Gł. - Katowice,Katowice,Artykuły Muzyczne
4219,2024-10-30,5426,Gdynia Gł. - Katowice,Katowice,Walizka / Plecak
4220,2024-10-30,28100,Lublin Gł. - Szczecin Gł.,Piła Główna,Sprzęt Turystyczny
4221,2024-10-30,17100,Warszawa Wsch. - Zielona Góra Gł.,Zielona Góra Główna,Sprzęt Turystyczny
4222,2024-10-30,1602,Warszawa Wsch. - Jelenia Góra,Jelenia Góra,Sprzęt Elektroniczny
4223,2024-10-29,3806,Kraków Gł. - Kołobrzeg,Poznań Główny,Saszetka / Nerka
4224,2024-10-30,85108,Szczecin Gł. - Olsztyn Gł.,Olsztyn Główny,Ubranie
4225,2024-10-30,3722,Kraków Gł. - Poznań Gł.,Poznań Główny,Telefon
4226,2024-10-30,24100,Lublin Gł. - Katowice,Katowice,Etui
4227,2024-10-30,7300,Poznań Gł. - Przemyśl Gł.,Tarnów,Ubranie
4228,2024-10-30,3722,Kraków Gł. - Poznań Gł.,Koło,Ubranie
4229,2024-10-30,38100,Rzeszów Główny - Szczecinek,Dęblin,Etui
4230,2024-10-30,5400,Gdynia Gł. - Gliwice,Warszawa Wschodnia,Sprzęt Elektroniczny
4231,2024-10-30,3806,Kraków Gł. - Kołobrzeg,Wrocław Główny,Reklamówka / Torba
4232,2024-10-29,6301,Wrocław -Przemyśl Gł.,Przemyśl Główny,Artykuły Medyczne
4233,2024-10-29,13101,Warszawa-Przemysl Gł.,Przemyśl Główny,Rzeczy Osobiste
4234,2024-10-28,6303,Wrocław Gł.-Przemyśl Gł.,Przemyśl Główny,Sprzęt Elektroniczny
4235,2024-10-30,73000,Berlin -Przemyśl Gł,Przemyśl Główny,Sprzęt Elektroniczny
4236,2024-10-30,35172,Kraków Gł. - Gdynia Gł.,Gdynia Główna,Walizka / Plecak
4237,2024-10-29,5320,Olsztyn-Kraków,Kraków Główny,Dokument/Y
4238,2024-10-30,5422,Olsztyn Gł. - Racibórz,Racibórz,Artykuły Spożywcze
4239,2024-10-30,5422,Olsztyn Gł. - Racibórz,Racibórz,Reklamówka / Torba
4240,2024-10-29,6120,Wrocław Gł. - Warszawa Wsch.,Warszawa Wschodnia,Walizka / Plecak
4241,2024-10-29,82104,Świnoujście - Hrubieszów Miasto,Hrubieszów Miasto,Ubranie
4242,2024-10-29,1220,Warszawa Wsch. - Kielce Główne,Suchedniów,Reklamówka / Torba
4243,2024-10-29,86104,Szczecin Gł. - Wrocław Gł.,Wrocław Główny,Reklamówka / Torba
4244,2024-10-29,102,Wien Hbf - Kraków Gł.,Kraków Główny,Ubranie
4245,2024-10-29,85104,Szczecin Gł. - Olsztyn Gł.,Olsztyn Główny,Ubranie
4246,2024-10-29,84102,Słupsk - Bielsko-Biała Gł.,Bielsko-Biała Główna,Ubranie
4247,2024-10-29,84102,Słupsk - Bielsko-Biała Gł.,Bielsko-Biała Główna,Sprzęt Elektroniczny
4248,2024-10-29,83102,Świnoujście - Kraków Gł.,Wrocław Główny,Kosztowności
4249,2024-10-29,33112,Zagórz - Kraków Gł.,Zarszyn,Telefon
4250,2024-10-29,1304,Warszawa - Kraków,Kraków Główny,Książka
4251,2024-10-29,5302,Gdynia - Kraków,Kraków Główny,Sprzęt Elektroniczny
4252,2024-10-29,5300,Gdynia - Kraków,Kraków Główny,Ubranie
4253,2024-10-29,53173,Gdynia - Kraków,Kraków Główny,Sprzęt Elektroniczny
4254,2024-10-29,18104,Białystok - Szczecin Gł.,Koszalin,Artykuły Dziecięce
4255,2024-10-29,3506,Kraków Gł. - Gdynia Gł.,Gdynia Główna,Ubranie
4256,2024-10-28,5326,Olsztyn Gówny -Kraków Główny,Kraków Główny,Walizka / Plecak
4257,2024-10-29,5320,Olsztyn Główny -Kraków Główny,Kraków Główny,Ubranie
4258,2024-10-29,81107,Szczecin Gł. - Warszawa Wsch.,Warszawa Wschodnia,Walizka / Plecak
4259,2024-10-29,5350,Gdynia Gł. - Kraków Gł.,Kraków Główny,Książka
4260,2024-10-27,5602,Gdynia Gł. - Wrocław Gł.,Wrocław Główny,Książka
4261,2024-10-29,5312,Gdynia Główna -Kraków Główny,Kraków Główny,Rzeczy Osobiste
4262,2024-10-28,5306,Gdynia Główna -Kraków Główny,Kraków Główny,Książka
4263,2024-10-28,7322,Poznań Główny -Kraków Główny,Kraków Główny,Sprzęt Elektroniczny
4264,2024-10-29,3508,Rzeszów Główny - Gdynia Gł.,Gdynia Główna,Ubranie
4265,2024-10-29,61106,Wrocław Gł. - Białystok,Tłuszcz,Walizka / Plecak
4266,2024-10-29,71105,Poznań Gł. - Warszawa Wsch.,Warszawa Olszynka Grochowska,Walizka / Plecak
4267,2024-10-29,311,Bohumin - Lublin Gł.,Łańcut,Etui
4268,2024-10-28,21010,Dorohusk- Warszawa Wschodnia,Dorohusk,Etui
4269,2024-10-29,7500,Poznań Gł. - Gdynia Gł.,Inowrocław,Telefon
4270,2024-10-29,73104,Zielona Góra Gł. - Przemyśl Gł.,Zielona Góra Główna,Walizka / Plecak
4271,2024-10-29,71101,Poznań-Warszawa,Warszawa Olszynka Grochowska,Reklamówka / Torba
4272,2024-10-29,71101,Poznań -Warszawa,Olszyna Grochowska,Reklamówka / Torba
4273,2024-10-28,3700,,Poznań Główny,Sprzęt Elektroniczny
4274,2024-10-29,3534,Kraków - Bydgoszcz,Bydgoszcz Główna,Sprzęt Elektroniczny
4275,2024-10-29,82104,Świnoujście - Hrubieszów Miasto,Hrubieszów Miasto,Dokument/Y
4276,2024-10-28,3533,Rzeszów - Bydgoszcz,Bydgoszcz Główna,Sprzęt Elektroniczny
4277,2024-10-28,5314,Gdynia Gł. - Przemyśl Gł.,Przemyśl Główny,Ubranie
4278,2024-10-28,4500,Bielsko-Biała Gł. - Gdynia Gł.,Warszawa Wschodnia,Sprzęt Elektroniczny
4279,2024-10-28,5308,Gdynia Gł. - Rzeszów Główny,Rzeszów Główny,Saszetka / Nerka
4280,2024-10-28,5360,Gdynia Gł. - Zakopane,Zakopane,Sprzęt Turystyczny
4281,2024-10-28,1512,Warszawa Zach. - Gdynia Gł.,Gdynia Główna,Reklamówka / Torba
4282,2024-10-28,6124,Wrocław-Białystok,Białystok,Sprzęt Elektroniczny
4283,2024-10-28,83102,Świnoujście-Kraków,Kraków Główny,Reklamówka / Torba
4284,2024-10-28,5304,Gdynia-Kraków,Kraków Główny,Ubranie
4285,2024-10-28,3524,Kraków Gł. - Olsztyn Gł.,Olsztyn Główny,Walizka / Plecak
4286,2024-10-28,3520,Kraków-Olsztyn,Olsztyn Główny,Artykuły Biurowe
4287,2024-10-28,3522,Kraków Gł. - Olsztyn Gł.,Olsztyn Główny,Sprzęt Elektroniczny
4288,2024-10-28,73104,Zielona Góra Gł. - Przemyśl Gł.,Przemyśl Główny,Walizka / Plecak
4289,2024-10-28,18114,Łódź Fabryczna - Kołobrzeg,Lębork,Reklamówka / Torba
4290,2024-10-28,57100,Olsztyn Gł. - Zielona Góra Gł.,Zielona Góra Główna,Sprzęt Elektroniczny
4291,2024-10-28,25100,Chełm - Bydgoszcz Gł.,Chełm,Etui
4292,2024-10-28,3524,Kraków Gł. - Olsztyn Gł.,Warszawa Centralna,Rzeczy Osobiste
4293,2024-10-27,3602,Przemyśl Gł. - Wrocław Gł.,Wrocław Główny,Sprzęt Elektroniczny
4294,2024-10-24,5604,Gdynia Gł. - Wrocław Gł.,Wrocław Główny,Artykuły Medyczne
4295,2024-10-28,3520,Kraków Gł. - Olsztyn Gł.,Olsztyn Główny,Sprzęt Elektroniczny
4296,2024-10-28,65102,Wrocław Gł. - Olsztyn Gł.,Olsztyn Główny,Książka
4297,2024-10-27,3600,Przemyśl Gł. - Wrocław Gł.,Wrocław Główny,Książka
4298,2024-10-28,109,Gdynia Gł. - Wien Hbf,Działdowo,Walizka / Plecak
4299,2024-10-25,16106,Białystok - Wrocław Gł.,Wrocław Główny,Akcesoria Dla Zwierząt
4300,2024-10-28,1500,Warszawa Zach. - Gdynia Gł.,Gdynia Główna,Sprzęt Elektroniczny
4301,2024-10-28,5332,Bydgoszcz Gł. - Rzeszów Główny,Rzeszów Główny,Dokument/Y
4302,2024-10-27,4122,Bielsko- Biała- Białystok,Bielsako- Biała,Artykuły Medyczne
4303,2024-10-28,1320,Warszawa Wsch. - Zakopane,Zakopane,Artykuły Medyczne
4304,2024-10-28,1400,Warszawa Wsch. - Bielsko-Biała Gł.,Bielsko-Biała Główna,Etui
4305,2024-10-25,5313,Gdynia -Przemyśl Gł.,Przemyśl Główny,Portfel
4306,2024-10-28,3510,Kraków Gł. - Gdynia Gł.,Gdynia Główna,Ubranie
4307,2024-10-28,3510,Kraków Gł. - Gdynia Gł.,Gdynia Główna,Walizka / Plecak
4308,2024-10-28,7320,Poznań Gł. - Kraków Gł.,Łódź Widzew,Walizka / Plecak
4309,2024-10-25,5313,Gdynia Gł -Przemyśl Gł,Bakończyce -Przemyśl,Książka
4310,2024-10-26,6302,Wrocław Gł Przemyśl Gł,Przemyśl Bakończyce,Artykuły Muzyczne
4311,2024-10-28,56104,Olsztyn Gł. - Wrocław Gł.,Wrocław Główny,Portfel
4312,2024-10-27,73105,Zielona Góra-Przemyśl Gł,Przemyśl Bakończyce,Sprzęt Sportowy
4313,2024-10-28,1200,Łódź Fabryczna - Lublin Gł.,Lublin Główny,Walizka / Plecak
4314,2024-10-28,75102,Poznań Gł. - Olsztyn Gł.,Olsztyn Główny,Ubranie
4315,2024-10-28,21102,Lublin Gł. - Warszawa Zach.,Warszawa Zachodnia,Sprzęt Turystyczny
4316,2024-10-24,5620,,Wrocław Główny,Reklamówka / Torba
4317,2024-10-24,5620,,Wrocław Główny,Sprzęt Elektroniczny
4318,2024-10-24,5600,,Wrocław Główny,Sprzęt Elektroniczny
4319,2024-10-24,16106,,Wrocław Główny,Sprzęt Elektroniczny
4320,2024-10-24,1622,,Wrocław Główny,Sprzęt Elektroniczny
4321,2024-10-24,16108,,Wrocław Główny,Reklamówka / Torba
4322,2024-10-24,1626,,Wrocław Główny,Książka
4323,2024-10-24,3600,,Wrocław Główny,Reklamówka / Torba
4324,2024-10-25,5602,,Wrocław Główny,Dokument/Y
4325,2024-10-28,5103,Gdynia -Warszawa Wschodnia,Warszawa Olszynka Grochowska,Ubranie
4326,2024-10-27,2100,Lublin Łódź,Łódź Widzew,Reklamówka / Torba
4327,2024-10-27,81114,Kołobrzeg-Łódź,Łódź Widzew,Sprzęt Elektroniczny
4328,2024-10-27,6500,Jelenia Góra - Gdynia Gł.,Gdynia Główna,Reklamówka / Torba
4329,2024-10-27,1602,Warszawa Wsch. - Jelenia Góra,Jelenia Góra,Reklamówka / Torba
4330,2024-10-27,4124,Katowice - Płock,Łęczyca,Rzeczy Osobiste
4331,2024-10-27,1312,Warszawa Wsch. - Kraków Gł.,Kraków Główny,Ubranie
4332,2024-10-27,1512,Warszawa Zach. - Gdynia Gł.,Gdynia Główna,Obuwie
4333,2024-10-27,4560,Wisła Uzdr. - Olsztyn Gł.,Olsztyn Główny,Walizka / Plecak
4334,2024-10-27,5320,Olsztyn Gł. - Kraków Gł.,Kraków Główny,Sprzęt Elektroniczny
4335,2024-10-27,5320,Olsztyn Gł. - Kraków Gł.,Kraków Główny,Parasol
4336,2024-10-27,130,Chałupki - Warszawa Wsch.,Warszawa Wschodnia,Ubranie
4337,2024-10-27,1106,Białystok - Łódź Fabryczna,Warszawa Zachodnia,Sprzęt Elektroniczny
4338,2024-10-27,3550,Kraków Gł. - Gdynia Gł.,Gdynia Główna,Reklamówka / Torba
4339,2024-10-27,5306,Gdynia Gł. - Kraków Gł.,Kraków Główny,Etui
4340,2024-10-27,5127,Bydgoszcz Gł. - Warszawa Wsch.,Warszawa Wschodnia,Reklamówka / Torba
4341,2024-10-27,4500,Bielsko-Biała Gł. - Gdynia Gł.,Pszczyna,Rzeczy Osobiste
4342,2024-10-27,3504,Kraków Gł. - Gdynia Gł.,Gdynia Główna,Sprzęt Elektroniczny
4343,2024-10-27,11102,Warszawa Zach. - Terespol,Łuków,Telefon
4344,2024-10-24,63102,Jelenia Góra -Kraków Główny,Kraków Główny,Książka
4345,2024-10-23,13102,Warszawa Wschodnia -Kraków Główny,Kraków Główny,Książka
4346,2024-10-23,13102,Warszawa Wschodnia -Kraków Glówny,Kraków Główny,Ubranie
4347,2024-10-27,5350,Gdynia Główna -Kraków Główny,Kraków Główny,Rzeczy Osobiste
4348,2024-10-27,1306,Warszawa Wschodnia -Kraków Główny,Kraków Główny,Książka
4349,2024-10-27,5125,Łódź-Warszawa,Warszawa Olszynka Grochowska,Artykuły Muzyczne
4350,2024-10-27,1304,Warszawa Wschodnia - Kraków Główny,Kraków Główny,Etui
4351,2024-10-22,1322,Warszawa Wschodnia -Kraków Główny,Kraków Główny,Rzeczy Osobiste
4352,2024-10-26,8320,Szczecin Główny - Kraków Główny,Kraków Główny,Ubranie
4353,2024-10-22,7320,Poznań Główny-Kraków Główny,Kraków Główny,Ubranie
4354,2024-10-26,73102,Poznań Główny - Kraków Główny,Kraków Główny,Książka
4355,2024-10-26,83171,Kołobrzeg -Kraków Główny,Kraków Główny,Rzeczy Osobiste
4356,2024-10-27,2700,Lublin Gł. - Żary,Wrocław Główny,Ubranie
4357,2024-10-27,2700,Lublin Gł. - Żary,Wrocław Główny,Rzeczy Osobiste
4358,2024-10-26,5300,Gdynia Główna -Kraków Główny,Kraków Główny,Książka
4359,2024-10-26,5306,Gdynia Główna-Kraków Główny,Kraków Główny,Etui
4360,2024-10-26,5306,Gdynia Główna - Kraków Główny,Kraków Główny,Rzeczy Osobiste
4361,2024-10-27,58104,Olsztyn Gł. - Szczecin Gł.,Słupsk,Reklamówka / Torba
4362,2024-10-27,75124,Poznań Gł. - Gdynia Gł.,Gdynia Główna,Reklamówka / Torba
4363,2024-10-27,144,Kraków Gł. - Vilnius(Lt),Suwałki,Dokument/Y
4364,2024-10-27,4508,Gliwice - Gdynia Gł.,Gdynia Główna,Rzeczy Osobiste
4365,2024-10-27,1320,Warszawa Wsch. - Zakopane,Zakopane,Artykuły Muzyczne
4366,2024-10-27,5302,Gdynia Gł. - Kraków Gł.,Kraków Główny,Ubranie
4367,2024-10-26,8306,Kołobrzeg-Kraków Główny,Katowice Ligota,Reklamówka / Torba
4368,2024-10-26,3534,Kraków Gł.-Bydgoszcz Gł.,Bydgoszcz Główna,Ubranie
4369,2024-10-26,5422,Olsztyn Gł. - Racibórz,Racibórz,Artykuły Biurowe
4370,2024-10-26,5422,Olsztyn Gł. - Racibórz,Racibórz,Ubranie
4371,2024-10-26,3532,Rzeszów Główny - Bydgoszcz Gł.,Bydgoszcz Główna,Walizka / Plecak
4372,2024-10-26,5310,Gdynia Gł. - Kraków Gł.,Kraków Główny,Telefon
4373,2024-10-26,5122,Olsztyn Gł. - Łódź Fabryczna,Łódź Fabryczna,Rzeczy Osobiste
4374,2024-10-26,3600,Przemyśl Gł. - Wrocław Gł.,Wrocław Główny,Ubranie
4375,2024-10-26,5308,Gdynia Gł. - Rzeszów Główny,Warszawa Zachodnia,Rzeczy Osobiste
4376,2024-10-26,8306,Kołobrzeg - Kraków Gł.,Katowice Ligota,Reklamówka / Torba
4377,2024-10-26,52100,Bydgoszcz Gł. - Chełm,Chełm,Dokument/Y
4378,2024-10-26,3150,Zakopane - Warszawa Wsch.,Warszawa Wschodnia,Książka
4379,2024-10-26,16102,Warszawa Wsch. - Wrocław Gł.,Wrocław Główny,Rzeczy Osobiste
4380,2024-10-26,16102,Warszawa Wsch. - Wrocław Gł.,Oleśnica Rataje,Reklamówka / Torba
4381,2024-10-26,2700,Lublin Gł. - Żary,Żary,Walizka / Plecak
4382,2024-10-26,3560,Zakopane - Gdynia Gł.,Gdynia Główna,Reklamówka / Torba
4383,2024-10-26,81103,Szczecin Gł. - Suwałki,Łowicz Główny,Etui
4384,2024-10-26,5312,Gdynia Gł. - Kraków Gł.,Kraków Główny,Reklamówka / Torba
4385,2024-10-26,5312,Gdynia Gł. - Kraków Gł.,Kraków Główny,Ubranie
4386,2024-10-26,5300,Gdynia-Kraków,Kraków Główny,Etui
4387,2024-10-26,3514,Przemyśl Gł. - Gdynia Gł.,Inowrocław,Sprzęt Elektroniczny
4388,2024-10-26,3560,Zakopane - Gdynia,Bydgoszcz Główna,Ubranie
4389,2024-10-26,5300,Gdynia-Kraków,Kraków Główny,Reklamówka / Torba
4390,2024-10-25,5306,Gdynia-Kraków,Kraków Główny,Ubranie
4391,2024-10-25,5306,Gdyna-Kraków,Kraków Główny,Reklamówka / Torba
4392,2024-10-26,3108,Kraków Gł. - Warszawa Wsch.,Warszawa Wschodnia,Ubranie
4393,2024-10-26,17100,Warszawa Wsch. - Zielona Góra Gł.,Zielona Góra Główna,Dokument/Y
4394,2024-10-26,3150,Zakopane - Warszawa Wsch.,Zakopane,Rzeczy Osobiste
4395,2024-10-26,81107,Szczecin Gł. - Warszawa Wsch.,Warszawa Centralna,Sprzęt Elektroniczny
4396,2024-10-26,62100,Wrocław Gł. - Lublin Gł.,Kielce Główne,Reklamówka / Torba
4397,2024-10-26,57104,Gdynia Gł. - Zielona Góra Gł.,Gdańsk Główny,Telefon
4398,2024-10-26,2700,Lublin Gł. - Żary,Gliwice,Reklamówka / Torba
4399,2024-10-26,61104,Wrocław Gł. - Białystok,Łochów,Walizka / Plecak
4400,2024-10-26,8320,Szczecin Gł. - Kraków Gł.,Chorzów Batory,Telefon
4401,2024-10-26,311,Bohumin - Lublin Gł.,Lublin Główny,Ubranie
4402,2024-10-26,48102,Bielsko-Biała Gł. - Słupsk,Rawicz,Telefon
4403,2024-10-19,,,Bydgoszcz Główna,Dokument/Y
4404,2024-10-26,6102,Jelenia Góra - Warszawa Wsch.,Warszawa Wschodnia,Reklamówka / Torba
4405,2024-10-26,406,München Hbf - Warszawa Wsch.,Warszawa Centralna,Reklamówka / Torba
4406,2024-10-25,81103,Szczecin Gł. - Białystok,Białystok,Sprzęt Elektroniczny
4407,2024-10-26,6126,Zgorzelec - Warszawa Wsch.,Zgorzelec,Książka
4408,2024-10-26,41003,Wieden-Warszawa,Warszawa Olszynka Grochowska,Walizka / Plecak
4409,2024-10-25,5406,Gdynia Gł. - Bielsko-Biała Gł.,Bielsko-Biała Główna,Książka
4410,2024-10-25,5406,Gdynia Gł. - Bielsko-Biała Gł.,Bielsko-Biała Główna,Reklamówka / Torba
4411,2024-10-25,5406,Gdynia Gł. - Bielsko-Biała Gł.,Bielsko-Biała Główna,Sprzęt Elektroniczny
4412,2024-10-25,18110,Warszawa Wsch. - Piła Gł.,Piła Główna,Artykuły Medyczne
4413,2024-10-25,84100,Słupsk - Katowice,Katowice,Ubranie
4414,2024-10-25,5700,Gdynia Gł. - Poznań Gł.,Poznań Główny,Ubranie
4415,2024-10-25,3534,Kraków Gł. - Bydgoszcz Gł.,Toruń Główny,Walizka / Plecak
4416,2024-10-25,5314,Gdynia Gł. - Przemyśl Gł.,Krzeszowice,Dokument/Y
4417,2024-10-25,81108,Szczecin Gł. - Łódź Kaliska,Łódź Kaliska,Walizka / Plecak
4418,2024-10-25,6120,Wrocław Gł. - Warszawa Wsch.,Zduńska Wola,Walizka / Plecak
4419,2024-10-25,18110,Warszawa Wsch. - Piła Gł.,Bydgoszcz Wsch.,Artykuły Spożywcze
4420,2024-10-25,57,Berlin Hbf - Przemyśl Gł.,Przemyśl Główny,Obuwie
4421,2024-10-25,15102,Warszawa Zach. - Gdynia Gł.,Gdynia Główna,Reklamówka / Torba
4422,2024-10-25,5124,Bydgoszcz Gł. - Warszawa Wsch.,Bydgoszcz Główna,Reklamówka / Torba
4423,2024-10-25,1106,Białystok - Łódź Fabryczna,Łódź Fabryczna,Walizka / Plecak
4424,2024-10-25,5312,Gdynia Gł. - Przemyśl Gł.,Przemyśl Główny,Sprzęt Turystyczny
4425,2024-10-25,5404,Gdynia Gł. - Gliwice,Zabrze,Etui
4426,2024-10-25,16102,Warszawa Wsch. - Wrocław Gł.,Wrocław Mikołajów,Sprzęt Elektroniczny
4427,2024-10-25,24000,Kraśnik-Bohumin,Lublin,Ubranie
4428,2024-10-25,1422,Białystok - Bielsko-Biała Gł.,Bielsko-Biała Główna,Rzeczy Osobiste
4429,2024-10-25,5100,Gdynia Gł. - Warszawa Zach.,Gdynia Główna,Walizka / Plecak
4430,2024-10-25,3514,Przemyśl Gł. - Gdynia Gł.,Gdynia Główna,Ubranie
4431,2024-10-25,26100,Lublin Gł. - Wrocław Gł.,Wrocław Główny,Walizka / Plecak
4432,2024-10-25,3514,Przemyśl Gł. - Gdynia Gł.,Gdynia Główna,Reklamówka / Torba
4433,2024-10-25,5127,Bydgoszcz Gł. - Warszawa Wsch.,Warszawa Zachodnia,Walizka / Plecak
4434,2024-10-25,130,Chałupki - Warszawa Wsch.,Warszawa Centralna,Sprzęt Turystyczny
4435,2024-10-24,57104,Zielona Gora,Zielona Gora,Walizka / Plecak
4436,2024-10-25,5402,Gdynia Gł. - Bielsko-Biała Gł.,Bielsko-Biała Główna,Walizka / Plecak
4437,2024-10-25,73104,Zielona Góra Gł. - Przemyśl Gł.,Przemyśl Główny,Walizka / Plecak
4438,2024-10-25,5302,Gdynia Główna -Kraków Główny,Kraków Główny,Rzeczy Osobiste
4439,2024-10-25,5350,Gdynia Główna -Kraków Główny,Kraków Główny,Ubranie
4440,2024-10-25,3506,Kraków Gł. - Gdynia Gł.,Gdynia Główna,Sprzęt Elektroniczny
4441,2024-10-25,18114,Łódź Fabryczna - Kołobrzeg,Wejherowo,Reklamówka / Torba
4442,2024-10-25,73104,Zielona Góra Gł. - Przemyśl Gł.,Przeworsk,Rzeczy Osobiste
4443,2024-10-25,1320,Warszawa Wsch. - Zakopane,Zakopane,Artykuły Spożywcze
4444,2024-10-25,48102,Bielsko-Biała Gł. - Słupsk,Poznań Główny,Saszetka / Nerka
4445,2024-10-24,6303,Wrocław Gł-Przemyśl Gł,Prtzemyśl Gł,Sprzęt Elektroniczny
4446,2024-10-24,83173,Szczecin Gł-Przemyśl Gł,Przemyśl Główny,Ubranie
4447,2024-10-23,8305,Szczecin-Przemyśl Gł,Przemyśl Główny,Ubranie
4448,2024-10-25,5400,Gdynia Gł. - Gliwice,Gliwice,Ubranie
4449,2024-10-25,1906,Warszawa Wsch. - Łódź Fabryczna,Łódź Fabryczna,Sprzęt Elektroniczny
4450,2024-10-25,1906,Warszawa Wsch. - Łódź Fabryczna,Łódź Fabryczna,Parasol
4451,2024-10-25,2520,Lublin Gł. - Bydgoszcz Gł.,Dęblin,Telefon
4452,2024-10-25,1302,Warszawa Wsch. - Kraków Gł.,Kraków Główny,Artykuły Spożywcze
4453,2024-10-25,4522,Racibórz - Olsztyn Gł.,Olsztyn Główny,Sprzęt Elektroniczny
4454,2024-10-25,53172,Gdynia Gł. - Kraków Gł.,Kraków Główny,Etui
4455,2024-10-25,5326,Olsztyn Gł. - Kraków Gł.,Kraków Główny,Etui
4456,2024-10-25,38170,Kraków Gł. - Kołobrzeg,Kołobrzeg,Walizka / Plecak
4457,2024-10-25,1006,Łódź Fabryczna - Białystok,Warszawa Wschodnia,Telefon
4458,2024-10-24,5102,Gdynia-Warszawa,Gdynia Grabówek,Dokument/Y
4459,2024-10-24,5406,Gdynia-Bielsko-Biała,Gdynia Grabówek,Rzeczy Osobiste
4460,2024-10-22,4506,Bielsko Biała-Gdynia Główna,Gdynia Grabówek,Sprzęt Elektroniczny
4461,2024-10-25,83171,Kołobrzeg - Kraków Gł.,Kraków Główny,Saszetka / Nerka
4462,2024-10-25,45150,Bielsko-Biała Gł. - Bydgoszcz Gł.,Bydgoszcz Główna,Ubranie
4463,2024-10-25,6304,Wrocław Gł. - Przemyśl Gł.,Przemyśl Główny,Reklamówka / Torba
4464,2024-10-25,5422,Olsztyn Gł. - Racibórz,Racibórz,Ubranie
4465,2024-10-24,3129,Kraków Gł. - Warszawa Wsch.,Włoszczowa Północ,Ubranie
4466,2024-10-24,65104,Wrocław Gł. - Olsztyn Gł.,Toruń Wsch.,Etui
4467,2024-10-24,26100,Lublin Gł. - Wrocław Gł.,Wrocław Główny,Ubranie
4468,2024-10-24,41010,Monachium -Warszawa Wschodnia,Warszawa Olszynka Grochowska,Dokument/Y
4469,2024-10-24,5328,Olsztyn-Kraków,Kraków Główny,Rzeczy Osobiste
4470,2024-10-23,5320,Olsztyn-Kraków,Kraków Główny,Sprzęt Turystyczny
4471,2024-10-24,5304,Gdynia-Kraków,Kraków Główny,Etui
4472,2024-10-24,3602,Przemyśl Gł. - Wrocław Gł.,Gliwice,Walizka / Plecak
4473,2024-10-24,108,Wien Hbf - Gdynia Gł.,Gdynia Główna,Sprzęt Elektroniczny
4474,2024-10-24,6302,Wrocław Gł. - Przemyśl Gł.,Przemyśl Główny,Sprzęt Elektroniczny
4475,2024-10-24,85104,Szczecin Gł. - Olsztyn Gł.,Lębork,Ubranie
4476,2024-10-24,106,Graz Hbf - Przemyśl Gł.,Przemyśl Główny,Sprzęt Elektroniczny
4477,2024-10-24,5314,Gdynia Gł. - Przemyśl Gł.,Oborniki Śląskie,Dokument/Y
4478,2024-10-24,61102,Wrocław Gł. - Warszawa Wsch.,Warszawa Wschodnia,Sprzęt Elektroniczny
4479,2024-10-24,1800,Szczecin-Warszawa,Warszawa Olszynka Grochowska,Sprzęt Elektroniczny
4480,2024-10-24,9104,Łódź Fabryczna - Warszawa Wsch.,Łódź Fabryczna,Reklamówka / Torba
4481,2024-10-24,25100,Chełm - Bydgoszcz Gł.,Chełm,Ubranie
4482,2024-10-24,8306,Kołobrzeg - Kraków Gł.,Poznań Główny,Reklamówka / Torba
4483,2024-10-24,4122,Bielsko-Biała Gł. - Białystok,Białystok,Rzeczy Osobiste
4484,2024-10-24,4122,Bielsko-Biała Gł. - Białystok,Białystok,Walizka / Plecak
4485,2024-10-24,62100,Wrocław Gł. - Lublin Gł.,Skarżysko-Kamienna,Książka
4486,2024-10-24,81114,Kołobrzeg - Łódź Fabryczna,Prabuty,Reklamówka / Torba
4487,2024-10-24,81107,Szczecin Gł. - Warszawa Wsch.,Warszawa Wschodnia,Walizka / Plecak
4488,2024-10-24,4520,Tychy - Gdynia Gł.,Gdynia Główna,Walizka / Plecak
4489,2024-10-24,56,Przemyśl Gł. - Berlin Hbf,Wrocław Główny,Saszetka / Nerka
4490,2024-10-24,17100,Warszawa Wsch. - Zielona Góra Gł.,Zielona Góra Główna,Sprzęt Elektroniczny
4491,2024-10-24,3722,Kraków Gł. - Poznań Gł.,Poznań Główny,Ubranie
4492,2024-10-24,6504,Wrocław Gł. - Gdynia Gł.,Gdańsk Główny,Walizka / Plecak
4493,2024-10-24,36100,Kraków Gł. - Wrocław Gł.,Wrocław Główny,Rzeczy Osobiste
4494,2024-10-24,16100,,Wrocław Główny,Walizka / Plecak
4495,2024-10-24,1902,Warszawa Wsch. - Łódź Fabryczna,Warszawa Wschodnia,Reklamówka / Torba
4496,2024-10-24,38170,Kraków Gł. - Kołobrzeg,Gdańsk Główny,Dokument/Y
4497,2024-10-23,57106,Gdynia - Poznań,Poznań Główny,Portfel
4498,2024-10-23,81108,Szczecin Gł.-Łódz Kaliska,Łódź Kaliska,Ubranie
4499,2024-10-23,4526,Katowice - Gdynia Gł.,Gdynia Główna,Rzeczy Osobiste
4500,2024-10-23,82102,Szczecin Gł. - Lublin Gł.,Kielce Główne,Telefon
4501,2024-10-23,82104,Świnoujście- Hrubieszów Miasto,Lublin Główny,Ubranie
4502,2024-10-23,9102,Łódź Fabryczna - Warszawa Wsch.,Warszawa Wschodnia,Walizka / Plecak
4503,2024-10-23,9100,Łódź Fabryczna - Warszawa Wsch.,Łódź Fabryczna,Sprzęt Elektroniczny
4504,2024-10-23,49,Berlin Hbf - Warszawa Wsch.,Warszawa Wschodnia,Artykuły Dziecięce
4505,2024-10-23,1306,Warszawa Wschodnia - Kraków Główny,Kraków Główny,Ubranie
4506,2024-10-23,5302,Gdynia Główna - Kraków Główny,Kraków Główny,Sprzęt Elektroniczny
4507,2024-10-23,5328,Olsztyn Główny - Kraków Główny,Kraków Główny,Książka
4508,2024-10-22,73100,Poznań Główny - Kraków Główny,Kraków Główny,Ubranie
4509,2024-10-23,5304,Gdynia Główna - Kraków Główny,Kraków Główny,Ubranie
4510,2024-10-23,1306,Warszawa Wschodnia - Kraków Główny,Kraków Główny,Sprzęt Turystyczny
4511,2024-10-23,1306,Warszawa Wschodnia - Kraków Główny,Kraków Główny,Rzeczy Osobiste
4512,2024-10-23,5300,Gdynia Główna - Kraków Główny,Kraków Główny,Ubranie
4513,2024-10-23,53172,Gdynia Główna - Kraków Główny,Kraków Główny,Sprzęt Turystyczny
4514,2024-10-23,6124,Wrocław Gł. - Białystok,Białystok,Sprzęt Agd
4515,2024-10-21,63100,Wrocław Główny - Kraków Główny,Kraków Główny,Rzeczy Osobiste
4516,2024-10-23,1302,Warszawa Wschodnia - Kraków Główny,Kraków Główny,Ubranie
4517,2024-10-23,2520,Lublin Gł. - Bydgoszcz Gł.,Kutno,Walizka / Plecak
4518,2024-10-23,5304,Gdynia Główna - Kraków Główny,Kraków Główny,Książka
4519,2024-10-22,33162,Łupków - Kraków Główny,Kraków Główny,Ubranie
4520,2024-10-23,108,Wien Hbf - Gdynia Gł.,Gdynia Główna,Saszetka / Nerka
4521,2024-10-23,11110,Terespol - Warszawa Zach.,Warszawa Zachodnia,Walizka / Plecak
4522,2024-10-23,8100,Szczecin Gł. - Warszawa Wsch.,Warszawa Olszynka Grochowska,Reklamówka / Torba
4523,2024-10-23,45,Berlin Hbf - Warszawa Wsch.,Warszawa Centralna,Ubranie
4524,2024-10-23,4506,Bielsko-Biała Gł. - Gdynia Gł.,Gdynia Główna,Rzeczy Osobiste
4525,2024-10-23,75104,Zielona Góra Gł. - Gdynia Gł.,Gdynia Główna,Sprzęt Elektroniczny
4526,2024-10-23,7300,Poznań Gł. - Przemyśl Gł.,Przemyśl Główny,Ubranie
4527,2024-10-23,53174,Gdynia Gł. - Zakopane,Zakopane,Dokument/Y
4528,2024-10-23,4110,Bielsko Biała - Warszawa Wsch.,Warszawa Olszynka Grochowska,Portfel
4529,2024-10-23,5400,Gdynia Gł. - Gliwice,Warszawa Zachodnia,Sprzęt Elektroniczny
4530,2024-10-23,3510,Kraków Gł. - Gdynia Gł.,Gdynia Główna,Telefon
4531,2024-10-23,75104,Zielona Góra Gł. - Gdynia Gł.,Poznań Główny,Walizka / Plecak
4532,2024-10-23,1524,Warszawa Wsch. - Bydgoszcz Gł.,Bydgoszcz Główna,Telefon
4533,2024-10-23,131,Warszawa Wsch. - Chałupki,Opoczno Południe,Sprzęt Elektroniczny
4534,2024-10-22,73000,Berlin-Przemysl Gł.,Przemyśl Główny,Dokument/Y
4535,2024-10-22,7301,Poznangł.-Przemyśl Gł.,Przemyśl Główny,Reklamówka / Torba
4536,2024-10-23,111,Ostrava-Svinov - Warszawa Wsch.,Sosnowiec Główny,Reklamówka / Torba
4537,2024-10-23,83171,Kołobrzeg - Kraków Gł.,Suchedniów,Telefon
4538,2024-10-17,3602,,Wrocław Główny,Reklamówka / Torba
4539,2024-10-23,13109,Kraków-Łódź,Łódź Kaliska,Telefon
4540,2024-10-22,82100,Szszecingł. - Lublingł.,Lublin,Artykuły Biurowe
4541,2024-10-22,17104,,Poznań Główny,Sprzęt Elektroniczny
4542,2024-10-22,1602,Warszawa Wsch. - Jelenia Góra,Jelenia Góra,Sprzęt Elektroniczny
4543,2024-10-22,6500,Jelenia Góra - Gdynia Gł.,Gdynia Główna,Sprzęt Elektroniczny
4544,2024-10-22,5304,Gdynia-Kraków,Kraków Główny,Książka
4545,2024-10-22,5350,Gdynia-Kraków,Kraków Główny,Ubranie
4546,2024-10-22,1306,Warszawa-Kraków,Kraków Główny,Etui
4547,2024-10-22,1306,Warszawa-Kraków,Kraków Główny,Ubranie
4548,2024-10-22,1302,Warszawa-Kraków,Kraków Główny,Ubranie
4549,2024-10-22,10100,Warszawa Wsch. - Białystok,Białystok Zielone Wzgórza,Sprzęt Sportowy
4550,2024-10-22,5306,Gdynia Gł. - Kraków Gł.,Kraków Główny,Sprzęt Elektroniczny
4551,2024-10-22,8306,Kołobrzeg - Kraków Gł.,Żmigród,Telefon
4552,2024-10-22,108,Wien Hbf - Gdynia Gł.,Gdynia Główna,Ubranie
4553,2024-10-22,25100,Chełm - Bydgoszcz Gł.,Warszawa Centralna,Reklamówka / Torba
4554,2024-10-22,5220,Bydgoszcz Gł. - Lublin Gł.,Lublin Główny,Dokument/Y
4555,2024-10-22,5424,Olsztyn Gł. - Bielsko-Biała Gł.,Bielsko-Biała Główna,Sprzęt Turystyczny
4556,2024-10-21,18110,Warszawa Wsch-Piła Gł,Bydgoszcz Główna,Rzeczy Osobiste
4557,2024-10-22,65102,Wrocław Gł. - Olsztyn Gł.,Olsztyn Główny,Ubranie
4558,2024-10-22,8320,Szczecin Gł. - Kraków Gł.,Kraków Główny,Dokument/Y
4559,2024-10-21,16106,,Wrocław Główny,Dokument/Y
4560,2024-10-21,26100,,Wrocław Główny,Ubranie
4561,2024-10-22,6126,Zgorzelec - Warszawa Wsch.,Warszawa Wschodnia,Dokument/Y
4562,2024-10-22,13100,Warszawa Wsch. - Przemyśl Gł.,Przemyśl Główny,Książka
4563,2024-10-22,31106,Przemyśl Gł. - Warszawa Wsch.,Warszawa Centralna,Reklamówka / Torba
4564,2024-10-22,41010,Budapeszt Warszawa Wschodnia,Warszawa Olszynka Grochowska,Sprzęt Elektroniczny
4565,2024-10-22,48100,Katowice - Słupsk,Poznań Główny,Ubranie
4566,2024-10-14,1604,,Wrocław Główny,Etui
4567,2024-10-14,1626,,Wrocław Główny,Książka
4568,2024-10-21,ZKA 932,Zbąszynek-Gorzów,Gorzów Wielkopolski,Dokument/Y
4569,2024-10-14,56102,,Wrocław Główny,Rzeczy Osobiste
4570,2024-10-16,56104,,Wrocław Główny,Telefon
4571,2024-10-16,36100,,Wrocław Główny,Dokument/Y
4572,2024-10-22,3602,,Wrocław Główny,Etui
4573,2024-10-22,16100,,Wrocław Główny,Dokument/Y
4574,2024-10-21,6123,Wrocław-Warszawa,Warszawa Olszynka Grochowska,Ubranie
4575,2024-10-21,4500,Bielsko-Biała Gł. - Gdynia Gł.,Gdynia Główna,Reklamówka / Torba
4576,2024-10-21,4500,Bielsko-Biała Gł. - Gdynia Gł.,Gdynia Główna,Walizka / Plecak
4577,2024-10-21,16106,Białystok - Wrocław Gł.,Wrocław Główny,Walizka / Plecak
4578,2024-10-21,3103,Kraków-Warszawa,Warszawa Olszynka Grochowska,Walizka / Plecak
4579,2024-10-21,71100,Zielona Góra-Warszawa,Warszawa Olszynka Grochowska,Walizka / Plecak
4580,2024-10-21,26102,Lublin Gł. - Wrocław Gł.,Wrocław Główny,Reklamówka / Torba
4581,2024-10-21,81104,Szczecin Gł. - Białystok,Ruciane-Nida,Ubranie
4582,2024-10-21,5308,Gdynia Gł. - Rzeszów Główny,Rzeszów Główny,Ubranie
4583,2024-10-21,18110,Warszawa Wsch. - Piła Gł.,Bydgoszcz Główna,Ubranie
4584,2024-10-21,17102,Warszawa Wsch. - Zielona Góra Gł.,Zielona Góra Główna,Reklamówka / Torba
4585,2024-10-21,7200,Żary - Lublin Gł.,Lublin Główny,Ubranie
4586,2024-10-21,5110,Gdynia Gł. - Warszawa Zach.,Warszawa Zachodnia,Sprzęt Elektroniczny
4587,2024-10-21,5104,Gdynia Gł. - Warszawa Zach.,Warszawa Zachodnia,Ubranie
4588,2024-10-21,60105,Wrocław Gł. - Jelenia Góra,Jelenia Góra,Walizka / Plecak
4589,2024-10-21,3550,Kraków Gł. - Gdynia Gł.,Gdynia Główna,Reklamówka / Torba
4590,2024-10-21,56102,Olsztyn Gł. - Wrocław Gł.,Kościan,Reklamówka / Torba
4591,2024-10-21,53173,Gdynia Główna - Kraków Główny,Kraków Główny,Sprzęt Elektroniczny
4592,2024-10-21,81104,Szczecin Gł. - Białystok,Malbork,Reklamówka / Torba
4593,2024-10-21,53173,Gdynia Główna - Kraków Główny,Kraków Główny,Rzeczy Osobiste
4594,2024-10-21,53173,Gdynia Główna - Kraków Główny,Kraków Główny,Ubranie
4595,2024-10-21,5350,Gdynia Główna -Kraków Główny,Kraków Główny,Kosztowności
4596,2024-10-21,9106,Łódz-Warszawa,Warszawa Olszynka Grochowska,Ubranie
4597,2024-10-21,5350,Gdynia Główna -Kraków Główny,Kraków Główny,Artykuły Medyczne
4598,2024-10-21,5302,Gdynia Główna -Kraków Główny,Kraków Główny,Ubranie
4599,2024-10-21,1306,Warszawa Wschodnia -Kraków Główny,Kraków Główny,Rzeczy Osobiste
4600,2024-10-21,73104,Zielona Góra Gł. - Przemyśl Gł.,Przemyśl Główny,Portfel
4601,2024-10-21,5304,Gdynia Gł. - Kraków Gł.,Kraków Główny,Artykuły Dziecięce
4602,2024-10-20,7322,Poznań Główny - Kraków Główny,Łódź Kaliska,Ubranie
4603,2024-10-21,5426,Gdynia Gł. - Katowice,Zawiercie,Reklamówka / Torba
4604,2024-10-18,56102,Olsztyn Gł. - Wrocław Gł.,Wrocław Główny,Artykuły Biurowe
4605,2024-10-21,4520,Bielsko-Biała Gł. - Gdynia Gł.,Gdynia Główna,Walizka / Plecak
4606,2024-10-21,57108,Gdynia Gł. - Zielona Góra Gł.,Zbąszyń,Reklamówka / Torba
4607,2024-10-20,56150,Gdynia Gł. - Wrocław Gł.,Wrocław Główny,Sprzęt Elektroniczny
4608,2024-10-18,5604,Gdynia Gł. - Wrocław Gł.,Wrocław Główny,Rzeczy Osobiste
4609,2024-10-21,5426,Gdynia Gł. - Katowice,Piotrków Trybunalski,Etui
4610,2024-10-20,56104,Olsztyn Gł. - Wrocław Gł.,Wrocław Główny,Sprzęt Turystyczny
4611,2024-10-20,1620,Warszawa Wsch. - Wrocław Gł.,Wrocław Główny,Sprzęt Elektroniczny
4612,2024-10-20,1620,Warszawa Wsch. - Wrocław Gł.,Wrocław Główny,Rzeczy Osobiste
4613,2024-10-21,5426,Gdynia Gł. - Katowice,Łódź Widzew,Saszetka / Nerka
4614,2024-10-21,4508,Gliwice - Gdynia Gł.,Gdynia Główna,Ubranie
4615,2024-10-20,202,Wien Hbf - Wrocław Gł.,Wrocław Główny,Ubranie
4616,2024-10-21,5326,Olsztyn Gł. - Kraków Gł.,Kraków Główny,Artykuły Muzyczne
4617,2024-10-18,36100,Kraków Gł. - Wrocław Gł.,Wrocław Główny,Książka
4618,2024-10-21,16108,Warszawa Wsch. - Wrocław Gł.,Wrocław Główny,Książka
4619,2024-10-21,57108,Gdynia Gł. - Zielona Góra Gł.,Zielona Góra Główna,Rzeczy Osobiste
4620,2024-09-26,1410,Warszawa Wsch-Bielsko Biała,Bielsko-Biała Główna,Ubranie
4621,2024-10-20,5620,Ełk - Wrocław Gł.,Wrocław Główny,Książka
4622,2024-10-19,16102,Warszawa Wsch. - Wrocław Gł.,Wrocław Główny,Ubranie
4623,2024-10-21,1502,Warszawa Zach. - Gdynia Gł.,Gdynia Główna,Walizka / Plecak
4624,2024-10-20,1600,Warszawa Wsch. - Wrocław Gł.,Wrocław Główny,Rzeczy Osobiste
4625,2024-10-21,1200,Łódź Fabryczna - Lublin Gł.,Otwock,Reklamówka / Torba
4626,2024-10-18,26100,Lublin Gł. - Wrocław Gł.,Wrocław Główny,Sprzęt Elektroniczny
4627,2024-10-21,5310,Gdynia Główna - Kraków Główny,Kraków Główny,Ubranie
4628,2024-10-20,5602,Gdynia Gł. - Wrocław Gł.,Wrocław Główny,Rzeczy Osobiste
4629,2024-10-19,5620,Ełk - Wrocław Gł.,Wrocław Główny,Sprzęt Elektroniczny
4630,2024-10-21,4508,Gliwice - Gdynia Gł.,Warszawa Wschodnia,Walizka / Plecak
4631,2024-10-18,16104,Białystok - Wrocław Gł.,Wrocław Główny,Rzeczy Osobiste
4632,2024-10-20,84102,Słupsk - Bielsko Biała Gł.,Bielsko-Biała Główna,Reklamówka / Torba
4633,2024-10-20,56102,Olsztyn Gł. - Wrocław Gł.,Wrocław Główny,Sprzęt Elektroniczny
4634,2024-10-19,54150,Bydgoszcz Gł. - Bielsko-Biała Gł.,Bielsko-Biała Główna,Artykuły Muzyczne
4635,2024-10-20,8306,Kołobrzeg - Kraków Główny,Kraków Główny,Ubranie
4636,2024-10-20,5322,Olsztyn Główny - Kraków Główny,Kraków Główny,Sprzęt Elektroniczny
4637,2024-10-20,53173,Gdynia Główna -Kraków Główny,Kraków Główny,Ubranie
4638,2024-10-21,1620,Warszawa Wsch. - Wrocław Gł.,Zduńska Wola,Sprzęt Elektroniczny
4639,2024-10-21,2120,Kielce Główne - Warszawa Wsch.,Kielce Główne,Walizka / Plecak
4640,2024-10-21,4508,Gliwice - Gdynia Gł.,Gliwice,Walizka / Plecak
4641,2024-10-21,71003,Berlin -Warszawa,Warszawa Olszynka Grochowska,Sprzęt Elektroniczny
4642,2024-10-21,61170,Jelenia Góra - Warszawa Wsch.,Warszawa Wschodnia,Ubranie
4643,2024-10-21,55,Berlin Hbf - Kraków Gł.,Kraków Główny,Walizka / Plecak
4644,2024-10-20,21160,Lublin Gł. - Warszawa Zach.,Warszawa Zachodnia,Sprzęt Elektroniczny
4645,2024-10-20,3120,Zakopane - Warszawa Wsch.,Warszawa Wschodnia,Rzeczy Osobiste
4646,2024-10-20,37102,Kraków Gł. - Poznań Gł.,Jarocin,Rzeczy Osobiste
4647,2024-10-20,5102,Gdynia Gł. - Warszawa Zach.,Warszawa Zachodnia,Ubranie
4648,2024-10-20,5308,Gdynia Gł. - Rzeszów Główny,Rzeszów Główny,Ubranie
4649,2024-10-20,247,Berlin Hbf - Warszawa Wsch.,Warszawa Wschodnia,Sprzęt Elektroniczny
4650,2024-10-20,247,Berlin Hbf - Warszawa Wsch.,Warszawa Wschodnia,Telefon
4651,2024-10-20,83100,Szczecinek - Rzeszów Główny,Rzeszów Główny,Parasol
4652,2024-10-20,83100,Szczecinek - Rzeszów Główny,Rzeszów Główny,Reklamówka / Torba
4653,2024-10-20,6502,Wrocław Gł. - Gdynia Gł.,Gdynia Główna,Sprzęt Agd
4654,2024-10-20,3550,Kraków Gł. - Gdynia Gł.,Gdynia Główna,Rzeczy Osobiste
4655,2024-10-20,5304,Gdynia Gł. - Kraków Gł.,Kraków Główny,Sprzęt Sportowy
4656,2024-10-20,3560,Zakopane - Gdynia Gł.,Bydgoszcz Główna,Reklamówka / Torba
4657,2024-10-20,4122,Bielsko Biała -Białystok,Białystok,Reklamówka / Torba
4658,2024-10-20,3514,Przemyśl Gł. - Gdynia Gł.,Bydgoszcz Główna,Kosztowności
4659,2024-10-20,5324,Olsztyn Gł. - Kraków Gł.,Kraków Główny,Rzeczy Osobiste
4660,2024-10-20,5460,Olsztyn Gł. - Wisła Uzdr.,Wisła Uzdrowisko,Reklamówka / Torba
4661,2024-10-20,311,Bohumin - Lublin Gł.,Lublin Główny,Telefon
4662,2024-10-20,83172,Świnoujście -Przemyśl,Warszawa Olszynka Grochowska,Rzeczy Osobiste
4663,2024-10-20,30170,Kraków Gł. - Krynica-Zdrój,Krynica-Zdrój,Walizka / Plecak
4664,2024-10-20,698,Ustka - Słupsk,Ustka,Telefon
4665,2024-10-20,13100,Warszawa Wsch. - Przemyśl Gł.,Opoczno Południe,Rzeczy Osobiste
4666,2024-10-19,6500,Jelenia Góra - Gdynia Gł.,Gdynia Główna,Walizka / Plecak
4667,2024-10-19,6150,Szklarska Por.G. - Warszawa Wsch.,Warszawa Wschodnia,Walizka / Plecak
4668,2024-10-19,1530/1,Warszawa Wschodnia- Bydgoszcz Główna,Bydgoszcz Główna,Walizka / Plecak
4669,2024-10-19,3526,Kraków Gł. - Olsztyn Gł.,Olsztyn Główny,Reklamówka / Torba
4670,2024-10-19,5122,Olsztyn Gł. - Łódź Fabryczna,Łódź Fabryczna,Walizka / Plecak
4671,2024-10-19,57106,Gdynia Gł. - Poznań Gł.,Tczew,Reklamówka / Torba
4672,2024-10-19,6500,Jelenia Góra - Gdynia Gł.,Bydgoszcz Główna,Reklamówka / Torba
4673,2024-10-19,81108,Szczecin Gł. - Łódź Kaliska,Kalisz,Reklamówka / Torba
4674,2024-10-19,52100,Bydgoszcz Gł. - Chełm,Chełm,Ubranie
4675,2024-10-19,4560,Wisła Uzdr. - Olsztyn Gł.,Olsztyn Główny,Ubranie
4676,2024-10-19,1310,Warszawa Wschodnia - Kraków Główny,Kraków Główny,Ubranie
4677,2024-10-19,1310,Warszawa Wschodnia - Kraków Główny,Kraków Główny,Rzeczy Osobiste
4678,2024-10-19,82104,Świnoujście - Hrubieszów Miasto,Pilawa,Artykuły Biurowe
4679,2024-10-18,83103,Świnoujście - Kraków Główny,Kraków Główny,Ubranie
4680,2024-10-19,8320,Szczecin Główny - Kraków Główny,Kraków Główny,Artykuły Medyczne
4681,2024-10-19,8320,Szczecin Główny - Kraków Główny,Kraków Główny,Ubranie
4682,2024-10-17,83103,Świnoujście - Kraków Główny,Kraków Główny,Ubranie
4683,2024-10-19,5350,Gdynia Główna - Kraków Główny,Kraków Główny,Sprzęt Turystyczny
4684,2024-10-19,1306,Warszawa Wschodnia - Kraków Główny,Kraków Główny,Sprzęt Turystyczny
4685,2024-10-19,38100,Rzeszów Gł-Szczecinek,Sochaczew,Reklamówka / Torba
4686,2024-10-19,62100,Wrocław Gł. - Lublin Gł.,Lublin Główny,Ubranie
4687,2024-10-19,3506,Kraków Gł. - Gdynia Gł.,Gdynia Główna,Rzeczy Osobiste
4688,2024-10-19,1304,Warszawa Wschodnia - Kraków Główny,Kraków Główny,Artykuły Biurowe
4689,2024-10-19,27102,Lublin Gł. - Poznań Gł.,Kalisz,Reklamówka / Torba
4690,2024-10-19,5302,Gdynia Główna-Kralów Główny,Kraków Główny,Rzeczy Osobiste
4691,2024-10-19,15154,Łódź Kaliska - Gdynia Gł.,Gdynia Główna,Reklamówka / Torba
4692,2024-10-19,1622,Białystok - Wrocław Gł.,Wrocław Główny,Ubranie
4693,2024-10-19,WARS,,Bydgoszcz Główna,Rzeczy Osobiste
4694,2024-10-19,5132,Gdynia-Łódź,Łódź Widzew,Sprzęt Elektroniczny
4695,2024-10-19,10110,Białystok - Warszawa Zach.,Warszawa Zachodnia,Walizka / Plecak
4696,2024-10-19,10110,Białystok - Warszawa Zach.,Warszawa Zachodnia,Ubranie
4697,2024-10-15,1312,Warszawa Wschodnia -Kraków Główny,Kraków Główny,Sprzęt Elektroniczny
4698,2024-10-14,5326,Olsztyn Główny - Kraków Główny,Kraków Główny,Ubranie
4699,2024-10-15,5322,Olsztyn Główny - Kraków Główny,Kraków Główny,Sprzęt Elektroniczny
4700,2024-10-19,51321,Gdynia Gł-Łódź Fabryczna,Łódź Widzew,Artykuły Medyczne
4701,2024-10-18,25100,Chełm-Bydgoszcz Gł,Włocławek,Rzeczy Osobiste
4702,2024-10-19,54150,Bydgoszcz Gł. - Bielsko-Biała Gł.,Wrocław Główny,Książka
4703,2024-10-19,74100,Poznań Gł. - Katowice,Katowice,Sprzęt Elektroniczny
4704,2024-10-19,1350,Zakopane -Warszawa Wschodnia,Warszawa Olszynka Grochowska,Sprzęt Agd
4705,2024-10-19,1001,Łódz-Białystok,Białystok,Sprzęt Elektroniczny
4706,2024-10-19,6102,Jelenia Góra - Warszawa Wsch.,Jelenia Góra,Pieniądze
4707,2024-10-19,4120,Bielsko-Biała-Warszawa,Warszawa Olszynka   Grochowska,Ubranie
4708,2024-10-18,85100,Szczecin Gł. - Gdańsk Gł.,Gdańsk Główny,Walizka / Plecak
4709,2024-10-18,3532,Rzeszów Główny - Bydgoszcz Gł.,Bydgoszcz Główna,Artykuły Biurowe
4710,2024-10-18,6120,Wrocław Gł. - Warszawa Wsch.,Skierniewice,Ubranie
4711,2024-10-18,35105,Zakopane - Gdynia Gł.,Gdynia Główna,Artykuły Biurowe
4712,2024-10-18,7200,Zielona Góra-Lublin,Lublin,Rzeczy Osobiste
4713,2024-10-17,1310,Warszawa-Kraków,Kraków Główny,Ubranie
4714,2024-10-17,33112,Zagórz-Kraków,Kraków Główny,Sprzęt Elektroniczny
4715,2024-10-18,5304,Gdynia-Kraków,Kraków Główny,Reklamówka / Torba
4716,2024-10-18,5604,Gdynia Gł. - Wrocław Gł.,Wrocław Główny,Reklamówka / Torba
4717,2024-10-18,57104,Gdynia Gł. - Zielona Góra Gł.,Zielona Góra Główna,Ubranie
4718,2024-10-18,51102,Gdynia Gł. - Warszawa Zach.,Warszawa Zachodnia,Sprzęt Agd
4719,2024-10-18,115,Praha Hl. N. - Przemyśl Gł.,Przemyśl Główny,Rzeczy Osobiste
4720,2024-10-18,3102,Kraków Gł. - Warszawa Wsch.,Kraków Główny,Etui
4721,2024-10-18,5404,Gdynia Gł. - Gliwice,Gliwice,Ubranie
4722,2024-10-18,5312,Gdynia Gł. - Przemyśl Gł.,Rzeszów Główny,Ubranie
4723,2024-10-18,56102,Olsztyn Gł. - Wrocław Gł.,Wrocław Główny,Ubranie
4724,2024-10-18,8304,Szczecin Gł. - Przemyśl Gł.,Przemyśl Główny,Ubranie
4725,2024-10-18,4504,Bielsko-Biała Gł. - Gdynia Gł.,Gdynia Główna,Sprzęt Elektroniczny
4726,2024-10-18,12102,Warszawa Zach. - Lublin Gł.,Lublin Główny,Książka
4727,2024-10-18,52100,Bydgoszcz Gł. - Chełm,Chełm,Sprzęt Elektroniczny
4728,2024-10-18,3522,Kraków Gł-Olsztyn Gł,Olsztyn Główny,Kosztowności
4729,2024-10-18,65102,Wrocław Gł-Olsztyn Gł,Olsztyn Główny,Sprzęt Elektroniczny
4730,2024-10-17,6301,,Przemyśl Bakończyce,Telefon
4731,2024-10-18,6122,Wrocław-Warszawa,Warszawa Olszynka Grochowska,Ubranie
4732,2024-10-18,113,Praha-Vršovice - Warszawa Wsch.,Warszawa Wschodnia,Walizka / Plecak
4733,2024-10-18,5424,Olsztyn Gł. - Bielsko-Biała Gł.,Bielsko-Biała Główna,Etui
4734,2024-10-18,5424,Olsztyn Gł. - Bielsko-Biała Gł.,Bielsko-Biała Główna,Artykuły Biurowe
4735,2024-10-18,4506,Bielsko-Biała Gł. - Gdynia Gł.,Gdynia Główna,Ubranie
4736,2024-10-18,1322,Warszawa Wsch. - Kraków Gł.,Kraków Główny,Ubranie
4737,2024-10-18,61104,Wrocław Gł. -Białystok,Białystok,Rzeczy Osobiste
4738,2024-10-18,5400,Gdynia Gł. - Gliwice,Gliwice,Ubranie
4739,2024-10-18,7300,Poznań Gł. - Przemyśl Gł.,Przemyśl Główny,Sprzęt Turystyczny
4740,2024-10-18,4520,Tychy - Gdynia Gł.,Laskowice Pomorskie,Rzeczy Osobiste
4741,2024-10-18,6126,Zgorzelec - Warszawa Wsch.,Warszawa Wschodnia,Rzeczy Osobiste
4742,2024-10-18,24100,Lublin Gł. - Katowice,Katowice,Rzeczy Osobiste
4743,2024-10-18,58102,Olsztyn Gł. - Szczecin Gł.,Słupsk,Dokument/Y
4744,2024-10-18,5332,Bydgoszcz Gł. - Rzeszów Główny,Lublin Główny,Dokument/Y
4745,2024-10-18,18104,Białystok - Szczecin Gł.,Olsztyn Zachodni,Walizka / Plecak
4746,2024-10-18,41,Berlin Hbf - Warszawa Wsch.,Konin,Walizka / Plecak
4747,2024-10-18,1200,Łódź Fabryczna - Lublin Gł.,Lublin Główny,Reklamówka / Torba
4748,2024-10-18,1522,Łódź Fabryczna - Olsztyn Gł.,Olsztyn Zachodni,Rzeczy Osobiste
4749,2024-10-18,8320,Szczecin Gł. - Kraków Gł.,Środa Wielkopolska,Rzeczy Osobiste
4750,2024-10-18,1902,Warszawa Wsch.-Łódz Fabryczna,Warszawa Centralna,Reklamówka / Torba
4751,2024-10-18,5620,Ełk - Wrocław Gł.,Skierniewice,Rzeczy Osobiste
4752,2024-10-18,1902,Warszawa Wsch. - Łódź Fabryczna,Warszawa Wschodnia,Walizka / Plecak
4753,2024-10-17,6520,Wrocław Gł. - Ełk,Ełk,Rzeczy Osobiste
4754,2024-10-17,5314,Gdynia Gł. - Przemyśl Gł.,Przemyśl Główny,Telefon
4755,2024-10-17,6500,Jelenia Góra - Gdynia Gł.,Laskowice Pomorskie,Etui
4756,2024-10-17,82104,Świnoujście - Hrubieszów Miasto,Świdnik Miasto,Reklamówka / Torba
4757,2024-10-17,3502,Kraków Gł. - Gdynia Gł.,Gdynia Główna,Ubranie
4758,2024-10-16,9103,Lodz -Warszawa,Warszawa Olszynka Grochowska,Rzeczy Osobiste
4759,2024-10-17,5402,Gdynia Gł. - Bielsko-Biała Gł.,Bielsko-Biała Główna,Artykuły Medyczne
4760,2024-10-17,85106,Szczecin Gł. - Olsztyn Gł.,Olsztyn Główny,Walizka / Plecak
4761,2024-10-17,5402,Gdynia Gł. - Bielsko-Biała Gł.,Sosnowiec Główny,Ubranie
4762,2024-10-17,25100,Chełm - Bydgoszcz Gł.,Bydgoszcz Główna,Sprzęt Elektroniczny
4763,2024-10-17,2700,Lublin Gł. - Żary,Żary,Ubranie
4764,2024-10-16,5320,Olsztyn Główny - Kraków Główny,Kraków Główny,Rzeczy Osobiste
4765,2024-10-17,5350,Gdynia Główna -Krakow Główny,Kraków Główny,Książka
4766,2024-10-17,5350,Gdynia Główna-Kraków Główny,Kraków Główny,Etui
4767,2024-10-17,53104,Gdynia Gł. - Zakopane,Zakopane,Walizka / Plecak
4768,2024-10-15,83173,Szczecin Gł -Przemyśl.Gł,Przemyśl Główny,Reklamówka / Torba
4769,2024-10-16,8305,Szczecin Gł-Przemyśl.Gł,Przemyśl Główny,Sprzęt Sportowy
4770,2024-10-17,57100,Olsztyn Gł. - Zielona Góra Gł.,Zielona Góra Główna,Ubranie
4771,2024-10-17,73104,Zielona Góra Gł. - Przemyśl Gł.,Łańcut,Sprzęt Elektroniczny
4772,2024-10-17,1320,Warszawa Wsch. - Zakopane,Zakopane,Rzeczy Osobiste
4773,2024-10-17,61104,Wrocław Gł. - Białystok,Białystok,Reklamówka / Torba
4774,2024-10-17,5332,Bydgoszcz Gł. - Rzeszów Główny,Rzeszów Główny,Rzeczy Osobiste
4775,2024-10-17,54150,Bydgoszcz Gł. - Bielsko-Biała Gł.,Opole Główne,Artykuły Biurowe
4776,2024-10-16,,,Bydgoszcz Główna,Dokument/Y
4777,2024-10-17,3604,Przemyśl Gł. - Wrocław Gł.,Wrocław Główny,Ubranie
4778,2024-10-17,12100,Warszawa Zach. - Chełm,Chełm,Książka
4779,2024-10-17,71104,Poznań Gł. - Warszawa Wsch.,Warszawa Wschodnia,Sprzęt Agd
4780,2024-10-16,1302,Warszawa-Kraków,Kraków Główny,Etui
4781,2024-10-16,1302,Warszawa-Kraków,Kraków Główny,Ubranie
4782,2024-10-16,27103,Lublin - Poznań Gł,Poznań Główny,Obuwie
4783,2024-10-16,31100,Przemyśl Gł. - Warszawa Wsch.,Warszawa Wschodnia,Artykuły Muzyczne
4784,2024-10-16,5310,Gdynia Gł - Kraków Gł,Kraków Główny,Ubranie
4785,2024-10-16,5310,Gdynia Gł. - Kraków Gł.,Kraków Główny,Ubranie
4786,2024-10-16,3500,Kraków Gł. - Gdynia Gł.,Gdynia Główna,Sprzęt Elektroniczny
4787,2024-10-16,23100,Lublin Gł. - Kraków Gł.,Kraków Główny,Walizka / Plecak
4788,2024-10-16,1530,Warszawa Zach. - Bydgoszcz Gł.,Bydgoszcz Główna,Rzeczy Osobiste
4789,2024-10-16,85104,Szczecin Gł. - Olsztyn Gł.,Olsztyn Główny,Akcesoria Dla Zwierząt
4790,2024-10-16,247,Berlin Hbf - Warszawa Wsch.,Konin,Walizka / Plecak
4791,2024-10-16,1512,Warszawa Zach. - Gdynia Gł.,Gdynia Główna,Walizka / Plecak
4792,2024-10-16,6500,Jelenia Góra - Gdynia Gł.,Kościan,Sprzęt Elektroniczny
4793,2024-10-16,18114,Łódź Fabryczna - Kołobrzeg,Kołobrzeg,Telefon
4794,2024-10-16,16104,Białystok - Wrocław Gł.,Żyrardów,Reklamówka / Torba
4795,2024-10-16,28102,Lublin Gł. - Szczecin Gł.,Nowa Sól,Rzeczy Osobiste
4796,2024-10-16,28102,Lublin Gł. - Szczecin Gł.,Nowa Sól,Walizka / Plecak
4797,2024-10-16,5320,Olsztyn Gł. - Kraków Gł.,Legionowo,Telefon
4798,2024-10-16,5220,Bydgoszcz Gł. - Lublin Gł.,Lublin Główny,Etui
4799,2024-10-16,4506,Bielsko-Biała Gł. - Gdynia Gł.,Gdynia Główna,Ubranie
4800,2024-10-16,7300,Poznań Gł. - Przemyśl Gł.,Przemyśl Główny,Sprzęt Elektroniczny
4801,2024-10-16,7300,Poznań Gł. - Przemyśl Gł.,Przemyśl Główny,Ubranie
4802,2024-10-16,1906,Warszawa Wsch. - Łódź Fabryczna,Łódź Fabryczna,Walizka / Plecak
4803,2024-10-16,3508,Rzeszów Główny - Gdynia Gł.,Warszawa Wschodnia,Ubranie
4804,2024-10-12,3602,Przemyśl Gł. - Wrocław Gł.,Wrocław Główny,Książka
4805,2024-10-12,26102,Lublin Gł. - Wrocław Gł.,Wrocław Główny,Ubranie
4806,2024-10-11,5604,Gdynia Gł. - Wrocław Gł.,Wrocław Główny,Artykuły Muzyczne
4807,2024-10-12,1624,Białystok - Wrocław Gł.,Wrocław Główny,Rzeczy Osobiste
4808,2024-10-13,1622,Białystok - Wrocław Gł.,Wrocław Główny,Sprzęt Elektroniczny
4809,2024-10-11,1622,Białystok - Wrocław Gł.,Wrocław Główny,Sprzęt Elektroniczny
4810,2024-10-11,5620,Ełk - Wrocław Gł.,Wrocław Główny,Książka
4811,2024-10-11,1600,Warszawa Wsch. - Wrocław Gł.,Wrocław Główny,Książka
4812,2024-10-16,58104,Olsztyn Gł. - Szczecin Gł.,Iława Główna,Artykuły Medyczne
4813,2024-10-08,56102,Olsztyn Gł. - Wrocław Gł.,Wrocław Główny,Sprzęt Elektroniczny
4814,2024-10-16,61108,Wrocław Gł. - Warszawa Wsch.,Warszawa Wschodnia,Ubranie
4815,2024-10-16,31100,Przemysl Glowny -Warszawa,Warszawa Olszynka Grochowska,Reklamówka / Torba
4816,2024-10-15,6123,Wroclaw Glowny-Warszawa,Warszawa Olszynka Grochowska,Dokument/Y
4817,2024-10-16,6500,Jelenia Góra - Gdynia Gł.,Gdynia Główna,Walizka / Plecak
4818,2024-10-15,86104,Szczecin Gł. - Wrocław Gł.,Wrocław Główny,Dokument/Y
4819,2024-10-15,56102,Olsztyn Gł. - Wrocław Gł.,Wrocław Główny,Ubranie
4820,2024-10-15,5306,Gdynia Główna - Kraków Główny,Kraków Główny,Artykuły Medyczne
4821,2024-10-15,63102,Jelenia Góra - Kraków Główny,Kraków Główny,Ubranie
4822,2024-10-15,5328,Olsztyn Główny -Kraków Główny,Kraków Główny,Artykuły Medyczne
4823,2024-10-15,53173,Gdynia Główna-Kraków Główny,Kraków Główny,Walizka / Plecak
4824,2024-10-15,25100,Chełm - Bydgoszcz Gł.,Sochaczew,Telefon
4825,2024-10-15,5304,Gdynia Główna -Kraków Główny,Kraków Główny,Sprzęt Elektroniczny
4826,2024-10-15,5300,Gdynia Główna - Kraków Główny,Kraków Główny,Sprzęt Sportowy
4827,2024-10-15,5304,Gdynia Główna-Kraków Główny,Kraków Główny,Książka
4828,2024-10-14,5306,Gdynia Główna - Kraków Główny,Kraków Główny,Ubranie
4829,2024-10-15,1304,Warszawa Wschodnia -Kraków Główny,Kraków Główny,Obuwie
4830,2024-10-15,130,Chałupki - Warszawa Wsch.,Katowice,Sprzęt Elektroniczny
4831,2024-10-15,5300,Gdynia Główna - Kraków Główny,Kraków Główny,Parasol
4832,2024-10-15,3522,Kraków Gł. - Olsztyn Gł.,Olsztyn Główny,Reklamówka / Torba
4833,2024-10-15,3108,Kraków Gł. - Warszawa Wsch.,Warszawa Wschodnia,Sprzęt Elektroniczny
4834,2024-10-15,57108,Gdynia Gł. - Zielona Góra Gł.,Zielona Góra Główna,Walizka / Plecak
4835,2024-10-15,6300,Wrocław Gł. - Przemyśl Gł.,Przemyśl Główny,Walizka / Plecak
4836,2024-10-15,1622,Białystok - Wrocław Gł.,Wrocław Główny,Rzeczy Osobiste
4837,2024-10-15,51102,Gdynia Gł. - Warszawa Zach.,Pisz,Ubranie
4838,2024-10-11,5602,Gdynia Gł. - Wrocław Gł.,Wrocław Główny,Książka
4839,2024-10-15,3604,Przemyśl Gł. - Wrocław Gł.,Wrocław Główny,Etui
4840,2024-10-15,1622,Białystok - Wrocław Gł.,Łódź Chojny,Kosztowności
4841,2024-10-15,85106,Szczecin Gł. - Olsztyn Gł.,Sławno,Portfel
4842,2024-10-14,43002,Graz-Przemysl Gł.,Przemyśl Główny,Reklamówka / Torba
4843,2024-10-14,13101,Warszawa Wsch.-Przemyśl Gł.,Przemyśl Główny,Ubranie
4844,2024-10-14,73000,Berlin-Przemyśl Gł,Przemyśl Główny,Sprzęt Elektroniczny
4845,2024-10-15,6100,Wrocław -Warszawa,Warszawa Olszynka Grochowska,Saszetka / Nerka
4846,2024-10-15,6520,Wrocław Gł. - Ełk,Ełk,Ubranie
4847,2024-10-15,1602,Warszawa Wsch. - Jelenia Góra,Jelenia Góra,Artykuły Biurowe
4848,2024-10-13,13102,Warszawa-Kraków,Kraków Główny,Parasol
4849,2024-10-14,8320,Szczecin-Kraków,Kraków Główny,Ubranie
4850,2024-10-12,83103,Świnoujście-Kraków,Kraków Główny,Reklamówka / Torba
4851,2024-10-14,33110,Zagórz-Kraków,Kraków Główny,Rzeczy Osobiste
4852,2024-10-14,82102,Szczecin Gł. - Lublin Gł.,Lublin Główny,Ubranie
4853,2024-10-14,81104,Szczecin Gł. - Białystok,Białystok,Walizka / Plecak
4854,2024-10-14,117,Praha-Vršovice - Warszawa Wsch.,Warszawa Centralna,Ubranie
4855,2024-10-14,3500,Kraków Gł. - Gdynia Gł.,Gdynia Główna,Sprzęt Elektroniczny
4856,2024-10-14,7322,Poznań Gł. - Kraków Gł.,Kraków Główny,Reklamówka / Torba
4857,2024-10-14,85104,Szczecin Gł. - Olsztyn Gł.,Olsztyn Główny,Ubranie
4858,2024-10-14,4502,Gliwice - Gdynia Gł.,Gdynia Główna,Sprzęt Elektroniczny
4859,2024-10-14,63102,Jelenia Góra-Kraków,Kraków Główny,Ubranie
4860,2024-10-14,5404,Gdynia Gł. - Gliwice,Gliwice,Reklamówka / Torba
4861,2024-10-14,4524,Bielsko-Biała Gł. - Olsztyn Gł.,Olsztyn Główny,Walizka / Plecak
4862,2024-10-14,1512,Warszawa Zach. - Gdynia Gł.,Gdynia Główna,Ubranie
4863,2024-10-14,54102,Gdynia Gł. - Katowice,Katowice,Kosztowności
4864,2024-10-14,63100,Wrocław Gł. - Kraków Gł.,Kraków Główny,Walizka / Plecak
4865,2024-10-14,1306,Warszawa-Kraków,Kraków Główny,Ubranie
4866,2024-10-14,5350,Gdynia-Kraków,Kraków Główny,Sprzęt Elektroniczny
4867,2024-10-14,81114,Kołobrzeg - Łódź Fabryczna,Łódź Fabryczna,Książka
4868,2024-10-14,81114,Kołobrzeg - Łódź Fabryczna,Łódź Fabryczna,Artykuły Muzyczne
4869,2024-10-14,59,Berlin Hbf - Gdynia Gł.,Gdynia Główna,Ubranie
4870,2024-10-14,75100,Zielona Góra Gł. - Olsztyn Gł.,Olsztyn Główny,Artykuły Dziecięce
4871,2024-10-14,75108,Zielona Góra Gł. - Gdynia Gł.,Zielona Góra Główna,Rzeczy Osobiste
4872,2024-10-14,18110,Warszawa Wsch. - Piła Gł.,Warszawa Wschodnia,Etui
4873,2024-10-14,5322,Olsztyn Gł. - Kraków Gł.,Kraków Główny,Dokument/Y
4874,2024-10-14,82102,Szczecin Gł. - Lublin Gł.,Opole Główne,Rzeczy Osobiste
4875,2024-10-14,6500,Jelenia Góra - Gdynia Gł.,Oborniki Śląskie,Dokument/Y
4876,2024-10-14,75100,Zielona Góra Gł. - Olsztyn Gł.,Iława Główna,Saszetka / Nerka
4877,2024-10-14,3560,Zakopane - Gdynia Gł.,Gdynia Główna,Ubranie
4878,2024-10-14,3504,Kraków Gł. - Gdynia Gł.,Gdynia Główna,Reklamówka / Torba
4879,2024-10-11,8305,,Przemyśl Bakończyce,Etui
4880,2024-10-12,83173,Swinoujście-Przemyśl,Przemyśl Bakończyce,Sprzęt Elektroniczny
4881,2024-10-13,13101,,Przemyśl Bakończyce,Sprzęt Elektroniczny
4882,2024-10-12,43002,Graz - Przemyśl Gł,Przemyśl Bakończyce,Reklamówka / Torba
4883,2024-10-14,1624,Białystok - Wrocław Gł.,Wrocław Główny,Ubranie
4884,2024-10-14,38100,Rzeszów Główny - Szczecinek,Nakło Nad Notecią,Saszetka / Nerka
4885,2024-10-03,48,Warszawa-Berlin,Warszawa Centralna,Sprzęt Elektroniczny
4886,2024-10-14,4122,Bielsko-Biała Gł. - Białystok,Koluszki,Walizka / Plecak
4887,2024-10-14,6504,Wrocław Gł. - Gdynia Gł.,Gdynia Główna,Sprzęt Elektroniczny
4888,2024-10-14,43000,Graz-Przemyśl Gł,Przemyśl Bakończyce,Portfel
4889,2024-10-14,16170,Warszawa Wsch. - Jelenia Góra,Jelenia Góra,Sprzęt Elektroniczny
4890,2024-10-13,3602,,Przemyśl Bakończyce,Ubranie
4891,2024-10-12,3700,Przemyśl Gł. - Poznań,Wrocław Główny,Ubranie
4892,2024-10-14,5300,Gdynia Gł. - Kraków Gł.,Kraków Główny,Artykuły Medyczne
4893,2024-10-14,12100,Warszawa Zach. - Chełm,Chełm,Sprzęt Elektroniczny
4894,2024-10-14,78172,Poznań Gł. - Szczecinek,Szczecinek,Obuwie
4895,2024-10-11,54150,Bydgoszcz Gł. - Bielsko-Biała Gł.,Bielsko-Biała,Ubranie
4896,2024-10-11,54150,Bydgoszcz Gł. - Bielsko-Biała Gł.,Bielsko-Biała,Etui
4897,2024-10-13,4500,Bielsko-Biała Gł. - Gdynia Gł.,Gdynia Główna,Artykuły Biurowe
4898,2024-10-13,6500,Jelenia Góra - Gdynia Gł.,Gdynia Główna,Rzeczy Osobiste
4899,2024-10-12,3129,Krakow -Warszawa,Warszawa Olszynka Grochowska,Dokument/Y
4900,2024-10-13,81104,Szczecin Gł. - Białystok,Białystok,Rzeczy Osobiste
4901,2024-10-13,5310,Gdynia Gł. - Kraków Gł.,Kraków Główny,Książka
4902,2024-10-13,4160,Wisła Uzdr. - Warszawa Wsch.,Warszawa Wschodnia,Ubranie
4903,2024-10-13,5314,Gdynia Gł. - Przemyśl Gł.,Przemyśl Główny,Ubranie
4904,2024-10-13,3500,Kraków Gł. - Gdynia Gł.,Gdynia Główna,Kosztowności
4905,2024-10-13,4526,Katowice - Gdynia Gł.,Sopot,Reklamówka / Torba
4906,2024-10-13,8306,Kołobrzeg - Kraków Gł.,Opole Główne,Sprzęt Elektroniczny
4907,2024-10-13,42100,Katowice - Lublin Gł.,Lublin Główny,Artykuły Spożywcze
4908,2024-10-13,53103,Gdynia Gł. - Zakopane,Zakopane,Walizka / Plecak
4909,2024-10-13,1512,Warszawa Zach. - Gdynia Gł.,Gdynia Główna,Ubranie
4910,2024-10-13,4502,Gliwice - Gdynia Gł.,Gdynia Główna,Książka
4911,2024-10-13,4560,Wisła Uzdr. - Olsztyn Gł.,Olsztyn Główny,Sprzęt Elektroniczny
4912,2024-10-13,6125,Wrocław Gł.-Białystok,Białystok,Parasol
4913,2024-10-13,1306,Warszawa-Kraków,Kraków Główny,Ubranie
4914,2024-10-13,5350,Gdynia Główna - Kraków Główny,Kraków Główny,Reklamówka / Torba
4915,2024-10-13,5350,Gdynia Główna - Kraków Główny,Kraków Główny,Akcesoria Dla Zwierząt
4916,2024-10-13,3520,Kraków Gł. - Olsztyn Gł.,Olsztyn Główny,Reklamówka / Torba
4917,2024-10-13,75104,Zielona Góra Gł. - Gdynia Gł.,Gdynia Główna,Ubranie
4918,2024-10-13,5460,Olsztyn Gł. - Wisła Uzdr.,Koluszki,Sprzęt Turystyczny
4919,2024-10-13,61106,Wrocław Gł - Białystok,Białystok,Sprzęt Elektroniczny
4920,2024-10-13,3514,Przemyśl Gł. - Gdynia Gł.,Opole Główne,Sprzęt Elektroniczny
4921,2024-10-13,61106,Wrocław Gł. - Białystok,Białystok,Parasol
4922,2024-10-12,81107,Szczecin Gł. - Warszawa Wsch.,Warszawa Olszynka Grochowska,Sprzęt Elektroniczny
4923,2024-10-11,5310,Gdynia-Kraków,Kraków Główny,Ubranie
4924,2024-10-11,5310,Gdynia-Kraków,Kraków Główny,Sprzęt Elektroniczny
4925,2024-10-11,1312,Warszawa-Kraków,Kraków Główny,Ubranie
4926,2024-10-11,8306,Kołobrzeg-Kraków,Kraków Główny,Sprzęt Elektroniczny
4927,2024-10-13,5328,Olsztyn-Kraków,Kraków Główny,Sprzęt Elektroniczny
4928,2024-10-11,1312,Warszawa Wschodnia - Kraków Główny,Kraków Główny,Ubranie
4929,2024-10-12,8306,Kołobrzeg-Kraków,Kraków Główny,Portfel
4930,2024-10-12,5320,Olsztyn-Kraków,Kraków Główny,Książka
4931,2024-10-13,83170,Kołobrzeg - Kraków Główny,Kraków Główny,Ubranie
4932,2024-10-12,5320,Olsztyn Główny - Kraków Główny,Kraków Główny,Książka
4933,2024-10-11,8306,Kołobrzeg - Kraków Główny,Kraków Główny,Sprzęt Elektroniczny
4934,2024-10-13,32100,Kraków Gł. - Lublin Gł.,Lublin Główny,Obuwie
4935,2024-10-13,35170,Zakopane - Gdynia Gł.,Gdynia Główna,Rzeczy Osobiste
4936,2024-10-13,24100,Lublin - Katowice,Katowice,Rzeczy Osobiste
4937,2024-10-13,24100,Lublin - Katowice,Katowice,Sprzęt Elektroniczny
4938,2024-10-13,87102,Gorzów Wlkp. - Zbąszynek,Gorzów Wielkopolski,Rzeczy Osobiste
4939,2024-10-12,11107,Warszawa-Terespol,Terespol,Telefon
4940,2024-10-12,ED160-025,Wisła Uzdrowisko - Warszawa,Warszawa Olszynka Grochowska,Telefon
4941,2024-10-12,45150,Bielsko-Biała Gł. - Bydgoszcz Gł.,Bydgoszcz Główna,Sprzęt Sportowy
4942,2024-10-12,5700,Gdynia Gł. - Poznań Gł.,Poznań Główny,Artykuły Spożywcze
4943,2024-10-12,3532,Rzeszów Główny - Bydgoszcz Gł.,Bydgoszcz Główna,Rzeczy Osobiste
4944,2024-10-12,6520,Wrocław Gł. - Ełk,Grajewo,Ubranie
4945,2024-10-12,57,Berlin Hbf - Przemyśl Gł.,Przemyśl Główny,Artykuły Biurowe
4946,2024-10-12,3150,Zakopane - Warszawa Wsch.,Warszawa Wschodnia,Ubranie
4947,2024-10-12,4526,Katowice - Gdynia Gł.,Laskowice Pomorskie,Walizka / Plecak
4948,2024-10-12,5320,Olsztyn Gł. - Kraków Gł.,Jędrzejów,Rzeczy Osobiste
4949,2024-10-11,1310,Warszawa-Kraków,Kraków Główny,Ubranie
4950,2024-10-12,1304,Warszawa-Kraków,Kraków Główny,Sprzęt Elektroniczny
4951,2024-10-12,5304,Gdynia-Kraków,Kraków Główny,Ubranie
4952,2024-10-12,1304,Warszawa-Kraków,Kraków Główny,Rzeczy Osobiste
4953,2024-10-12,3514,Przemyśl Gł. - Gdynia Gł.,Gdynia Główna,Saszetka / Nerka
4954,2024-10-12,5306,Gdynia Gł. - Kraków Gł.,Kraków Główny,Rzeczy Osobiste
4955,2024-10-12,3560,Zakopane - Gdynia Gł.,Gdańsk Oliwa,Walizka / Plecak
4956,2024-10-12,6123,Bielsko Biała Gł.-Białystok,Białystok,Ubranie
4957,2024-10-12,61105,Wrocław Gł.-Białystok,Białystok,Ubranie
4958,2024-10-12,61105,Wrocław Gł.-Białystok,Białystok,Sprzęt Elektroniczny
4959,2024-10-12,75108,Zielona Góra Gł. - Gdynia Gł.,Zielona Góra Główna,Sprzęt Elektroniczny
4960,2024-10-12,61171,Jelenia Góra - Warszawa Wsch.,Warszawa Olszynka Grochowska,Reklamówka / Torba
4961,2024-10-12,5220,Bydgoszcz Gł. - Lublin Gł.,Lublin Główny,Ubranie
4962,2024-10-12,5426,Gdynia Gł. - Katowice,Katowice,Sprzęt Elektroniczny
4963,2024-10-12,4506,Bielsko-Biała Gł. - Gdynia Gł.,Gdynia Główna,Ubranie
4964,2024-10-12,48100,Katowice - Słupsk,Sławno,Walizka / Plecak
4965,2024-10-12,3506,Kraków Gł. - Gdynia Gł.,Gdynia Główna,Sprzęt Elektroniczny
4966,2024-10-12,1200,Łódź Fabryczna - Lublin Gł.,Lublin Główny,Rzeczy Osobiste
4967,2024-10-12,1350,Warszawa Wsch. - Zakopane,Zakopane,Sprzęt Sportowy
4968,2024-10-12,5620,Ełk - Wrocław Gł.,Wrocław Główny,Rzeczy Osobiste
4969,2024-10-12,5400,Gdynia Gł. - Gliwice,Gliwice,Ubranie
4970,2024-10-12,7320,Poznań Gł. - Kraków Gł.,Kraków Główny,Ubranie
4971,2024-10-12,71102,Zielona Góra Gł. - Warszawa Wsch.,Warszawa Wschodnia,Dokument/Y
4972,2024-10-12,85106,Szczecin Gł. - Olsztyn Gł.,Elbląg,Telefon
4973,2024-10-12,6504,Wrocław Gł. - Gdynia Gł.,Gdynia Główna,Walizka / Plecak
4974,2024-10-12,5400,Gdynia Gł. - Gliwice,Zawiercie,Telefon
4975,2024-10-12,1532,Łódź Fabryczna - Gdynia Gł.,Gdynia Główna,Reklamówka / Torba
4976,2024-10-12,3604,Przemyśl Gł. - Wrocław Gł.,Wrocław Główny,Rzeczy Osobiste
4977,2024-10-12,1650,Warszawa Wsch. - Szklarska Por.G.,Częstochowa Stradom,Dokument/Y
4978,2024-10-12,1620,Warszawa Wsch. - Wrocław Gł.,Wrocław Główny,Ubranie
4979,2024-10-11,81103,Świnoujście-Suwałki,Suwałki,Sprzęt Turystyczny
4980,2024-10-12,38171,Kraków Gł. - Kołobrzeg,Rybno Pomorskie,Reklamówka / Torba
4981,2024-10-12,61108,Wrocław Gł. - Warszawa Wsch.,Warszawa Wschodnia,Walizka / Plecak
4982,2024-10-12,53174,Gdynia Gł. - Zakopane,Zakopane,Pieniądze
4983,2024-10-12,71101,Zielona Gora -Warszawa,Warszawa Olszynka Grochowska,Saszetka / Nerka
4984,2024-10-12,45150,Bielsko-Biała Gł. - Bydgoszcz Gł.,Bydgoszcz Główna,Walizka / Plecak
4985,2024-10-11,3526,Kraków Gł. - Olsztyn Gł.,Olsztyn Główny,Reklamówka / Torba
4986,2024-10-11,5132,Gdynia Gł. - Łódź Fabryczna,Łódź Fabryczna,Dokument/Y
4987,2024-10-11,3534,Kraków Gł. - Bydgoszcz Gł.,Toruń Główny,Obuwie
4988,2024-10-11,53103,Gdynia Gł. - Zakopane,Zakopane,Etui
4989,2024-10-11,5308,Gdynia Gł. - Rzeszów Główny,Rzeszów Główny,Sprzęt Elektroniczny
4990,2024-10-11,143,Vilnius(Lt) - Kraków Gł.,Opoczno Południe,Rzeczy Osobiste
4991,2024-10-11,5360,Gdynia Gł. - Zakopane,Zakopane,Ubranie
4992,2024-10-11,16104,Białystok - Wrocław Gł.,Wrocław Główny,Obuwie
4993,2024-10-11,16104,Białystok - Wrocław Gł.,Wrocław Główny,Sprzęt Elektroniczny
4994,2024-10-11,4502,Gliwice - Gdynia Gł.,Gdynia Główna,Ubranie
4995,2024-10-11,16108,Warszawa Wsch. - Wrocław Gł.,Warszawa Wschodnia,Dokument/Y
4996,2024-10-11,85100,Szczecin Gł. - Gdańsk Gł.,Słupsk,Reklamówka / Torba
4997,2024-10-11,58108,Olsztyn Gł. - Szczecin Gł.,Lębork,Reklamówka / Torba
4998,2024-10-11,16102,Warszawa Wsch. - Wrocław Gł.,Wrocław Główny,Sprzęt Elektroniczny
4999,2024-10-11,16102,Warszawa Wsch. - Wrocław Gł.,Wrocław Główny,Ubranie
5000,2024-10-11,49,Berlin-Lichtenberg - Warszawa Wsch.,Warszawa Wschodnia,Sprzęt Elektroniczny
5001,2024-10-11,8304,Szczecin Gł. - Przemyśl Gł.,Kraków Płaszów,Dokument/Y
5002,2024-10-11,3524,Kraków Gł. - Olsztyn Gł.,Olsztyn Główny,Rzeczy Osobiste
5003,2024-10-11,1908,Warszawa Wsch-Łódż Fabryczna,Łódź Fabryczna,Sprzęt Elektroniczny
5004,2024-10-11,5602,Gdynia Gł. - Wrocław Gł.,Wrocław Główny,Reklamówka / Torba
5005,2024-10-11,91101,Łódz-Warszawa,Warszawa Olszynka Grochowska,Etui
5006,2024-10-11,85108,Lebor-Olsztyn Gł,Olsztyn Główny,Książka
5007,2024-10-10,1310,Warszawa Wschodnia - Kraków Główny,Kraków Główny,Sprzęt Turystyczny
5008,2024-10-11,75102,Poznań Gł-Olsztyn Gł,Olsztyn Główny,Reklamówka / Torba
5009,2024-10-11,6502,Wrocław Gł. - Gdynia Gł.,Gdynia Główna,Walizka / Plecak
5010,2024-10-11,5300,Gdynia Główna - Kraków Główny,Kraków Główny,Książka
5011,2024-10-11,5302,Gdynia Główna - Kraków Główny,Kraków Główny,Ubranie
5012,2024-10-11,1304,Warszawa Wschodnia - Kraków Główny,Kraków Główny,Sprzęt Elektroniczny
5013,2024-10-11,58106,Olsztyn Gł. - Szczecin Gł.,Gdańsk Główny,Ubranie
5014,2024-10-10,7301,Poznan Gł.-Przemyśl Gł.,Przemyśl Główny,Etui
5015,2024-10-09,13101,Warszawa Wsch-Przemyśl Gł.,Przemyśl Główny,Sprzęt Elektroniczny
5016,2024-10-08,43001,Praga-Przemyśl Gł.,Przemyśl Główny,Rzeczy Osobiste
5017,2024-10-11,43001,Praga -Przemyśl Gł.,Przemyśl Główny,Książka
5018,2024-10-08,13101,Warszawa Wsch-Przemyśl Gł.,Przemyśl Główny,Ubranie
5019,2024-10-08,83173,Świnoujście-Przemysl Gł,Przemyśl Główny,Artykuły Dziecięce
5020,2024-10-08,13101,Warszawa Wsch-Przemysl Gł.,Przemyśl Główny,Sprzęt Elektroniczny
5021,2024-10-08,73105,Zielona Góra-Przemysl Gł.,Przemyśl Główny,Saszetka / Nerka
5022,2024-10-11,5620,Ełk - Wrocław Gł.,Wrocław Główny,Artykuły Biurowe
5023,2024-10-11,4122,Bielsko-Biała Gł. - Białystok,Skierniewice,Walizka / Plecak
5024,2024-10-11,4522,Racibórz - Olsztyn Gł.,Olsztyn Główny,Reklamówka / Torba
5025,2024-10-11,31102,Kraków Gł. - Warszawa Wsch.,Warszawa Wschodnia,Ubranie
5026,2024-10-11,5112,Gdynia Gł. - Warszawa Zach.,Warszawa Zachodnia,Ubranie
5027,2024-10-11,6520,Wrocław Gł. - Ełk,Grajewo,Ubranie
5028,2024-10-11,4500,Bielsko-Biała Gł. - Gdynia Gł.,Gdynia Główna,Sprzęt Elektroniczny
5029,2024-10-10,6101,Wrocław -Warszawa Wschodnia,Warszawa Olszynka Grochowska,Ubranie
5030,2024-10-10,82100,Szczecin Gł. - Lublin Gł.,Pilawa,Książka
5031,2024-10-10,6100,Wrocław Gł. - Warszawa Wsch.,Warszawa Centralna,Reklamówka / Torba
5032,2024-10-10,1530,Warszawa Zach. - Bydgoszcz Gł.,Warszawa Zachodnia,Sprzęt Elektroniczny
5033,2024-10-10,4524,Bielsko-Biała Gł. - Olsztyn Gł.,Olsztyn Główny,Ubranie
5034,2024-10-10,9102,Łódź Fabryczna - Warszawa Wsch.,Warszawa Wschodnia,Ubranie
5035,2024-10-10,57104,Gdynia Gł. - Zielona Góra Gł.,Zielona Góra Główna,Sprzęt Elektroniczny
5036,2024-10-10,56102,Olsztyn Gł. - Wrocław Gł.,Wrocław Główny,Parasol
5037,2024-10-10,81114,Kołobrzeg - Łódź Fabryczna,Łódź Fabryczna,Ubranie
5038,2024-10-10,25100,Chełm - Bydgoszcz Gł.,Toruń Główny,Rzeczy Osobiste
5039,2024-10-10,3550,Kraków Gł. - Gdynia Gł.,Gdynia Główna,Sprzęt Turystyczny
5040,2024-10-10,58106,Olsztyn Gł. - Szczecin Gł.,Lębork,Artykuły Spożywcze
5041,2024-10-10,82102,Szczecin Gł. - Lublin Gł.,Częstochowa Stradom,Artykuły Biurowe
5042,2024-10-10,8304,Szczecin Gł. - Przemyśl Gł.,Przemyśl Główny,Ubranie
5043,2024-10-10,5100,Gdynia Gł. - Warszawa Zach.,Gdynia Główna,Sprzęt Elektroniczny
5044,2024-10-10,8320,Szczecin-Kraków,Kraków Główny,Książka
5045,2024-10-10,47,Berlin Hbf - Warszawa Wsch.,Warszawa Zachodnia,Kosztowności
5046,2024-10-10,108,Wodzisław Śl. - Gdynia Gł.,Gdynia Główna,Ubranie
5047,2024-10-10,3504,Kraków Gł. - Gdynia Gł.,Gdynia Główna,Sprzęt Elektroniczny
5048,2024-10-10,38100,Rzeszów Główny - Szczecinek,Wyrzysk Osiek,Ubranie
5049,2024-10-10,25100,Chełm - Bydgoszcz Gł.,Warszawa Centralna,Rzeczy Osobiste
5050,2024-10-10,1007,Łódz Fabryczna- Białystok,Białystok,Sprzęt Elektroniczny
5051,2024-10-10,9104,Łódź Fabryczna - Warszawa Wsch.,Warszawa Wschodnia,Sprzęt Elektroniczny
5052,2024-10-10,11112,Terespol - Warszawa Zach.,Warszawa Zachodnia,Walizka / Plecak
5053,2024-10-10,45,Berlin Hbf - Warszawa Wsch.,Warszawa Zachodnia,Rzeczy Osobiste
5054,2024-10-10,3506,Kraków Gł. - Gdynia Gł.,Gdynia Główna,Obuwie
5055,2024-10-09,1115,Łódz -Terespol,Terespol,Walizka / Plecak
5056,2024-10-10,17100,Warszawa Wsch. - Zielona Góra Gł.,Zielona Góra Główna,Artykuły Dziecięce
5057,2024-10-10,18114,Łódź Fabryczna - Kołobrzeg,Iława Główna,Walizka / Plecak
5058,2024-10-10,2700,Lublin Gł. - Żary,Gliwice,Ubranie
5059,2024-10-10,1322,Warszawa Wsch. - Kraków Gł.,Kraków Główny,Parasol
5060,2024-10-10,12100,Warszawa Zach. - Chełm,Chełm,Rzeczy Osobiste
5061,2024-10-10,3560,Zakopane - Gdynia Gł.,Kutno,Telefon
5062,2024-10-08,5312,Gdynia-Kraków,Kraków Główny,Ubranie
5063,2024-10-08,,,Bydgoszcz Główna,Rzeczy Osobiste
5064,2024-10-10,5302,Gdynia-Kraków,Kraków Główny,Ubranie
5065,2024-10-10,71102,Zielona Góra Gł. - Warszawa Wsch.,Warszawa Wschodnia,Ubranie
5066,2024-10-10,16100,Warszawa Wsch. - Jelenia Góra,Opole Główne,Dokument/Y
5067,2024-10-10,1502,Warszawa Zach. - Gdynia Gł.,Sopot,Telefon
5068,2024-10-10,83172,Świnoujście - Przemyśl Gł.,Przemyśl Główny,Saszetka / Nerka
5069,2024-10-10,3112,Kraków Gł. - Warszawa Wsch.,Warszawa Wschodnia,Etui
5070,2024-10-07,2700,Lublin Gł. - Żary,Wrocław Główny,Sprzęt Elektroniczny
5071,2024-10-08,56104,Olsztyn Gł. - Wrocław Gł.,Wrocław Główny,Ubranie
5072,2024-10-09,31101,Krakow-Warszawa,Warszawa Olszynka Grochowska,Reklamówka / Torba
5073,2024-10-10,249,Berlin Hbf - Warszawa Wsch.,Warszawa Wschodnia,Telefon
5074,2024-10-09,82100,Szczecin Gł. - Lublin Gł.,Sobolew,Sprzęt Agd
5075,2024-10-09,59,Berlin Hbf - Gdynia Gł.,Gdynia Główna,Ubranie
5076,2024-10-09,12102,Warszawa Zach. - Lublin Gł.,Lublin Główny,Reklamówka / Torba
5077,2024-10-09,5302,Gdynia Główna - Kraków Główny,Kraków Główny,Książka
5078,2024-10-09,63102,Jelenia Góra - Kraków Główny,Kraków Główny,Akcesoria Dla Zwierząt
5079,2024-10-09,53172,Gdynia Główna - Krakow Główny,Kraków Główny,Obuwie
5080,2024-10-09,5300,Gdynia Główna -Kraków Główny,Kraków Główny,Książka
5081,2024-10-09,4123,Bielsko Biała - Białystok,Białystok,Parasol
5082,2024-10-09,1624,Białystok - Wrocław Gł.,Wrocław Główny,Parasol
5083,2024-10-09,73104,Zielona Góra Gł. - Przemyśl Gł.,Przemyśl Zasanie,Ubranie
5084,2024-10-09,1526,Warszawa-Bydgoszcz Gł.,Bydgoszcz Główna,Rzeczy Osobiste
5085,2024-10-09,16108,Warszawa Wsch. - Wrocław Gł.,Wrocław Główny,Reklamówka / Torba
5086,2024-10-09,81103,Szczecin Gł. - Suwałki,Słupca,Sprzęt Elektroniczny
5087,2024-10-08,5602,Gdynia Gł. - Wrocław Gł.,Wrocław Główny,Rzeczy Osobiste
5088,2024-10-08,56104,Olsztyn Gł. - Wrocław Gł.,Wrocław Główny,Rzeczy Osobiste
5089,2024-10-09,7300,Poznań Gł. - Przemyśl Gł.,Przemyśl Główny,Sprzęt Sportowy
5090,2024-10-09,3510,Kraków Gł. - Gdynia Gł.,Gdynia Główna,Sprzęt Elektroniczny
5091,2024-10-03,1622,Białystok - Wrocław Gł.,Wrocław Główny,Ubranie
5092,2024-10-09,73102,Poznań Gł. - Kraków Gł.,Kraków Główny,Rzeczy Osobiste
5093,2024-10-09,1502,Warszawa Zach. - Gdynia Gł.,Gdynia Główna,Reklamówka / Torba
5094,2024-10-05,5602,Gdynia Gł. - Wrocław Gł.,Wrocław Główny,Walizka / Plecak
5095,2024-10-09,6123,Wrocław -Warszawa Wschodnia,Warszawa Olszynka Grochowska,Rzeczy Osobiste
5096,2024-10-09,6123,Wrocław -Warszawa Wschodnia,Warszawa Olszynka Grochowska,Etui
5097,2024-10-08,3720,,Poznań Główny,Sprzęt Elektroniczny
5098,2024-10-07,61107,Wrocław -Białystok,Białystok,Sprzęt Elektroniczny
5099,2024-10-08,5420,Gdynia Gł. - Tychy,Tychy,Ubranie
5100,2024-10-08,3532,Rzeszów Główny - Bydgoszcz Gł.,Bydgoszcz Główna,Sprzęt Elektroniczny
5101,2024-10-08,65104,Wrocław Gł. - Olsztyn Gł.,Olsztyn Główny,Artykuły Spożywcze
5102,2024-10-08,3500,Kraków Gł. - Gdynia Gł.,Gdynia Główna,Sprzęt Elektroniczny
5103,2024-10-08,5329,Olsztyn Gł. - Kraków Gł.,Ostróda,Sprzęt Elektroniczny
5104,2024-10-08,4502,Gliwice - Gdynia Gł.,Gdynia Główna,Rzeczy Osobiste
5105,2024-10-08,5404,Gdynia Gł. - Gliwice,Gliwice,Sprzęt Elektroniczny
5106,2024-10-08,1422,Białystok - Bielsko-Biała Gł.,Bielsko-Biała Główna,Reklamówka / Torba
5107,2024-10-07,5320,Olsztyn-Kraków,Kraków Główny,Ubranie
5108,2024-10-08,5328,Olsztyn-Kraków,Kraków Główny,Telefon
5109,2024-10-08,5328,Olsztyn-Kraków,Kraków Główny,Sprzęt Elektroniczny
5110,2024-10-08,9106,Łódz-Warszawa,Warszawa Olszynka Grochowska,Ubranie
5111,2024-10-08,19132,Warszawa Wsch. - Łódź Fabryczna,Łódź Fabryczna,Książka
5112,2024-10-08,5424,Olsztyn Gł. - Bielsko-Biała Gł.,Bielsko-Biała Główna,Ubranie
5113,2024-10-08,3513,Kraków Gł. - Gdynia Gł.,Leszno,Telefon
5114,2024-10-03,1622,Białystok - Wrocław Gł.,Wrocław Główny,Sprzęt Elektroniczny
5115,2024-10-06,56150,Gdynia Gł. - Wrocław Gł.,Wrocław Główny,Książka
5116,2024-10-08,3514,Przemyśl Gł. - Gdynia Gł.,Leszno,Telefon
5117,2024-10-08,75100,Zielona Góra Gł. - Olsztyn Gł.,Zielona Góra Główna,Ubranie
5118,2024-10-06,1620,Warszawa Wsch. - Wrocław Gł.,Wrocław Główny,Rzeczy Osobiste
5119,2024-10-06,5620,Ełk - Wrocław Gł.,Wrocław Główny,Dokument/Y
5120,2024-10-05,5620,Ełk - Wrocław Gł.,Wrocław Główny,Sprzęt Elektroniczny
5121,2024-10-04,2700,Lublin Główny - Żary,Wrocław Główny,Rzeczy Osobiste
5122,2024-10-06,54102,Gdynia,Katowice,Sprzęt Elektroniczny
5123,2024-10-08,57108,Gdynia Gł. - Zielona Góra Gł.,Zielona Góra Główna,Reklamówka / Torba
5124,2024-10-08,55,Berlin Hbf - Kraków Gł.,Kraków Główny,Reklamówka / Torba
5125,2024-10-07,3526,Kraków Gł. - Olsztyn Gł.,Olsztyn Główny,Reklamówka / Torba
5126,2024-10-07,83102,Świnoujście - Kraków Gł.,Mysłowice,Walizka / Plecak
5127,2024-10-07,7200,Żary - Lublin Gł.,Zamość Wschód,Ubranie
5128,2024-10-07,31108,Kraków Gł. - Łódź Fabryczna,Koniecpol,Sprzęt Elektroniczny
5129,2024-10-07,85104,Szczecin Gł. - Olsztyn Gł.,Tczew,Walizka / Plecak
5130,2024-10-07,117,Praha-Vršovice - Warszawa Wsch.,Rybnik,Walizka / Plecak
5131,2024-10-07,3550,Kraków Gł. - Gdynia Gł.,Gdynia Główna,Telefon
5132,2024-10-07,3550,Kraków Gł. - Gdynia Gł.,Gdynia Główna,Rzeczy Osobiste
5133,2024-10-07,3600,Przemyśl Główny - Wrocław Główny,Wrocław Główny,Kosztowności
5134,2024-10-07,88101,Piła Gł. - Gorzów Wlkp.,Gorzów Wielkopolski,Walizka / Plecak
5135,2024-10-07,5304,Gdynia Główna - Kraków Główny,Kraków Główny,Ubranie
5136,2024-10-07,83106,Piła Gł. - Kraków Gł.,Częstochowa Stradom,Sprzęt Elektroniczny
5137,2024-10-07,1909,Warszawa-Łódź,Łódź Fabryczna,Ubranie
5138,2024-10-07,5113,Gdynia Gł. - Warszawa Wsch.,Warszawa Olszynka Grochowska,Reklamówka / Torba
5139,2024-10-07,53173,Gdynia Główna-Kraków Główny,Kraków Główny,Rzeczy Osobiste
5140,2024-10-06,1310,Warszawa Wschodnia -Kraków Główny,Kraków Główny,Ubranie
5141,2024-10-07,1306,Warszawa Wschodnia -Kraków Główny,Kraków Główny,Książka
5142,2024-10-07,27102,Lublin Gł. - Poznań Gł.,Sieradz,Sprzęt Elektroniczny
5143,2024-10-07,108,Wien Hbf - Gdynia Gł.,Działdowo,Sprzęt Elektroniczny
5144,2024-10-07,4506,Bielsko-Biała Gł. - Gdynia Gł.,Gdynia Główna,Telefon
5145,2024-10-04,6303,Wrocław.Gł-Przemyśl.Gł,Przemyśl Bakończyce,Sprzęt Elektroniczny
5146,2024-10-07,53173,Gdynia Głowna-Kraków Główny,Kraków Główny,Obuwie
5147,2024-10-07,5328,Olsztyn Główny-Kraków Główny,Kraków Główny,Etui
5148,2024-10-07,8305,Szczecin-Przemyśl Gł,Przemyśl Bakończyce,Parasol
5149,2024-10-07,5620,Ełk - Wrocław Gł.,Wrocław Główny,Reklamówka / Torba
5150,2024-10-07,8305,Szczecin Gł-Przemyśl Gł,Przemyśl Bakończyce,Rzeczy Osobiste
5151,2024-10-06,73000,Berlin-Przemyśl.Gł,Przemyśl Bakończyce,Sprzęt Elektroniczny
5152,2024-10-07,3522,Racibórz-Olsztyn Główny,Olsztyn Główny,Sprzęt Agd
5153,2024-10-05,73000,Berlin-Przemyśl Gł,Przemyśl Bakończyce,Rzeczy Osobiste
5154,2024-10-06,3532,Rzeszów Gł-Bydgoszcz Gł,Sochaczew,Dokument/Y
5155,2024-10-07,1320,Warszawa Wsch. - Zakopane,Jędrzejów,Etui
5156,2024-10-07,21106,Lublin Gł. - Warszawa Wsch.,Warszawa Wschodnia,Walizka / Plecak
5157,2024-10-07,17102,,Zielona Góra Główna,Sprzęt Elektroniczny
5158,2024-10-07,73104,Zielona Góra Gł. - Przemyśl Gł.,Zielona Góra Główna,Sprzęt Elektroniczny
5159,2024-10-07,1104,Olsztyn Gł-Łódź,Łódż Kaliska,Artykuły Medyczne
5160,2024-10-07,83172,Świnoujście - Przemyśl Gł.,Brzeg,Reklamówka / Torba
5161,2024-10-07,5422,Olsztyn Gł. - Racibórz,Racibórz,Parasol
5162,2024-10-06,83102,Świnoujście - Kraków Gł.,Kraków Główny,Ubranie
5163,2024-10-06,143,Vilnius(Lt) - Kraków Gł.,Kraków Główny,Reklamówka / Torba
5164,2024-10-06,82100,Szczecin Gł. - Lublin Gł.,Lublin Główny,Ubranie
5165,2024-10-06,1312,Warszawa Wsch. - Kraków Gł.,Kraków Główny,Ubranie
5166,2024-10-05,5326,Olsztyna - Kraków,Kraków Główny,Ubranie
5167,2024-10-04,1322,Warszawa - Kraków,Kraków Główny,Ubranie
5168,2024-10-06,3513,Kraków Gł. - Gdynia Gł.,Gdynia Główna,Sprzęt Elektroniczny
5169,2024-10-06,5312,Gdynia Gł. - Przemyśl Gł.,Przemyśl Główny,Reklamówka / Torba
5170,2024-10-06,72102,Poznań Gł. - Lublin Gł.,Lublin Główny,Reklamówka / Torba
5171,2024-10-06,3514,Przemyśl Gł. - Gdynia Gł.,Gdynia Główna,Walizka / Plecak
5172,2024-10-06,5142,Gdynia Gł. - Warszawa Zach.,Warszawa Zachodnia,Ubranie
5173,2024-10-06,3513,Kraków Gł. - Gdynia Gł.,Bydgoszcz Główna,Sprzęt Elektroniczny
5174,2024-10-06,7200,Żary - Lublin Gł.,Kraków Główny,Walizka / Plecak
5175,2024-10-06,6124,Wrocław Gł. - Białystok,Tłuszcz,Walizka / Plecak
5176,2024-10-06,5602,Gdynia Gł. - Wrocław Gł.,Wrocław Główny,Reklamówka / Torba
5177,2024-10-06,47,Berlin Hbf - Warszawa Wsch.,Warszawa Wschodnia,Sprzęt Turystyczny
5178,2024-10-06,7200,Żary - Lublin Gł.,Katowice,Reklamówka / Torba
5179,2024-10-06,4122,Bielsko-Biała Gł. - Białystok,Białystok,Walizka / Plecak
5180,2024-10-06,3522,Kraków Gł. - Olsztyn Gł.,Olsztyn Główny,Artykuły Biurowe
5181,2024-10-06,8304,Szczecin Gł. - Przemyśl Gł.,Bochnia,Ubranie
5182,2024-10-06,5220,Bydgoszcz Gł. - Lublin Gł.,Lublin Główny,Reklamówka / Torba
5183,2024-10-06,57,Berlin Hbf - Przemyśl Gł.,Legnica,Walizka / Plecak
5184,2024-10-06,7200,Żary - Lublin Gł.,Wrocław Główny,Rzeczy Osobiste
5185,2024-10-06,83172,Świnoujście - Przemyśl Gł.,Przemyśl Główny,Ubranie
5186,2024-10-06,1424,Płock - Katowice,Częstochowa,Rzeczy Osobiste
5187,2024-10-06,4161-ED-160,Wisla Uzdrowisko -Warszawa,Warszawa Olszynka Grochowska,Walizka / Plecak
5188,2024-10-06,82102,Szczecin Gł. - Lublin Gł.,Lublin Główny,Parasol
5189,2024-10-05,5406,Gdynia Gł. - Bielsko-Biała Gł.,Bielsko-Biała Główna,Etui
5190,2024-10-05,102,Wien Hbf - Kraków Gł.,Kraków Główny,Walizka / Plecak
5191,2024-10-05,5320,Olsztyn Gł. - Kraków Gł.,Kielce Główne,Artykuły Biurowe
5192,2024-10-05,1512,Warszawa Zach. - Gdynia Gł.,Gdynia Główna,Sprzęt Elektroniczny
5193,2024-10-05,4526,Katowice - Gdynia Gł.,Bydgoszcz Główna,Portfel
5194,2024-10-04,2100,Lublin-Łódź Fabr,Łódź Kal,Reklamówka / Torba
5195,2024-10-05,16102,Warszawa Wsch. - Wrocław Gł.,Wrocław Główny,Artykuły Spożywcze
5196,2024-10-05,73100,Poznań Gł. - Kraków Gł.,Kępno,Sprzęt Turystyczny
5197,2024-10-05,5306,Gdynia Główna-Kraków Główny,Kraków Główny,Rzeczy Osobiste
5198,2024-10-05,7322,Poznań Gł. - Kraków Gł.,Łódź Żabieniec,Rzeczy Osobiste
5199,2024-10-05,5314,Gdynia Gł. - Przemyśl Gł.,Mysłowice,Walizka / Plecak
5200,2024-10-05,30104,Kraków Gł. - Krynica-Zdrój,Grybów,Rzeczy Osobiste
5201,2024-10-04,18102,Suwałki-Świnoujście,Suwałki,Ubranie
5202,2024-10-05,4160,Wisła Uzdr. - Warszawa Wsch.,Wisła Uzdrowisko,Artykuły Biurowe
5203,2024-10-05,4160,Wisła Uzdr. - Warszawa Wsch.,Wisła Uzdrowisko,Sprzęt Elektroniczny
5204,2024-10-05,3522,Kraków-Olsztyn,Olsztyn Główny,Sprzęt Elektroniczny
5205,2024-10-05,3522,Kraków Gł. - Olsztyn Gł.,Olsztyn Główny,Parasol
5206,2024-10-05,5350,Gdynia Głowna -Kraków Główny,Kraków Główny,Parasol
5207,2024-10-05,38100,Rzeszów -Szczecinek,Warszawa Zachodnia,Portfel
5208,2024-10-05,3108,Kraków Gł. - Warszawa Wsch.,Warszawa Wschodnia,Rzeczy Osobiste
5209,2024-10-05,6302,Wrocław Gł. - Przemyśl Gł.,Przemyśl Główny,Parasol
5210,2024-10-05,38100,Rzeszów Główny - Szczecinek,Warszawa Zachodnia,Portfel
5211,2024-10-05,75104,Zielona Góra Gł. - Gdynia Gł.,Gdynia Główna,Sprzęt Elektroniczny
5212,2024-10-05,61104,Wrocław Gł. - Białystok,Szepietowo,Parasol
5213,2024-10-05,109,Gdynia Gł. - Wien Hbf,Działdowo,Reklamówka / Torba
5214,2024-10-05,61103,Wrocław Gł.-Białystok,Białystok,Ubranie
5215,2024-10-04,24100,Lublin - Katowice,Katowice,Rzeczy Osobiste
5216,2024-10-04,5427,Gdynia - Katowice,Katowice,Rzeczy Osobiste
5217,2024-10-05,111,Ostrava-Svinov - Warszawa Wsch.,Warszawa Wschodnia,Walizka / Plecak
5218,2024-10-04,25100,Chełm-Bydgoszcz Gł,Bydgoszcz Główna,Parasol
5219,2024-10-05,3534,Kraków Gł-Bydgoszcz Gł,Bydgoszcz Główna,Parasol
5220,2024-10-05,81110,Piła Gł-Warszawa Wsch,Piła Główna,Walizka / Plecak
5221,2024-10-05,35170,Zakopane - Gdynia Gł.,Gdynia Główna,Reklamówka / Torba
5222,2024-10-05,5326,Olsztyn Gł. - Kraków Gł.,Warka,Sprzęt Elektroniczny
5223,2024-10-05,5101,Gdynia Gł. - Warszawa Wsch.,Warszawa Olszynka Grochowska,Ubranie
5224,2024-10-05,38172,Przemyśl Gł. - Świnoujście,Rawicz,Telefon
5225,2024-10-05,28104,Hrubieszów Miasto - Świnoujście,Hrubieszów Miasto,Saszetka / Nerka
5226,2024-10-04,53174,Gdynia Gł. - Zakopane,Warszawa Centralna,Sprzęt Elektroniczny
5227,2024-10-04,17102,Warszawa Wsch. - Zielona Góra Gł.,Zielona Góra Główna,Sprzęt Elektroniczny
5228,2024-10-04,81104,Szczecin Gł. - Białystok,Białystok,Portfel
5229,2024-10-04,85100,Szczecin Gł. - Gdańsk Gł.,Gdańsk Główny,Telefon
5230,2024-10-04,3500,Kraków Gł. - Gdynia Gł.,Gdynia Główna,Saszetka / Nerka
5231,2024-10-04,5329,Olsztyn Gł. - Kraków Gł.,Olsztyn Główny,Artykuły Biurowe
5232,2024-10-04,4524,Bielsko-Biała Gł. - Olsztyn Gł.,Olsztyn Główny,Reklamówka / Torba
5233,2024-10-04,37104,Przemyśl Gł. - Zielona Góra Gł.,Brzeg,Rzeczy Osobiste
5234,2024-10-04,130,Chałupki - Warszawa Wsch.,Warszawa Wschodnia,Sprzęt Elektroniczny
5235,2024-10-04,25100,Chełm - Bydgoszcz Gł.,Bydgoszcz Główna,Parasol
5236,2024-10-04,58106,Olsztyn Gł. - Szczecin Gł.,Lębork,Walizka / Plecak
5237,2024-10-04,82102,Szczecin Gł. - Lublin Gł.,Częstochowa Stradom,Rzeczy Osobiste
5238,2024-10-04,5427,Gdynia Gł. - Katowice,Katowice,Sprzęt Sportowy
5239,2024-10-04,5350,Gdynia - Kraków,Kraków Główny,Sprzęt Elektroniczny
5240,2024-10-04,5350,Gdynia - Kraków,Kraków Główny,Ubranie
5241,2024-10-04,5127,Bydgoszcz Gł. - Warszawa Wsch.,Warszawa Wschodnia,Walizka / Plecak
5242,2024-10-04,5350,Gdynia - Kraków,Kraków Główny,Rzeczy Osobiste
5243,2024-10-04,85102,Szczecin Gł. - Olsztyn Gł.,Sławno,Dokument/Y
5244,2024-10-04,3504,Kraków Gł. - Gdynia Gł.,Gdynia Główna,Ubranie
5245,2024-10-04,106,Graz Hbf - Przemyśl Gł.,Przeworsk,Ubranie
5246,2024-10-04,21104,Lublin Gł. - Warszawa Wsch.,Łuków,Walizka / Plecak
5247,2024-10-04,3522,Kraków Gł. - Olsztyn Gł.,Olsztyn Główny,Saszetka / Nerka
5248,2024-10-04,4123,Bielsko Biała -Białystok,Białystok,Parasol
5249,2024-10-04,84102,Słupsk - Bielsko-Biała Gł.,Poznań Główny,Reklamówka / Torba
5250,2024-10-04,3504,Kraków Gł. - Gdynia Gł.,Warszawa Wschodnia,Sprzęt Elektroniczny
5251,2024-10-04,38106,Kraków Gł. - Piła Gł.,Poznań Główny,Telefon
5252,2024-10-04,6303,Wrocław-Przemyśl Gł,Przemyśl Główny,Walizka / Plecak
5253,2024-10-04,3805,Przemyśl -Szczecin Gł,Przemyśl Główny,Sprzęt Elektroniczny
5254,2024-10-04,6302,Wrocław Gł. - Przemyśl Gł.,Przemyśl Główny,Dokument/Y
5255,2024-10-04,8305,Szczecin Gł-Przemyśl Gł,Przemyśl Główny,Parasol
5256,2024-10-04,7320,Poznań Gł. - Kraków Gł.,Kraków Główny,Ubranie
5257,2024-10-04,48,Warszawa Wsch. - Berlin Hbf,Poznań Główny,Sprzęt Elektroniczny
5258,2024-10-04,5600,Gdynia Gł. - Jelenia Góra,Jelenia Góra,Walizka / Plecak
5259,2024-09-30,26102,,Wrocław Główny,Rzeczy Osobiste
5260,2024-09-30,1624,,Wrocław Główny,Dokument/Y
5261,2024-10-04,5604,,Wrocław Główny,Sprzęt Elektroniczny
5262,2024-10-01,,,Bydgoszcz Główna,Książka
5263,2024-09-15,,,Bydgoszcz Główna,Rzeczy Osobiste
5264,2024-10-04,,,Bydgoszcz Główna,Dokument/Y
5265,2024-10-03,57102,Poznan,Poznań Główny,Sprzęt Elektroniczny
5266,2024-10-04,5329,Olsztyn Gł. - Kraków Gł.,Kraków Główny,Walizka / Plecak
5267,2024-10-04,5314,Gdynia Gł. - Przemyśl Gł.,Przemyśl Główny,Ubranie
5268,2024-10-04,82104,Świnoujście - Hrubieszów Miasto,Hrubieszów Miasto,Sprzęt Elektroniczny
5269,2024-10-03,4121 ED-160,Bielsko-Biala-Warszawa,Warszawa Olszynka Grochowska,Walizka / Plecak
5270,2024-10-03,81104,Szczecin G.- Białystok,Białystok,Ubranie
5271,2024-10-03,35105,Zakopane - Gdynia Gł.,Gdynia Główna,Walizka / Plecak
5272,2024-10-03,18110,Warszawa Wsch. - Piła Gł.,Solec Kujawski,Walizka / Plecak
5273,2024-10-03,4502,Gliwice - Gdynia Gł.,Gdynia Główna,Rzeczy Osobiste
5274,2024-10-03,4502,Gliwice - Gdynia Gł.,Gdynia Główna,Ubranie
5275,2024-10-03,3513,Kraków Gł. - Gdynia Gł.,Gdynia Główna,Reklamówka / Torba
5276,2024-10-03,82104,Świnoujście - Hrubieszów Miasto,Warszawa Zachodnia,Rzeczy Osobiste
5277,2024-10-03,73003,Frankfurt-Kraków Główny,Kraków Główny,Artykuły Medyczne
5278,2024-10-01,13102,Warszawa Wschodnia -Kraków Główny,Kraków Główny,Ubranie
5279,2024-10-02,53172,Gdynia Główna-Kraków Główny,Kraków Główny,Ubranie
5280,2024-10-03,5300,Gdynia Główna -Kraków Główny,Kraków Główny,Parasol
5281,2024-10-03,12102,Warszawa Zach. - Lublin Gł.,Lublin Główny,Książka
5282,2024-10-03,5304,Gdynia Główna -Kraków Główny,Kraków Główny,Książka
5283,2024-10-02,5306,Gdynia Głowna-Krakow Główny,Kraków Główny,Ubranie
5284,2024-10-02,13108,Łódź Gabryczna -Kraków Główny,Kraków Główny,Ubranie
5285,2024-10-03,5306,Gdynia Gł. - Kraków Gł.,Kraków Główny,Sprzęt Elektroniczny
5286,2024-10-03,73100,Poznań Gł. - Kraków Gł.,Pleszew,Telefon
5287,2024-10-03,4123,Bielsko Biała Gł.-Białystok,Białystok,Sprzęt Elektroniczny
5288,2024-10-03,143,Vilnius(Lt) - Kraków Gł.,Trakiszki,Rzeczy Osobiste
5289,2024-10-03,65102,Wrocław Gł. - Olsztyn Gł.,Ostróda,Książka
5290,2024-10-03,61102,Wrocław Gł. - Warszawa Wsch.,Warszawa Wschodnia,Ubranie
5291,2024-10-02,61105,Wrocław Gł.- Białystok,Białystok,Ubranie
5292,2024-10-02,61107,Wrocław Gł.- Białystok,Białystok,Sprzęt Agd
5293,2024-10-03,18104,Białystok - Szczecin Gł.,Morąg,Walizka / Plecak
5294,2024-10-03,1900,Warszawa Wsch. - Łódź Fabryczna,Łódź Fabryczna,Rzeczy Osobiste
5295,2024-09-29,11100,Warszawa-Terespol,Terespol,Ubranie
5296,2024-10-03,28104,Hrubieszów Miasto - Świnoujście,Warszawa Wschodnia,Walizka / Plecak
5297,2024-10-02,81100,Szczecin Gł. - Warszawa Wsch.,Warszawa Centralna,Sprzęt Elektroniczny
5298,2024-10-02,5124,Bydgoszcz Gł. - Warszawa Wsch.,Warszawa Centralna,Telefon
5299,2024-10-02,3534,Kraków Gł. - Bydgoszcz Gł.,Aleksandrów Kujawski,Parasol
5300,2024-10-02,82104,Świnoujście-Lublin,Lublin,Telefon
5301,2024-10-01,5312,Gdynia - Kraków,Kraków Główny,Reklamówka / Torba
5302,2024-10-01,5306,Gdynia - Kraków,Kraków Główny,Ubranie
5303,2024-10-02,88101,Piła Gł. - Gorzów Wlkp.,Gorzów Wielkopolski,Rzeczy Osobiste
5304,2024-10-02,5314,Gdynia Gł. - Przemyśl Gł.,Strzelce Opolskie,Sprzęt Elektroniczny
5305,2024-10-02,85108,,Olsztyn Główny,Artykuły Medyczne
5306,2024-10-02,31102,Kraków Gł. - Warszawa Wsch.,Warszawa Wschodnia,Reklamówka / Torba
5307,2024-10-02,83172,Świnoujście-Przemyśl Gł,Przemyśl Główny,Reklamówka / Torba
5308,2024-10-02,6302,Wrocław Gł. - Przemyśl Gł.,Przemyśl Główny,Sprzęt Elektroniczny
5309,2024-10-02,48102,Bielsko-Biała Gł. - Słupsk,Poznań Główny,Rzeczy Osobiste
5310,2024-10-02,71102,Zielona Góra Gł. - Warszawa Wsch.,Warszawa Wschodnia,Rzeczy Osobiste
5311,2024-10-02,5302,Gdynia Gł. - Kraków Gł.,Kraków Główny,Ubranie
5312,2024-10-02,56104,Olsztyn Gł. - Wrocław Gł.,Wrocław Główny,Reklamówka / Torba
5313,2024-10-02,3534,Kraków Gł.-Bydgoszcz Gł.,Bydgoszcz Główna,Dokument/Y
5314,2024-10-02,4520,Tychy - Gdynia Główna,Tychy,Etui
5315,2024-10-02,31106,Przemyśl Gł. - Warszawa Wsch.,Ostrowiec Świętokrzyski,Etui
5316,2024-10-02,35173,Kraków Gł. - Gdynia Gł.,Inowrocław,Sprzęt Elektroniczny
5317,2024-10-02,1422,Białystok - Bielsko-Biała Gł.,Bielsko-Biała Główna,Telefon
5318,2024-10-02,21101,Lublin-Warszawa,Warszawa Olszynka Grochowska,Sprzęt Elektroniczny
5319,2024-10-01,4500,Bielsko-Biała Gł. - Gdynia Gł.,Gdynia Główna,Sprzęt Elektroniczny
5320,2024-10-01,4500,Bielsko-Biała Gł. - Gdynia Gł.,Gdynia Główna,Ubranie
5321,2024-10-01,1906,Warszawa Wsch-Łódż Fabryczna,Łódź Fabryczna,Rzeczy Osobiste
5322,2024-10-01,12010,Warszawa Wsch. - Dorohusk,Dorohusk,Ubranie
5323,2024-10-01,12106,Warszawa Zach. - Lublin Gł.,Lublin Główny,Parasol
5324,2024-10-01,17102,Warszawa Wsch. - Zielona Góra Gł.,Poznań Główny,Sprzęt Elektroniczny
5325,2024-10-01,19130,Warszawa Wsch. - Łódź Fabryczna,Łódź Fabryczna,Ubranie
5326,2024-09-30,7322,Poznań Główny-Kraków Główny,Kraków Główny,Ubranie
5327,2024-09-30,5304,Gdynia Główna -Krakow Główny,Kraków Główny,Sprzęt Elektroniczny
5328,2024-09-29,143,Mockava -Krakow Głowny,Kraków Główny,Sprzęt Elektroniczny
5329,2024-10-01,5304,Gdynia Główna -Kraków Główny,Kraków Główny,Etui
5330,2024-10-01,5300,Gdynia Główna -Kraków Główny,Kraków Główny,Rzeczy Osobiste
5331,2024-10-01,4123,Bielsko Biała - Białystok,Białystok,Ubranie
5332,2024-10-01,5220,Bydgoszcz Gł. - Lublin Gł.,Lublin Główny,Rzeczy Osobiste
5333,2024-09-28,86102,,Wrocław Główny,Sprzęt Elektroniczny
5334,2024-09-27,36100,,Wrocław Główny,Sprzęt Elektroniczny
5335,2024-10-01,3602,,Wrocław Główny,Dokument/Y
5336,2024-09-29,16106,,Wrocław Główny,Dokument/Y
5337,2024-10-01,8320,Szczecin Gł. - Kraków Gł.,Kraków Główny,Sprzęt Sportowy
5338,2024-10-01,61104,Wrocław Gł. - Białystok,Białystok,Reklamówka / Torba
5339,2024-10-01,82102,Szczecin Gł. - Lublin Gł.,Rzepin,Portfel
5340,2024-10-01,7320,Poznań Gł. - Kraków Gł.,Kraków Główny,Ubranie
5341,2024-10-01,5332,Bydgoszcz Gł. - Rzeszów Główny,Rzeszów Główny,Ubranie
5342,2024-10-01,6300,Wrocław Gł. - Przemyśl Gł.,Przemyśl Główny,Ubranie
5343,2024-09-30,73001,,Przemyśl Bakończyce,Sprzęt Elektroniczny
5344,2024-09-30,7301,,Przemyśl Bakończyce,Ubranie
5345,2024-10-01,3510,Kraków Gł. - Gdynia Gł.,Gdańsk Główny,Artykuły Medyczne
5346,2024-10-01,48100,Katowice - Słupsk,Kościan,Rzeczy Osobiste
5347,2024-10-01,35170,Zakopane - Gdynia Gł.,Gdynia Główna,Sprzęt Elektroniczny
5348,2024-10-01,53172,Gdynia Gł. - Kraków Gł.,Kraków Główny,Ubranie
5349,2024-10-01,53172,Gdynia Gł. - Kraków Gł.,Kraków Główny,Walizka / Plecak
5350,2024-09-30,131,Chalupki-Warszawa,Warszawa Olszynka Grochowska,Książka
5351,2024-09-30,65104,Wrocław Główny- Olsztyn Główny,Olsztyn Główny,Sprzęt Elektroniczny
5352,2024-09-30,3120,Zakopane - Warszawa Wsch.,Warszawa Wschodnia,Ubranie
5353,2024-09-30,1602,Warszawa Wsch. - Jelenia Góra,Jelenia Góra,Ubranie
5354,2024-09-30,1530,Warszawa Zach. - Bydgoszcz Gł.,Solec Kujawski,Reklamówka / Torba
5355,2024-09-30,35105,Zakopane - Gdynia Gł.,Gdynia Główna,Saszetka / Nerka
5356,2024-09-30,1322,Kraków-Warszawa,Warszawa Olszynka Grochowska,Ubranie
5357,2024-09-30,17102,Warszawa Wsch. - Zielona Góra Gł.,Zielona Góra Główna,Sprzęt Elektroniczny
5358,2024-09-30,17102,Warszawa Wsch. - Zielona Góra Gł.,Zielona Góra Główna,Ubranie
5359,2024-09-30,16102,Warszawa Wsch. - Wrocław Gł.,Wrocław Główny,Ubranie
5360,2024-09-30,17102,Warszawa Wsch. - Zielona Góra Gł.,Zielona Góra Główna,Sprzęt Sportowy
5361,2024-09-30,81103,Szczecin Gł. - Suwałki,Sokółka,Sprzęt Elektroniczny
5362,2024-09-30,5350,Gdynia-Kraków,Kraków Główny,Rzeczy Osobiste
5363,2024-09-30,2700,Lublin Gł. - Żary,Żary,Ubranie
5364,2024-09-30,3524,Kraków Gł. - Olsztyn Gł.,Olsztyn Główny,Walizka / Plecak
5365,2024-09-30,62100,Wrocław Gł. - Lublin Gł.,Lublin Główny,Etui
5366,2024-09-30,65102,Wrocław - Olsztyn,Olsztyn Główny,Sprzęt Elektroniczny
5367,2024-09-30,9106,Łódź Fabryczna - Warszawa Wsch.,Warszawa Wschodnia,Reklamówka / Torba
5368,2024-09-30,5220,Bydgoszcz Gł. - Lublin Gł.,Lublin Główny,Ubranie
5369,2024-09-30,5402,Gdynia Gł. - Bielsko-Biała Gł.,Warszawa Zachodnia,Ubranie
5370,2024-09-29,71005,Berlin-Warszawa,Warszawa Olszynka Grochowska,Reklamówka / Torba
5371,2024-09-30,5142,Gdynia-Warszawa,Warszawa Olszynka Grochowska,Sprzęt Elektroniczny
5372,2024-09-30,61104,Wrocław Gł. - Białystok,Małkinia,Etui
5373,2024-09-30,65102,Wrocław Gł. - Olsztyn Gł.,Jabłonowo Pomorskie,Ubranie
5374,2024-09-30,311,Bohumin - Lublin Gł.,Lublin Główny,Ubranie
5375,2024-09-30,4508,Gliwice - Gdynia Gł.,Gdynia Główna,Ubranie
5376,2024-09-30,71104,Poznań Gł. - Warszawa Wsch.,Warszawa Wschodnia,Etui
5377,2024-09-29,1100,Białystok-Łódź Fabryczna,Łódź Fabryczna,Walizka / Plecak
5378,2024-09-30,406,München Hbf - Warszawa Wsch.,Warszawa Wschodnia,Saszetka / Nerka
5379,2024-09-30,21010,Dorohusk - Warszawa Wsch.,Chełm Miasto,Etui
5380,2024-09-30,78172,Poznań Gł. - Szczecinek,Szczecinek,Artykuły Muzyczne
5381,2024-09-30,4101,Bielsko Biała -Warszawa Wschodnia,Warszawa Olszynka Grochowska,Etui
5382,2024-09-30,31100,Przemyśl -Warszawa Wschodnia,Warszawa Olszynka Grochowska,Sprzęt Elektroniczny
5383,2024-09-30,3128,Kraków Gł. - Warszawa Wsch.,Warszawa Wschodnia,Ubranie
5384,2024-09-29,117,Praha-Vršovice - Warszawa Wsch.,Wodzisław Śląski,Saszetka / Nerka
5385,2024-09-29,65104,Wrocław Gł. - Olsztyn Gł.,Olsztyn Główny,Sprzęt Sportowy
5386,2024-09-29,5700,Gdynia Gł. - Poznań Gł.,Poznań Główny,Reklamówka / Torba
5387,2024-09-29,65104,Wrocław Gł. - Olsztyn Gł.,Ostróda,Ubranie
5388,2024-09-29,65104,Wrocław Gł. - Olsztyn Gł.,Ostróda,Sprzęt Elektroniczny
5389,2024-09-29,5329,Olsztyn Gł. - Kraków Gł.,Mława,Sprzęt Agd
5390,2024-09-29,56102,Olsztyn Gł. - Wrocław Gł.,Wrocław Główny,Ubranie
5391,2024-09-29,3504,Kraków Gł. - Gdynia Gł.,Gdynia Główna,Reklamówka / Torba
5392,2024-09-29,605,Giżycko - Olsztyn Gł.,Olsztyn Główny,Telefon
5393,2024-09-29,6502,Wrocław Gł. - Gdynia Gł.,Gdynia Główna,Portfel
5394,2024-09-29,59,Berlin Hbf - Gdynia Gł.,Gniezno,Kosztowności
5395,2024-09-29,3522,Kraków Gł. - Olsztyn Gł.,Mława,Ubranie
5396,2024-09-29,41009,Praga - Warszawa Wsch.,Warszawa Olszynka Grochowska,Walizka / Plecak
5397,2024-09-29,3506,Kraków Gł. - Gdynia Gł.,Warszawa Wschodnia,Sprzęt Elektroniczny
5398,2024-09-29,3508,Rzeszów Główny - Gdynia Gł.,Gdynia Główna,Walizka / Plecak
5399,2024-09-29,4522,Racibórz - Olsztyn Gł.,Olsztyn Główny,Reklamówka / Torba
5400,2024-09-28,1312,Warszawa Wschodnia - Kraków Główny,Kraków Główny,Książka
5401,2024-09-27,5322,Olsztyn Główny - Kraków Główny,Kraków Główny,Książka
5402,2024-09-29,13200,,Kraków Główny,Pieniądze
5403,2024-09-28,5427,Gdynia Główna - Katowice,Katowice,Książka
5404,2024-09-29,6102,Jelenia Góra - Warszawa Wsch.,Częstochowa Stradom,Sprzęt Elektroniczny
5405,2024-09-28,85104,Szczecin,Olsztyn Główny,Sprzęt Sportowy
5406,2024-09-28,78103,Zbąszynek - Gorzów Wlkp.,Gorzów Wielkopolski,Sprzęt Agd
5407,2024-09-28,41203,Rybnik-Warszawa,Warszawa Olszynka Grochowska,Walizka / Plecak
5408,2024-09-28,37100,Kraków-Poznan,Poznań Główny,Etui
5409,2024-09-28,3600,Przemyśl Gł. - Wrocław Gł.,Opole Główne,Artykuły Biurowe
5410,2024-09-28,6124,Wrocław-Białystok,Białystok,Telefon
5411,2024-09-28,51103,Gdynia -Warszawa,Warszawa Olszynka Grochowska,Walizka / Plecak
5412,2024-09-28,16100,Jelenia Góra-Warszawa,Warszawa Olszynka Grochowska,Ubranie
5413,2024-09-28,17102,Warszawa Wsch. - Zielona Góra Gł.,Nowy Tomyśl,Portfel
5414,2024-09-28,5420,Gdynia Gł. - Bielsko-Biała Gł.,Piotrków Trybunalski,Telefon
5415,2024-09-28,5404,Gdynia Gł. - Gliwice,Gliwice,Reklamówka / Torba
5416,2024-09-28,5320,Olsztyn Gł. - Kraków Gł.,Kraków Główny,Książka
5417,2024-09-28,11103,,Terespol,Sprzęt Elektroniczny
5418,2024-09-28,5304,Gdynia Główna-Kraków- Główny,Kraków Główny,Książka
5419,2024-09-28,5304,Gdynia Główna-Kraków- Głowny,Kraków Główny,Książka
5420,2024-09-28,11110,Terespol - Warszawa Zach.,Warszawa Zachodnia,Sprzęt Turystyczny
5421,2024-09-28,5322,Olsztyn Gł. - Kraków Gł.,Kielce Główne,Sprzęt Elektroniczny
5422,2024-09-28,5602,Gdynia Gł. - Wrocław Gł.,Leszno,Kosztowności
5423,2024-09-28,3522,Kraków Gł. - Olsztyn Gł.,Olsztyn Główny,Ubranie
5424,2024-09-28,61106/7,Wrocław-Białystoi,Białystok,Walizka / Plecak
5425,2024-09-28,57100,Olsztyn Gł. - Zielona Góra Gł.,Zielona Góra Główna,Sprzęt Elektroniczny
5426,2024-09-28,57100,Olsztyn Gł. - Zielona Góra Gł.,Nowy Tomyśl,Sprzęt Elektroniczny
5427,2024-09-28,693,Szczecinek - Ustka,Białogard,Telefon
5428,2024-09-28,3506,Kraków Gł. - Gdynia Gł.,Iława Główna,Portfel
5429,2024-09-28,37100,Kraków Gł. - Poznań Gł.,Poznań Główny,Ubranie
5430,2024-09-28,311,Bohumin - Lublin Gł.,Lublin Główny,Walizka / Plecak
5431,2024-09-28,72100,Zielona Góra Gł. - Lublin Gł.,Dęblin,Artykuły Spożywcze
5432,2024-09-26,25100,Chełm - Bydgoszcz,Bydgoszcz Główna,Rzeczy Osobiste
5433,2024-09-27,1526,Warszawa - Bydgoszcz,Bydgoszcz Główna,Walizka / Plecak
5434,2024-09-28,28100,Lublin Gł. - Szczecin Gł.,Toruń Główny,Artykuły Biurowe
5435,2024-09-28,65150,Wrocław Gł. - Gdynia Gł.,Gdynia Główna,Ubranie
5436,2024-09-28,71102,Zielona Góra Gł. - Warszawa Wsch.,Zielona Góra Główna,Walizka / Plecak
5437,2024-09-28,1910,Warszawa-Łódź,Łódź Kaliska,Ubranie
5438,2024-09-27,37102,Kraków-Poznan,Poznań Główny,Sprzęt Elektroniczny
5439,2024-09-28,5700,Gdynia-Poznan,Poznań Główny,Reklamówka / Torba
5440,2024-09-27,10100,Warszawa Wsch.-Białysrok,Białystok,Sprzęt Elektroniczny
5441,2024-09-26,6103,Wroclaw Warszawa,Warszawa Olszynka Grochowska,Rzeczy Osobiste
5442,2024-09-26,9103,Lodz -Warszawa,Warszawa Olszynka Grochowska,Dokument/Y
5443,2024-09-27,82104,Świnoujście - Hrubieszów Miasto,Hrubieszów Miasto,Ubranie
5444,2024-09-27,5329,Olsztyn Gł. - Kraków Gł.,Warszawa Zachodnia,Portfel
5445,2024-09-27,4120,Bielsko-Biała Gł. - Warszawa Wsch.,Warszawa Wschodnia,Ubranie
5446,2024-09-27,3526,Kraków Gł. - Olsztyn Gł.,Olsztyn Główny,Ubranie
5447,2024-09-27,26102,Lublin Gł. - Wrocław Gł.,Wrocław Główny,Artykuły Dziecięce
5448,2024-09-27,5124,Bydgoszcz Gł. - Warszawa Wsch.,Warszawa Wschodnia,Reklamówka / Torba
5449,2024-09-09,1510,,Gdynia Główna,Walizka / Plecak
5450,2024-09-26,3720,Kraków-Poznan,Poznań Główny,Artykuły Biurowe
5451,2024-09-27,16104,Białystok - Wrocław Gł.,Wrocław Główny,Rzeczy Osobiste
5452,2024-09-27,3513,Kraków Gł. - Gdynia Gł.,Gdynia Główna,Sprzęt Turystyczny
5453,2024-09-27,4502,Gliwice - Gdynia Gł.,Gdynia Główna,Ubranie
5454,2024-09-27,5104,Gdynia Gł. - Warszawa Zach.,Warszawa Zachodnia,Walizka / Plecak
5455,2024-09-27,18114,Łódź Fabryczna - Kołobrzeg,Słupsk,Sprzęt Elektroniczny
5456,2024-09-27,53172,Gdynia Główna - Kraków Główny,Kraków Główny,Sprzęt Elektroniczny
5457,2024-09-27,85104,Szczecin Gł. - Olsztyn Gł.,Lębork,Reklamówka / Torba
5458,2024-09-27,61107,Wrocław - Białystok,Białystok,Rzeczy Osobiste
5459,2024-09-27,57100,Olsztyn Gł. - Zielona Góra Gł.,Zbąszynek,Artykuły Medyczne
5460,2024-09-27,5402,Gdynia Gł. - Bielsko-Biała Gł.,Bielsko-Biała Główna,Ubranie
5461,2024-09-27,4122,Bielsko-Biała Gł. - Białystok,Białystok,Sprzęt Agd
5462,2024-09-27,3108,Kraków Gł. - Warszawa Wsch.,Warszawa Wschodnia,Książka
5463,2024-09-27,71100,Zielona Góra Gł. - Warszawa Wsch.,Zielona Góra Główna,Rzeczy Osobiste
5464,2024-09-27,1526,Warszawa Wsch-Bydgoszcz Gł,Bydgoszcz Główna,Reklamówka / Torba
5465,2024-09-27,86102,Słupsk - Wrocław Gł.,Wrocław Główny,Reklamówka / Torba
5466,2024-09-26,13101,Warszawa-Przemyśl Gł.,Przemyśl Główny,Sprzęt Elektroniczny
5467,2024-09-27,5600,Gdynia Gł. - Jelenia Góra,Jelenia Góra,Walizka / Plecak
5468,2024-09-27,6300,Wrocław Gł. - Przemyśl Gł.,Przemyśl Główny,Ubranie
5469,2024-09-24,56102,,Wrocław Główny,Reklamówka / Torba
5470,2024-09-24,26100,,Wrocław Główny,Rzeczy Osobiste
5471,2024-09-24,3600,,Wrocław Główny,Sprzęt Elektroniczny
5472,2024-09-25,26102,,Wrocław Główny,Rzeczy Osobiste
5473,2024-09-26,25100,Warszawa Wsch-Bydgoszcz Gł,Bydgoszcz Główna,Rzeczy Osobiste
5474,2024-09-25,16108,,Wrocław Główny,Dokument/Y
5475,2024-09-26,5122,Olsztyn-Łódż Fabryczna,Koluszki,Walizka / Plecak
5476,2024-09-27,1104,Terespol Łódź Fabryczna,Łódź Kaliska,Rzeczy Osobiste
5477,2024-09-27,91132,Łódź Fabryczna - Warszawa Wsch.,Warszawa Wschodnia,Sprzęt Elektroniczny
5478,2024-09-26,5422,Olsztyn Gł. - Racibórz,Racibórz,Walizka / Plecak
5479,2024-09-26,1002,Warszawa Zach. - Białystok,Białystok,Sprzęt Elektroniczny
5480,2024-09-26,5122,Olsztyn Gł. - Łódź Fabryczna,Koluszki,Walizka / Plecak
5481,2024-09-26,85104,Szczecin Gł. - Olsztyn Gł.,Olsztyn Główny,Walizka / Plecak
5482,2024-09-26,3526,Kraków Gł. - Olsztyn Gł.,Nowy Dwór Mazowiecki,Rzeczy Osobiste
5483,2024-09-26,4524,Bielsko-Biała Gł. - Olsztyn Gł.,Olsztyn Główny,Ubranie
5484,2024-09-26,19130,Warszawa Wsch. - Łódź Fabryczna,Łódź Fabryczna,Sprzęt Agd
5485,2024-09-26,58106,Olsztyn Gł. - Szczecin Gł.,Lębork,Walizka / Plecak
5486,2024-09-26,19132,Warszawa Wsch. - Łódź Fabryczna,Łódź Fabryczna,Walizka / Plecak
5487,2024-09-26,3522,Kraków Gł. - Olsztyn Gł.,Olsztyn Główny,Sprzęt Elektroniczny
5488,2024-09-26,3522,Kraków Gł. - Olsztyn Gł.,Olsztyn Główny,Walizka / Plecak
5489,2024-09-26,6126,Zgorzelec - Warszawa Wsch.,Łódź Chojny,Sprzęt Elektroniczny
5490,2024-09-20,82105,Świnoujście -Hrubieszów,Lublin,Rzeczy Osobiste
5491,2024-09-20,82103,Szczecin Gł- Lublin Gł,Lublin Główny,Saszetka / Nerka
5492,2024-09-26,5600,Gdynia Gł. - Jelenia Góra,Wrocław Główny,Ubranie
5493,2024-09-26,6104,Wrocław Gł. - Warszawa Wsch.,Warszawa Centralna,Telefon
5494,2024-09-25,81101,Szczecin-Warszawa,Warszawa Olszynka Grochowska,Sprzęt Elektroniczny
5495,2024-09-26,35172,Kraków Gł. - Gdynia Gł.,Laskowice Pomorskie,Walizka / Plecak
5496,2024-09-26,5620,Ełk - Wrocław Gł.,Ełk,Ubranie
5497,2024-09-25,85102,Szczecin Gł. - Olsztyn Gł.,Olsztyn Główny,Ubranie
5498,2024-09-25,3526,Kraków Gł. - Olsztyn Gł.,Olsztyn Główny,Ubranie
5499,2024-09-25,3534,Kraków Gł. - Bydgoszcz Gł.,Łódź Chojny,Artykuły Dziecięce
5500,2024-09-25,3534,Kraków Gł. - Bydgoszcz Gł.,Łódź Chojny,Telefon
5501,2024-09-25,27100,Lublin Gł. - Zielona Góra Gł.,Zielona Góra Główna,Kosztowności
5502,2024-09-25,3524,Kraków Gł. - Olsztyn Gł.,Olsztyn Główny,Ubranie
5503,2024-09-25,18110,Warszawa Wsch. - Piła Gł.,Bydgoszcz Główna,Portfel
5504,2024-09-25,31104,Przemyśl Gł. - Warszawa Wsch.,Warka,Telefon
5505,2024-09-25,57102,Olsztyn Gł. - Poznań Gł.,Jabłonowo Pomorskie,Walizka / Plecak
5506,2024-09-25,6520,Wrocław Gł. - Ełk,Warszawa Wschodnia,Walizka / Plecak
5507,2024-09-25,4123,Katowice-Białystok,Białystok,Rzeczy Osobiste
5508,2024-09-25,16102,Warszawa Wsch. - Wrocław Gł.,Sieradz,Ubranie
5509,2024-09-25,61107,Wrocław-Białystok,Białystok,Sprzęt Elektroniczny
5510,2024-09-25,6124,Wrocław-Białystok,Białystok,Ubranie
5511,2024-09-25,6124,Wrocław-Białystok,Białystok,Parasol
5512,2024-09-25,83100,Szczecinek - Rzeszów Główny,Lublin Zachodni,Kosztowności
5513,2024-09-25,75102,Poznań Gł-Olsztyn Gł,Olsztyn Główny,Sprzęt Elektroniczny
5514,2024-09-25,3722,,Poznań Główny,Sprzęt Elektroniczny
5515,2024-09-25,16100,Warszawa Wsch. - Jelenia Góra,Wałbrzych Główny,Sprzęt Elektroniczny
5516,2024-09-25,61105,Wrocław-Białystok,Białystok,Ubranie
5517,2024-09-25,8101,Szczecin Gł. - Warszawa Wsch.,Warszawa Olszynka Grochowska,Saszetka / Nerka
5518,2024-09-25,56,Przemyśl Gł. - Berlin Hbf,Wrocław Główny,Saszetka / Nerka
5519,2024-09-25,3534,Kraków Gł-Bydgoszcz Gł,Włocławek,Artykuły Biurowe
5520,2024-09-19,,,Stargard,Telefon
5521,2024-09-23,73000,Berlin-Przemyśl.Gł,Przemyśl Bakończyce,Sprzęt Elektroniczny
5522,2024-09-24,12106,Warszawa-Lublin,Lublin,Telefon
5523,2024-09-25,75102,Poznań Gł. - Olsztyn Gł.,Olsztyn Główny,Rzeczy Osobiste
5524,2024-09-25,8320,Szczecin Gł. - Kraków Gł.,Pleszew,Walizka / Plecak
5525,2024-09-25,6101,Wrocław - Warszawa Wsch.,Warszawa Olszynka Grochowska,Książka
5526,2024-09-25,85108,Szczecin Gł. - Olsztyn Gł.,Słupsk,Parasol
5527,2024-09-25,85108,Szczecin Gł. - Olsztyn Gł.,Słupsk,Sprzęt Turystyczny
5528,2024-09-24,71104,,Poznań Główny,Sprzęt Elektroniczny
5529,2024-09-24,3500,Kraków Gł. - Gdynia Gł.,Gdynia Główna,Sprzęt Elektroniczny
5530,2024-09-24,57,Berlin Hbf - Przemyśl Gł.,Przemyśl Główny,Ubranie
5531,2024-09-24,16104,Białystok - Wrocław Gł.,Wrocław Główny,Ubranie
5532,2024-09-24,5304,Gdynia Gł. - Kraków Gł.,Kraków Główny,Walizka / Plecak
5533,2024-09-24,35102,Zakopane - Gdynia Gł.,Gdynia Główna,Etui
5534,2024-09-24,42100,Bohumin-Kraśnik,Lublin,Sprzęt Turystyczny
5535,2024-09-24,6124,Wrocław Gł. - Białystok,Białystok,Reklamówka / Torba
5536,2024-09-24,6124,Wrocław Gł. - Białystok,Białystok,Ubranie
5537,2024-09-23,,,Szczecinek,Sprzęt Elektroniczny
5538,2024-09-24,11102,Warszawa Zach.-Terespol,Międzyrzec Podlaski,Portfel
5539,2024-09-24,2520,Lublin Gł. - Bydgoszcz Gł.,Bydgoszcz Główna,Etui
5540,2024-09-24,11102,Warszawa Zach. - Terespol,Międzyrzec Podlaski,Portfel
5541,2024-09-24,85104,Szczecin Gł. - Olsztyn Gł.,Sławno,Ubranie
5542,2024-09-24,85108,Szczecin Gł. - Olsztyn Gł.,Olsztyn Główny,Artykuły Dziecięce
5543,2024-09-24,8101,Szczecin Gł. - Warszawa Wsch.,Warszawa Wschodnia,Ubranie
5544,2024-09-24,1902,Warszawa Wsch. - Łódź Fabryczna,Łódź Fabryczna,Artykuły Medyczne
5545,2024-09-22,16104,,Wrocław Główny,Saszetka / Nerka
5546,2024-09-23,5600,,Wrocław Główny,Telefon
5547,2024-09-22,36100,,Wrocław Główny,Ubranie
5548,2024-09-16,66102,,Wrocław Główny,Ubranie
5549,2024-09-24,35170,Zakopane - Gdynia Gł.,Ciechanów,Rzeczy Osobiste
5550,2024-09-24,11106,W-Wa-Terespol,Terespol,Walizka / Plecak
5551,2024-09-24,3123,Krakow -Warszawa,Warszawa Olszynka Grochowska,Ubranie
5552,2024-09-23,45150,Bielsko-Biała Gł. - Bydgoszcz Gł.,Bydgoszcz Główna,Reklamówka / Torba
5553,2024-09-23,3532,Rzeszów Główny - Bydgoszcz Gł.,Solec Kujawski,Ubranie
5554,2024-09-23,12010,Warszawa Wsch. - Dorohusk,Dorohusk,Portfel
5555,2024-09-23,16106,Białystok - Wrocław Gł.,Sieradz,Dokument/Y
5556,2024-09-23,3502,Kraków Gł. - Gdynia Gł.,Warszawa Wschodnia,Sprzęt Elektroniczny
5557,2024-09-23,56102,Olsztyn Gł. - Wrocław Gł.,Wrocław Główny,Książka
5558,2024-09-23,35105,Zakopane - Gdynia Gł.,Włoszczowa Północ,Ubranie
5559,2024-09-23,28100,Lublin Gł  -Szczecin Gł,Nakło Nad Notecią,Sprzęt Elektroniczny
5560,2024-09-22,13101,Warszawa- Przemyśl,Przemyśl Bakończyce,Sprzęt Elektroniczny
5561,2024-09-23,3504,Kraków Gł. - Gdynia Gł.,Warszawa Centralna,Sprzęt Elektroniczny
5562,2024-09-23,1624,Białystok - Wrocław Gł.,Opole Główne,Reklamówka / Torba
5563,2024-09-23,1624,Białystok - Wrocław Gł.,Opole Główne,Ubranie
5564,2024-09-23,3722,,Poznań Główny,Sprzęt Elektroniczny
5565,2024-09-23,61108,Wrocław-Warszawa,Warszawa Olszynka Grochowska,Sprzęt Elektroniczny
5566,2024-09-23,81104,Szczecin Gł. - Białystok,Słupsk,Telefon
5567,2024-09-19,1800,Warszawa Wshodnia - Szczecin Główny,Szczecin Główny,Portfel
5568,2024-09-23,28100,Lublin Gł. - Szczecin Gł.,Nakło Nad Notecią,Sprzęt Elektroniczny
5569,2024-09-23,58102,Olsztyn Gł. - Szczecin Gł.,Lębork,Saszetka / Nerka
5570,2024-09-23,3532,Rzeszow- Bydgoszcz Gł,Bydgoszcz Główna,Rzeczy Osobiste
5571,2024-09-23,45150,Bielsko Biała-Bydgoszcz Gł,Bydgoszcz Główna,Rzeczy Osobiste
5572,2024-09-22,81104,Lębork-Białystok,Białystok,Ubranie
5573,2024-09-23,45150,Bielsko-Biała Gł. - Bydgoszcz Gł.,Bydgoszcz Główna,Ubranie
5574,2024-09-22,4500,Bielsko-Biała Gł. - Gdynia Gł.,Działdowo,Sprzęt Elektroniczny
5575,2024-09-22,5310,Gdynia Gł. - Kraków Gł.,Kraków Główny,Reklamówka / Torba
5576,2024-09-22,12010,Warszawa Wsch. - Dorohusk,Dorohusk,Ubranie
5577,2024-09-22,6122,Wrocław Gł. - Warszawa Wsch.,Warszawa Wschodnia,Książka
5578,2024-09-22,6122,Wrocław Gł. - Warszawa Wsch.,Warszawa Wschodnia,Sprzęt Elektroniczny
5579,2024-09-22,5700,Gdynia Gł. - Poznań Gł.,Smętowo,Walizka / Plecak
5580,2024-09-22,85104,Szczecin Gł. - Olsztyn Gł.,Iława Główna,Sprzęt Elektroniczny
5581,2024-09-22,4560,Wisła Uzdr. - Olsztyn Gł.,Olsztyn Główny,Rzeczy Osobiste
5582,2024-09-22,3500,Kraków Gł. - Gdynia Gł.,Warszawa Zachodnia,Sprzęt Elektroniczny
5583,2024-09-22,5308,Gdynia Gł. - Rzeszów Główny,Malbork,Telefon
5584,2024-09-22,3106,Kraków Gł. - Warszawa Wsch.,Warszawa Wschodnia,Sprzęt Elektroniczny
5585,2024-09-22,6502,Wrocław Gł. - Gdynia Gł.,Gdynia Główna,Reklamówka / Torba
5586,2024-09-22,83106,Piła Gł. - Kraków Gł.,Piła Główna,Saszetka / Nerka
5587,2024-09-22,3508,Rzeszów Główny - Gdynia Gł.,Gdynia Główna,Etui
5588,2024-09-21,4124,Katowice - Płock,-,Sprzęt Elektroniczny
5589,2024-09-22,21102,Lublin Gł. - Warszawa Zach.,Warszawa Zachodnia,Etui
5590,2024-09-22,82104,Świnoujście -Hrubieszów,Lublin,Ubranie
5591,2024-09-21,3534,Kraków Gł. - Bydgoszcz Gł.,Bydgoszcz Główna,Obuwie
5592,2024-09-21,71101,Zielona Góra- Warszawa,Warszawa Olszynka Grochowska,Rzeczy Osobiste
5593,2024-09-21,23100,Lublin Gł. - Kraków Gł.,Kraków Główny,Walizka / Plecak
5594,2024-09-21,117,Praha-Vršovice - Warszawa Wsch.,Zawiercie,Sprzęt Turystyczny
5595,2024-09-21,1106,Białystok - Łódź Fabryczna,Łódź Fabryczna,Sprzęt Elektroniczny
5596,2024-09-21,56102,Olsztyn Gł. - Wrocław Gł.,Wrocław Główny,Sprzęt Elektroniczny
5597,2024-09-21,61106,Wrocław Gł. - Białystok,Koluszki,Telefon
5598,2024-09-21,48102,Bielsko-Biała Gł. - Słupsk,Sławno,Reklamówka / Torba
5599,2024-09-21,1624,Białystok - Wrocław Gł.,Wrocław Główny,Ubranie
5600,2024-09-21,83100,Szczecinek - Rzeszów Główny,Warszawa Centralna,Ubranie
5601,2024-09-21,5402,Gdynia Gł. - Bielsko-Biała Gł.,Bielsko-Biała Główna,Sprzęt Elektroniczny
5602,2024-09-21,57100,Olsztyn Gł. - Zielona Góra Gł.,Zielona Góra Główna,Ubranie
5603,2024-09-21,311,Bohumin - Lublin Gł.,Lublin Główny,Ubranie
5604,2024-09-21,85108,Szczecin Gł. - Olsztyn Gł.,Olsztyn Główny,Ubranie
5605,2024-09-21,5302,Gdynia Gł. - Kraków Gł.,Kraków Główny,Ubranie
5606,2024-09-21,21010,Dorohusk - Warszawa Wsch.,Warszawa Wschodnia,Ubranie
5607,2024-09-21,1620,Warszawa Wsch. - Wrocław Gł.,Ostrów Wielkopolski,Rzeczy Osobiste
5608,2024-09-20,82104,Świnoujście - Hrubieszów Miasto,Zamość Starówka,Reklamówka / Torba
5609,2024-09-20,6520,Wrocław Gł. - Ełk,Ełk,Ubranie
5610,2024-09-20,3526,Kraków Gł. - Olsztyn Gł.,Olsztyn Główny,Ubranie
5611,2024-09-20,5329,Olsztyn Gł. - Kraków Gł.,Olsztyn Główny,Sprzęt Sportowy
5612,2024-09-20,5102,Gdynia Gł. - Warszawa Zach.,Warszawa Zachodnia,Sprzęt Elektroniczny
5613,2024-09-20,6124,Wrocław - Białystok,Białystok,Artykuły Muzyczne
5614,2024-09-20,6124,Wrocław- Białystok,Białystok,Sprzęt Turystyczny
5615,2024-09-20,6124,Wrocław- Białystok,Białystok,Ubranie
5616,2024-09-20,25100,Chełm - Bydgoszcz Gł.,Bydgoszcz Główna,Sprzęt Turystyczny
5617,2024-09-20,25100,Chełm - Bydgoszcz Gł.,Bydgoszcz Główna,Sprzęt Sportowy
5618,2024-09-20,60105,Wrocław Gł. - Jelenia Góra,Jelenia Góra,Sprzęt Elektroniczny
5619,2024-09-20,25100,Chełm - Bydgoszcz Gł.,Włocławek,Ubranie
5620,2024-09-20,81103,Szczecin Gł. - Suwałki,Wołomin,Reklamówka / Torba
5621,2024-09-20,3514,Przemyśl Gł. - Gdynia Gł.,Gdynia Główna,Ubranie
5622,2024-09-20,83102,Jelenia Góra -Kraków Główny,Kraków Główny,Sprzęt Elektroniczny
5623,2024-09-20,3504,Kraków Gł. - Gdynia Gł.,Gdynia Główna,Sprzęt Elektroniczny
5624,2024-09-19,43002,Graz-Przemyśl,Przemyśl Bakończyce,Reklamówka / Torba
5625,2024-09-20,1908,Warszawa Wsch. - Łódź Fabryczna,Łódź Fabryczna,Etui
5626,2024-09-20,1624,Białystok - Wrocław Gł.,Wrocław Główny,Etui
5627,2024-09-20,4506,Bielsko-Biała Gł. - Gdynia Gł.,Gdynia Główna,Książka
5628,2024-09-20,8320,Szczecin Gł. - Kraków Gł.,Trzebinia,Dokument/Y
5629,2024-09-20,3520,Kraków Gł. - Olsztyn Gł.,Ciechanów,Ubranie
5630,2024-09-20,72100,Zielona Góra Gł. - Lublin Gł.,Lublin Główny,Dokument/Y
5631,2024-09-20,6504,Wrocław Gł. - Gdynia Gł.,Gdynia Główna,Dokument/Y
5632,2024-09-19,3109,Krakow-Warszawa,Warszawa Olszynka Grochowska,Ubranie
5633,2024-09-19,57106,Gdynia-Poznań,Poznań Główny,Artykuły Muzyczne
5634,2024-09-19,1626,Warszawa Wsch. - Zgorzelec,Zgorzelec,Artykuły Spożywcze
5635,2024-09-19,3532,Rzeszów Główny - Bydgoszcz Gł.,Bydgoszcz Główna,Etui
5636,2024-09-19,3500,Kraków Gł. - Gdynia Gł.,Gdynia Główna,Ubranie
5637,2024-09-19,3502,Kraków Gł. - Gdynia Gł.,Gdynia Główna,Rzeczy Osobiste
5638,2024-09-19,3502,Kraków Gł. - Gdynia Gł.,Gdynia Główna,Ubranie
5639,2024-09-19,71100,Zielona Góra Gł. - Warszawa Wsch.,Warszawa Wschodnia,Sprzęt Turystyczny
5640,2024-09-19,85104,Szczecin Gł. - Olsztyn Gł.,Olsztyn Główny,Reklamówka / Torba
5641,2024-09-19,5110,Gdynia Gł. - Warszawa Zach.,Warszawa Zachodnia,Telefon
5642,2024-09-19,112,Warszawa Wsch. - Praha-Vršovice,Dąbrowa Górnicza,Sprzęt Elektroniczny
5643,2024-09-19,IC 4123,Bielsko Biała Gł. Białystok,Białystok,Sprzęt Elektroniczny
5644,2024-09-19,3522,Kraków Gł. - Olsztyn Gł.,Olsztyn Główny,Parasol
5645,2024-09-19,3522,Kraków Gł. - Olsztyn Gł.,Olsztyn Główny,Ubranie
5646,2024-09-19,62100,Wrocław Gł. - Lublin Gł.,Lublin Główny,Książka
5647,2024-09-17,83170,Kołobrzeg - Kraków,Kraków Główny,Ubranie
5648,2024-09-19,4120,Bielsko-Biała Gł. - Warszawa Wsch.,Bielsko-Biała Główna,Walizka / Plecak
5649,2024-09-19,57100,Olsztyn Gł. - Zielona Góra Gł.,Zielona Góra Główna,Ubranie
5650,2024-09-19,65102,Wrocław Gł. - Olsztyn Gł.,Olsztyn Główny,Książka
5651,2024-09-19,85106,Szczecin Gł. - Olsztyn Gł.,Gdańsk Główny,Ubranie
5652,2024-09-19,1522,Łódź Fabryczna - Olsztyn Gł.,Olsztyn Główny,Ubranie
5653,2024-09-19,4506,Bielsko-Biała Gł. - Gdynia Gł.,Warszawa Wschodnia,Rzeczy Osobiste
5654,2024-09-19,30112,Kraków Gł. - Zagórz,Krosno Miasto,Ubranie
5655,2024-09-19,3112,Kraków Gł. - Warszawa Wsch.,Warszawa Wschodnia,Ubranie
5656,2024-09-19,71104,Poznań Gł. - Warszawa Wsch.,Warszawa Wschodnia,Sprzęt Elektroniczny
5657,2024-09-19,144,Kraków Gł. - Vilnius(Lt),Warszawa Centralna,Walizka / Plecak
5658,2024-09-19,4500,Bielsko-Biała Gł. - Gdynia Gł.,Gdynia Główna,Reklamówka / Torba
5659,2024-09-18,3534,Kraków Gł. - Bydgoszcz Gł.,Bydgoszcz Główna,Sprzęt Elektroniczny
5660,2024-09-18,58106,Olsztyn Gł. - Szczecin Gł.,Szczecin Główny,Reklamówka / Torba
5661,2024-09-18,58106,Olsztyn Gł. - Szczecin Gł.,Szczecin Główny,Walizka / Plecak
5662,2024-09-18,18110,Warszawa Wsch. - Piła Gł.,Bydgoszcz Główna,Książka
5663,2024-09-18,9100,Łódź Fabryczna - Warszawa Wsch.,Łódź Fabryczna,Saszetka / Nerka
5664,2024-09-18,21100,Chełm - Warszawa Zach.,Warszawa Zachodnia,Walizka / Plecak
5665,2024-09-18,42100,Katowice - Lublin Gł.,Lublin Główny,Parasol
5666,2024-09-18,9102,Łódź Fabryczna - Warszawa Wsch.,Warszawa Wschodnia,Rzeczy Osobiste
5667,2024-09-18,3550,Kraków Gł. - Gdynia Gł.,Warszawa Wschodnia,Portfel
5668,2024-09-18,3550,Kraków Gł. - Gdynia Gł.,Gdynia Główna,Sprzęt Elektroniczny
5669,2024-09-18,3560,Zakopane - Gdynia Gł.,Gdynia Główna,Dokument/Y
5670,2024-09-18,2520,Lublin Gł. - Bydgoszcz Gł.,Bydgoszcz Główna,Sprzęt Agd
5671,2024-09-18,3120,Zakopane - Warszawa Wsch.,Zakopane,Ubranie
5672,2024-09-18,19132,Warszawa Wsch. - Łódź Fabryczna,Łódź Fabryczna,Ubranie
5673,2024-09-18,85106,Szczecin Gł. - Olsztyn Gł.,Olsztyn Główny,Walizka / Plecak
5674,2024-09-18,4504,Bielsko-Biała Gł. - Gdynia Gł.,Warszawa Wschodnia,Ubranie
5675,2024-09-18,38100,Rzeszów Główny - Szczecinek,Piła Główna,Sprzęt Elektroniczny
5676,2024-09-18,47,Berlin Hbf - Warszawa Wsch.,Kutno,Sprzęt Elektroniczny
5677,2024-09-18,3109,Krakow- Warszawa,Warszawa Olszynka Grochowska,Ubranie
5678,2024-09-18,85104,Szczecin Gł. - Olsztyn Gł.,Słupsk,Książka
5679,2024-09-18,3508,Rzeszów Główny - Gdynia Gł.,Gdynia Główna,Ubranie
5680,2024-09-18,1400,Warszawa Wsch. - Bielsko-Biała Gł.,Bielsko-Biała Główna,Ubranie
5681,2024-09-18,1502,Warszawa Zach. - Gdynia Gł.,Gdynia Główna,Saszetka / Nerka
5682,2024-09-18,6104,Wrocław Gł. - Warszawa Wsch.,Warszawa Wschodnia,Artykuły Biurowe
5683,2024-09-18,3112,Kraków Gł. - Warszawa Wsch.,Warszawa Wschodnia,Sprzęt Elektroniczny
5684,2024-09-17,91130,Kołobrzeg-Łódź Fabryczna,Łódź Kaliska,Artykuły Dziecięce
5685,2024-09-17,3102,Kraków-Warszawa,Warszawa Olszynka Grochowska,Sprzęt Elektroniczny
5686,2024-09-18,41003,Rybnik-Warszawa Wschodnia,Warszawa Olszynka Grochowska,Rzeczy Osobiste
5687,2024-09-18,3128,Kraków Gł. - Warszawa Wsch.,Warszawa Wschodnia,Ubranie
5688,2024-09-17,5122,Olsztyn Gł. - Łódź Fabryczna,Warszawa Zachodnia,Ubranie
5689,2024-09-17,81100,Szczecin Gł. - Warszawa Wsch.,Kutno,Reklamówka / Torba
5690,2024-09-17,4524,Bielsko-Biała Gł. - Olsztyn Gł.,Olsztyn Główny,Ubranie
5691,2024-09-17,8306,Kołobrzeg - Kraków Gł.,Rawicz,Książka
5692,2024-09-17,3506,Kraków Gł. - Gdynia Gł.,Gdańsk Główny,Sprzęt Elektroniczny
5693,2024-09-17,28100,Lublin Gł. - Szczecin Gł.,Piła Główna,Ubranie
5694,2024-09-17,56,Przemyśl Gł. - Berlin Hbf,Opole Główne,Etui
5695,2024-09-17,62102,Wrocław Gł. - Lublin Gł.,Lublin Główny,Ubranie
5696,2024-09-17,58104,Olsztyn Gł. - Szczecin Gł.,Gdynia Główna,Telefon
5697,2024-09-13,58106,Olsztyn Główny - Szczecin Gówny,Szczecin Główny,Portfel
5698,2024-09-17,1622,Białystok - Wrocław Gł.,Warszawa Zachodnia,Sprzęt Elektroniczny
5699,2024-09-16,6301,Wrocław Gł- Przemyśl Gł.,Przemyśl Główny,Książka
5700,2024-09-17,21102,Lublin Gł. - Warszawa Zach.,Warszawa Zachodnia,Rzeczy Osobiste
5701,2024-09-17,81170,Świnoujście - Warszawa Wsch.,Warszawa Wschodnia,Reklamówka / Torba
5702,2024-09-16,37104,Przemyśl Gł. - Zielona Góra Gł.,Zielona Góra Główna,Parasol
5703,2024-09-16,3502,Kraków Gł. - Gdynia Gł.,Gdynia Główna,Walizka / Plecak
5704,2024-09-16,22100,Stalowa W. Rozw. - Hrubieszów Miasto,Zwierzyniec,Reklamówka / Torba
5705,2024-09-16,82100,Szczecin Gł. - Lublin Gł.,Lublin Główny,Ubranie
5706,2024-09-16,3600,Przemyśl Gł. - Wrocław Gł.,Gliwice,Sprzęt Elektroniczny
5707,2024-09-16,3150,Zakopane-Warszawa,Warszawa Olszynka Grochowska,Książka
5708,2024-09-16,49,Berlin Hbf - Warszawa Wsch.,Warszawa Wschodnia,Saszetka / Nerka
5709,2024-09-16,49,Berlin Hbf - Warszawa Wsch.,Warszawa Wschodnia,Ubranie
5710,2024-09-16,88101,Piła Gł. - Gorzów Wlkp.,Gorzów Wielkopolski,Reklamówka / Torba
5711,2024-09-16,56102,Olsztyn Gł. - Wrocław Gł.,Rawicz,Dokument/Y
5712,2024-09-16,4524,Bielsko-Biała Gł. - Olsztyn Gł.,Ciechanów,Artykuły Muzyczne
5713,2024-09-16,5350,Gdynia Główna -Kraków Główny,Kraków Główny,Książka
5714,2024-09-15,1003,Warszawa-Białystok,Białystok,Sprzęt Elektroniczny
5715,2024-09-16,17002,,Rzepin,Akcesoria Dla Zwierząt
5716,2024-09-16,1007,Łodz Fab-Białystok,Białystok,Artykuły Biurowe
5717,2024-09-16,61104,Wrocław -Białystok,Białystok,Sprzęt Elektroniczny
5718,2024-09-16,61104,Wrocław-Białystok,Białystok,Ubranie
5719,2024-09-16,45,Berlin Hbf - Warszawa Wsch.,Konin,Walizka / Plecak
5720,2024-09-16,86103/2,,Wrocław Główny,Ubranie
5721,2024-09-16,4508,Gliwice - Gdynia Gł.,Gdynia Główna,Ubranie
5722,2024-09-16,1622,Białystok - Wrocław Gł.,Wrocław Mikołajów,Sprzęt Elektroniczny
5723,2024-09-16,6126,Zgorzelec - Warszawa Wsch.,Warszawa Wschodnia,Parasol
5724,2024-09-10,1624,,Wrocław Główny,Dokument/Y
5725,2024-09-16,3520,Kraków Gł. - Olsztyn Gł.,Warszawa Centralna,Rzeczy Osobiste
5726,2024-09-16,1200,Łódź Fabryczna - Lublin Gł.,Lublin Główny,Sprzęt Elektroniczny
5727,2024-09-16,1502,Warszawa Zach. - Gdynia Gł.,Gdańsk Główny,Walizka / Plecak
5728,2024-09-16,73000,Berlin-Przemyśl Gł,Przemyśl Główny,Sprzęt Elektroniczny
5729,2024-09-16,5315,Gdynia Gł,Przemyśl Główny,Książka
5730,2024-09-16,7301,Poznań Gł-Przemyśl Gł,Przemyśl Główny,Książka
5731,2024-09-16,71104,Poznań Gł. - Warszawa Wsch.,Warszawa Wschodnia,Ubranie
5732,2024-09-16,5122,Olsztyn Gł-Łódź Fabryczna,Łódź Kaliska,Artykuły Muzyczne
5733,2024-09-15,71005,,Warszawa Olszynka Grochowska,Rzeczy Osobiste
5734,2024-09-15,6151,Wrocław - Warszawa,Warszawa Olszynka Grochowska,Sprzęt Elektroniczny
5735,2024-09-15,82102,Szczecin Gł. - Lublin Gł.,Lublin Główny,Sprzęt Turystyczny
5736,2024-09-15,82102,Szczecin Gł. - Lublin Gł.,Lublin Główny,Parasol
5737,2024-09-15,3100,Kraków Gł. - Warszawa Wsch.,Warszawa Wschodnia,Rzeczy Osobiste
5738,2024-09-15,21160,Lublin Gł. - Warszawa Zach.,Warszawa Zachodnia,Ubranie
5739,2024-09-15,6520,Wrocław Gł. - Ełk,Ełk,Ubranie
5740,2024-09-15,22100,Stalowa W. Rozw. - Hrubieszów Miasto,Hrubieszów Miasto,Książka
5741,2024-09-15,5402,Gdynia Gł. - Bielsko-Biała Gł.,Bielsko-Biała Główna,Ubranie
5742,2024-09-15,57102,Olsztyn Gł. - Poznań Gł.,Mogilno,Sprzęt Elektroniczny
5743,2024-09-15,85102,Szczecin Gł. - Olsztyn Gł.,Elbląg,Artykuły Biurowe
5744,2024-09-15,4502,Gliwice - Gdynia Gł.,Gdynia Główna,Reklamówka / Torba
5745,2024-09-15,42100,Katowice - Lublin Gł.,Lublin Główny,Walizka / Plecak
5746,2024-09-15,22100,Stalowa W. Rozw. - Hrubieszów Miasto,Biłgoraj,Rzeczy Osobiste
5747,2024-09-15,81114,Kołobrzeg - Łódź Fabryczna,Żyrardów,Etui
5748,2024-09-15,5402,Gdynia Gł. - Bielsko-Biała Gł.,Bielsko-Biała Główna,Sprzęt Elektroniczny
5749,2024-09-15,37100,,Poznań Główny,Reklamówka / Torba
5750,2024-09-15,18114,Łódź Fabryczna - Kołobrzeg,Lębork,Sprzęt Elektroniczny
5751,2024-09-13,5326,Olsztyn - Kraków,Kraków Główny,Ubranie
5752,2024-09-15,75108,Zielona Góra Gł. - Gdynia Gł.,Zielona Góra Główna,Parasol
5753,2024-09-15,57100,Olsztyn Gł. - Zielona Góra Gł.,Zielona Góra Główna,Parasol
5754,2024-09-15,57100,Olsztyn Gł. - Zielona Góra Gł.,Zielona Góra Główna,Sprzęt Elektroniczny
5755,2024-09-15,75104,Zielona Góra Gł. - Gdynia Gł.,Gdańsk Wrzeszcz,Walizka / Plecak
5756,2024-09-15,5220,Bydgoszcz Gł. - Lublin Gł.,Aleksandrów Kujawski,Etui
5757,2024-09-15,17100,Warszawa Wsch. - Zielona Góra Gł.,Gorzów Wielkopolski,Walizka / Plecak
5758,2024-09-15,87100,Gorzów Wlkp. - Zbąszynek,Gorzów Wielkopolski,Walizka / Plecak
5759,2024-09-15,38100,Rzeszów Główny - Szczecinek,Pilawa,Sprzęt Elektroniczny
5760,2024-09-14,47100,,Poznań Główny,Sprzęt Elektroniczny
5761,2024-09-15,81170,Świnoujście - Warszawa Wsch.,Warszawa Olszynka Grochowska,Telefon
5762,2024-09-14,81100,Szczecin Gł. - Warszawa Wsch.,Warszawa Wschodnia,Ubranie
5763,2024-09-14,75108,Zielona Góra Gł. - Gdynia Gł.,Gdynia Główna,Reklamówka / Torba
5764,2024-09-14,75108,Zielona Góra Gł. - Gdynia Gł.,Gdynia Główna,Sprzęt Elektroniczny
5765,2024-09-14,6500,Jelenia Góra - Gdynia Gł.,Mogilno,Artykuły Medyczne
5766,2024-09-14,5124,Bydgoszcz Gł. - Warszawa Wsch.,Warszawa Wschodnia,Reklamówka / Torba
5767,2024-09-14,1106,Białystok - Łódź Fabryczna,Łódź Fabryczna,Sprzęt Elektroniczny
5768,2024-09-14,38100,Rzeszów Główny - Szczecinek,Szczecinek,Ubranie
5769,2024-09-14,3106,Kraków Gł. - Warszawa Wsch.,Warszawa Wschodnia,Parasol
5770,2024-09-14,3514,Przemyśl Gł. - Gdynia Gł.,Gdynia Główna,Sprzęt Elektroniczny
5771,2024-09-14,83100,Szczecinek - Rzeszów Główny,Dęblin,Książka
5772,2024-09-14,83100,Szczecinek - Rzeszów Główny,Pilawa,Walizka / Plecak
5773,2024-09-14,5220,Bydgoszcz Gł. - Lublin Gł.,Lublin Główny,Sprzęt Elektroniczny
5774,2024-09-14,5220,Bydgoszcz Gł. - Lublin Gł.,Lublin Główny,Walizka / Plecak
5775,2024-09-14,48100,Katowice - Słupsk,Słupsk,Dokument/Y
5776,2024-09-14,7300,Poznań Gł-Przemyśl Gł.,Przemyśl Główny,Rzeczy Osobiste
5777,2024-09-14,5426,Gdynia Gł. - Katowice,Piotrków Trybunalski,Walizka / Plecak
5778,2024-09-14,4508,Gliwice - Gdynia Gł.,Gdynia Główna,Walizka / Plecak
5779,2024-09-14,1424,Płock - Katowice,Katowice,Obuwie
5780,2024-09-13,82105,Świnoujście- Lublin Gł.,Lublin Główny,Saszetka / Nerka
5781,2024-09-13,83101,Kołobrzeg -Rzeszów,Rzeszów Główny,Kosztowności
5782,2024-09-14,3112,Kraków Gł. - Warszawa Wsch.,Warszawa Wschodnia,Reklamówka / Torba
5783,2024-09-14,11114,Terespol - Warszawa Zach.,Warszawa Wschodnia,Telefon
5784,2024-09-14,9101,Łódź Fabryczna- Warszawa,Warszawa Olszynka Grochowska,Telefon
5785,2024-09-14,5100,Gdynia-Warszawa,Warszawa Olszynka Grochowska,Reklamówka / Torba
5786,2024-09-13,82102,Szczecin Gł. - Lublin Gł.,Lublin Główny,Reklamówka / Torba
5787,2024-09-13,5132,Gdynia Gł. - Łódź Fabryczna,Łódź Fabryczna,Artykuły Biurowe
5788,2024-09-13,6520,Wrocław Gł. - Ełk,Osowiec,Ubranie
5789,2024-09-13,9100,Łódź Fabryczna - Warszawa Wsch.,Łódź Fabryczna,Reklamówka / Torba
5790,2024-09-13,10100,Warszawa Wsch. - Białystok,Bielsk Podlaski,Parasol
5791,2024-09-13,45150,Bielsko-Biała Gł. - Bydgoszcz Gł.,Leszno,Parasol
5792,2024-09-13,35105,Zakopane - Gdynia Gł.,Działdowo,Saszetka / Nerka
5793,2024-09-13,72102,Poznań Gł. - Lublin Gł.,Lublin Główny,Parasol
5794,2024-09-13,72102,Poznań Gł. - Lublin Gł.,Lublin Główny,Ubranie
5795,2024-09-13,13000,Mockava - Kraków,Kraków Główny,Sprzęt Elektroniczny
5796,2024-09-13,3513,Kraków Gł. - Gdynia Gł.,Bydgoszcz Główna,Portfel
5797,2024-09-13,48102,Bielsko-Biała Gł. - Słupsk,Słupsk,Walizka / Plecak
5798,2024-09-13,3524,Kraków Gł. - Olsztyn Gł.,Olsztyn Główny,Reklamówka / Torba
5799,2024-09-13,3524,Kraków Gł. - Olsztyn Gł.,Warszawa Centralna,Artykuły Muzyczne
5800,2024-09-13,81114,Kołobrzeg - Łódź Fabryczna,Ciechanów,Parasol
5801,2024-09-13,4502,Gliwice - Gdynia Gł.,Bielsko-Biała Główna,Ubranie
5802,2024-09-13,5304,Gdynia Gł. - Kraków Gł.,Kraków Główny,Reklamówka / Torba
5803,2024-09-13,3806,Kraków Gł. - Kołobrzeg,Poznań Główny,Parasol
5804,2024-09-13,83173,Świnoujście -Przemyśl,Przemyśl Główny,Parasol
5805,2024-09-13,75104,Zielona Góra Gł. - Gdynia Gł.,Gdynia Główna,Sprzęt Elektroniczny
5806,2024-09-13,75104,Zielona Góra Gł. - Gdynia Gł.,Sopot,Parasol
5807,2024-09-13,3508,Rzeszów Główny - Gdynia Gł.,Gdynia Główna,Parasol
5808,2024-09-13,6126,Zgorzelec   Warszawa Wsch,Warszawa Wschodnia,Ubranie
5809,2024-09-13,,,Warszawa Wschodnia,Ubranie
5810,2024-09-13,6126,Zgorzelec-Warszawa Wsch,Warszawa Wschodnia,Ubranie
5811,2024-09-13,8320,Szczecin Gł. - Kraków Gł.,Lubliniec,Rzeczy Osobiste
5812,2024-09-13,41,Berlin Hbf - Warszawa Wsch.,Warszawa Wschodnia,Walizka / Plecak
5813,2024-09-13,61108,Wrocław Gł. - Warszawa Wsch.,Warszawa Wschodnia,Sprzęt Elektroniczny
5814,2024-09-13,5620,Ełk - Wrocław Gł.,Ełk,Parasol
5815,2024-09-13,31101,Przemyśl - Warszawa,Warszawa Olszynka Grochowska,Rzeczy Osobiste
5816,2024-09-12,71003,Berlin - Warszawa,Warszawa Olszynka Grochowska,Ubranie
5817,2024-09-12,82102,Szczecin Gł. - Lublin Gł.,Lublin Główny,Parasol
5818,2024-09-12,27100,Lublin Gł. - Zielona Góra Gł.,Zielona Góra Główna,Etui
5819,2024-09-12,3502,Kraków Gł. - Gdynia Gł.,Gdynia Główna,Walizka / Plecak
5820,2024-09-12,6124,Wrocław Gł. - Białystok,Białystok,Artykuły Muzyczne
5821,2024-09-12,5304,Gdynia Gł. - Kraków Gł.,Kraków Główny,Sprzęt Elektroniczny
5822,2024-09-12,3560,Zakopane - Gdynia Gł.,Gdynia Główna,Rzeczy Osobiste
5823,2024-09-12,44,Warszawa Wsch. - Berlin Hbf,Zbąszynek,Sprzęt Elektroniczny
5824,2024-09-12,3108,Kraków Gł. - Warszawa Wsch.,Warszawa Wschodnia,Ubranie
5825,2024-09-12,18114,Łódź Fabryczna - Kołobrzeg,Gdynia Główna,Telefon
5826,2024-09-12,81107,Szczecin Gł. - Warszawa Wsch.,Warszawa Wschodnia,Parasol
5827,2024-09-12,407,Warszawa Wschodnia -Budapeszt,Warszawa Olszynka Grochowska,Sprzęt Elektroniczny
5828,2024-09-12,1302,Warszawa Wsch. - Kraków Gł.,Kraków Główny,Sprzęt Turystyczny
5829,2024-09-12,10101,Warszawa-Białystok,Białystok,Sprzęt Elektroniczny
5830,2024-09-11,35105,Zakopane - Gdynia Gł.,Malbork,Ubranie
5831,2024-09-11,9100,Łódź Fabryczna - Warszawa Wsch.,Łódź Fabryczna,Ubranie
5832,2024-09-11,9100,Łódź Fabryczna - Warszawa Wsch.,Łódź Fabryczna,Książka
5833,2024-09-11,310,Lublin Gł. - Bohumin,Kraków Główny,Walizka / Plecak
5834,2024-09-11,82104,Świnoujście - Hrubieszów Miasto,Lublin Główny,Walizka / Plecak
5835,2024-09-11,35105,Zakopane - Gdynia Gł.,Opoczno Południe,Sprzęt Elektroniczny
5836,2024-09-11,5302,Gdynia - Kraków,Kraków Główny,Ubranie
5837,2024-09-11,71007,Berlin - Warszawa Wsch.,Warszawa Olszynka Grochowska,Walizka / Plecak
5838,2024-09-11,3504,Kraków Gł. - Gdynia Gł.,Gdynia Główna,Ubranie
5839,2024-09-11,4524,Bielsko-Biała Gł. - Olsztyn Gł.,Koluszki,Walizka / Plecak
5840,2024-09-11,81171,Świnoujście - Warszawa Wsch.,Warszawa Olszynka Grochowska,Sprzęt Elektroniczny
5841,2024-09-11,3120,Zakopane - Warszawa Wsch.,Zakopane,Saszetka / Nerka
5842,2024-09-11,1306,Warszawa Wsch. - Kraków Gł.,Kraków Główny,Ubranie
5843,2024-09-11,45,Berlin Hbf - Warszawa Wsch.,Warszawa Wschodnia,Ubranie
5844,2024-09-11,4506,Bielsko-Biała Gł. - Gdynia Gł.,Gdynia Główna,Ubranie
5845,2024-09-09,73000,Berlin-Przemyśl Gł,Przemyśl Bakończyce,Książka
5846,2024-09-10,3700,Przemyśl Gł. - Poznań Gł.,Poznań Główny,Ubranie
5847,2024-09-10,5332,Bydgoszcz Gł. - Rzeszów Główny,Rzeszów Główny,Walizka / Plecak
5848,2024-09-10,5402,Gdynia Gł. - Bielsko-Biała Gł.,Bielsko-Biała Główna,Rzeczy Osobiste
5849,2024-09-10,12106,Warszawa Zach. - Lublin Gł.,Łuków,Sprzęt Elektroniczny
5850,2024-09-10,25100,Chełm - Bydgoszcz Gł.,Bydgoszcz Główna,Parasol
5851,2024-09-10,58102,Olsztyn Gł. - Szczecin Gł.,Lębork,Telefon
5852,2024-09-10,72102,Poznań Gł. - Lublin Gł.,Pionki Zachodnie,Sprzęt Elektroniczny
5853,2024-09-10,5350,Gdynia Główna -,Kraków Główny,Rzeczy Osobiste
5854,2024-09-10,81110,Piła Gł-Warszawa Wsch,Warszawa Wschodnia,Artykuły Dziecięce
5855,2024-09-10,58106,Słupsk - Szczecin Gł.,Elbląg,Telefon
5856,2024-09-10,84102,Słupsk - Bielsko-Biała Gł.,Białogard,Dokument/Y
5857,2024-09-10,1902,Warszawa Wsch. - Łódź Fabryczna,Łódź Fabryczna,Parasol
5858,2024-09-03,5404,Gdynia Gł. - Gliwice,Gliwice,Artykuły Dziecięce
5859,2024-09-10,75106,Poznań Gł. - Gdynia Gł.,Sopot,Rzeczy Osobiste
5860,2024-09-10,38100,Rzeszów Główny - Szczecinek,Kolbuszowa,Reklamówka / Torba
5861,2024-09-10,2120,Kielce Główne - Warszawa Wsch.,Warszawa Wschodnia,Parasol
5862,2024-09-09,21100,Dorohusk-Warszawa,Warszawa Olszynka Grochowska,Walizka / Plecak
5863,2024-09-10,31108,Kraków Główny - Łódź Fabryczna,Łódź Fabryczna,Artykuły Muzyczne
5864,2024-09-09,7200,Legnica - Lublin Gł.,Hrubieszów Miasto,Rzeczy Osobiste
5865,2024-09-09,4120,Bielsko-Biała Gł. - Warszawa Wsch.,Skierniewice,Walizka / Plecak
5866,2024-09-09,1312,Warszawa Wsch. - Kraków Gł.,Kraków Główny,Portfel
5867,2024-09-09,57,Berlin Hbf - Przemyśl Gł.,Przemyśl Główny,Walizka / Plecak
5868,2024-09-09,7200,Żary - Lublin Gł.,Lublin Główny,Rzeczy Osobiste
5869,2024-09-09,8320,Szczecin-Kraków,Kraków Główny,Sprzęt Elektroniczny
5870,2024-09-09,12102,Warszawa Zach. - Lublin Gł.,Lublin Główny,Artykuły Muzyczne
5871,2024-09-09,2520,Lublin Gł. - Bydgoszcz Gł.,Bydgoszcz Główna,Reklamówka / Torba
5872,2024-09-09,85102,Lębork - Olsztyn Gł.,Słupsk,Walizka / Plecak
5873,2024-09-09,72100,Zielona Góra Gł. - Lublin Gł.,Lublin Główny,Sprzęt Elektroniczny
5874,2024-09-09,72100,Zielona Góra Gł. - Lublin Gł.,Lublin Główny,Rzeczy Osobiste
5875,2024-09-09,248,Warszawa Wsch. - Berlin Hbf,Rzepin,Sprzęt Elektroniczny
5876,2024-09-09,1200,Łódź Fabryczna - Lublin Gł.,Lublin Główny,Telefon
5877,2024-09-09,1200,Łódź Fabryczna - Lublin Gł.,Lublin Główny,Ubranie
5878,2024-09-09,5130,Bydgoszcz Gł. - Warszawa Zach.,Warszawa Zachodnia,Książka
5879,2024-09-09,38100,Rzeszów Główny - Szczecinek,Tarnobrzeg,Sprzęt Elektroniczny
5880,2024-09-09,91100,Łódź Fabryczna - Warszawa Wsch.,Łódź Fabryczna,Etui
5881,2024-09-09,78172,Poznań Gł. - Szczecinek,Szczecinek,Sprzęt Sportowy
5882,2024-09-08,51128,Gdynia Gł. - Łódź Kaliska,Opole Główne,Reklamówka / Torba
5883,2024-09-08,5310,Gdynia Gł. - Kraków Gł.,Kraków Główny,Rzeczy Osobiste
5884,2024-09-08,35105,Zakopane - Gdynia Gł.,Gdynia Główna,Sprzęt Elektroniczny
5885,2024-09-08,4122,Katowice - Białystok,Białystok,Sprzęt Elektroniczny
5886,2024-09-08,84102,Słupsk - Bielsko-Biała Gł.,Bielsko-Biała Główna,Walizka / Plecak
5887,2024-09-08,3106,Kraków Gł. - Warszawa Wsch.,Warszawa Wschodnia,Ubranie
5888,2024-09-08,73100,,Poznań Główny,Ubranie
5889,2024-09-08,53104,Gdynia Gł. - Zakopane,Zakopane,Reklamówka / Torba
5890,2024-09-08,1304,Kraków - Warszawa,Warszawa Olszynka Grochowska,Dokument/Y
5891,2024-09-08,75124,Poznań Gł. - Gdynia Gł.,Gdynia Główna,Ubranie
5892,2024-09-08,8101,Szczecin Gł. - Warszawa Wsch.,Warszawa Wschodnia,Ubranie
5893,2024-09-08,17100,Warszawa Wsch. - Zielona Góra Gł.,Poznań Główny,Sprzęt Elektroniczny
5894,2024-09-08,3560,Zakopane - Gdynia Gł.,Zakopane,Dokument/Y
5895,2024-09-08,68103,Wrocław Gł.-Słupsk,Słupsk,Portfel
5896,2024-09-07,82104,Świnoujście - Hrubieszów Miasto,Hrubieszów Miasto,Książka
5897,2024-09-07,82104,Świnoujście - Hrubieszów Miasto,Hrubieszów Miasto,Artykuły Biurowe
5898,2024-09-07,1101,Białystok - Łódź Fabryczna,Skierniewice,Sprzęt Elektroniczny
5899,2024-09-07,81104,Szczecin Gł. - Białystok,Białystok,Walizka / Plecak
5900,2024-09-07,27100,Lublin Gł. - Zielona Góra Gł.,Zielona Góra Główna,Reklamówka / Torba
5901,2024-09-07,1106,Białystok - Łódź Fabryczna,Łódź Fabryczna,Książka
5902,2024-09-07,3106,Kraków Gł. - Warszawa Wsch.,Warszawa Wschodnia,Ubranie
5903,2024-09-07,81104,Szczecin Gł. - Białystok,Lębork,Walizka / Plecak
5904,2024-09-07,5112,Gdynia Gł. - Warszawa Zach.,Warszawa Zachodnia,Sprzęt Elektroniczny
5905,2024-09-07,58,Gdynia Gł. - Berlin Hbf,Gniezno,Reklamówka / Torba
5906,2024-09-07,62102,Wrocław Gł. - Lublin Gł.,Radom Główny,Walizka / Plecak
5907,2024-09-07,65150,Wrocław Gł. - Gdynia Gł.,Gdynia Główna,Sprzęt Elektroniczny
5908,2024-09-07,11116,Terespol - Warszawa Zach.,Warszawa Wschodnia,Sprzęt Agd
5909,2024-09-07,53171,Gdynia Gł. - Zakopane,Zakopane,Sprzęt Elektroniczny
5910,2024-09-07,81171,Świnoujście - Warszawa Wsch.,Warszawa Olszynka Grochowska,Walizka / Plecak
5911,2024-09-07,,,Zielona Góra Główna,Sprzęt Elektroniczny
5912,2024-09-06,5700,Gdynia Gł. - Poznań Gł.,Poznań Główny,Saszetka / Nerka
5913,2024-09-06,85100,Szczecin Gł. - Gdańsk Gł.,Lębork,Walizka / Plecak
5914,2024-09-06,7200,Legnica - Lublin Gł.,Lublin Główny,Książka
5915,2024-09-06,9104,Łódz-Warszawa,Warszawa Olszynka Grochowska,Sprzęt Sportowy
5916,2024-09-06,85108,Słupsk Lębork,Słupsk,Etui
5917,2024-09-06,5122,Olsztyn Gł. - Łódź Fabryczna,Ciechanów,Książka
5918,2024-09-05,13102,Warszawa Wschodnia - Kraków Główny,Kraków Główny,Walizka / Plecak
5919,2024-09-06,5304,Gdynia Główna-Kraków Główny,Kraków Główny,Sprzęt Elektroniczny
5920,2024-09-06,3108,Kraków Gł. - Warszawa Wsch.,Warszawa Wschodnia,Ubranie
5921,2024-09-06,5350,Gdynia Główna -Kraków Główny,Kraków Główny,Portfel
5922,2024-09-06,25100,Chełm - Bydgoszcz Gł.,Chełm,Telefon
5923,2024-09-06,6126,Zgorzelec - Warszawa Wsch.,Warszawa Wschodnia,Rzeczy Osobiste
5924,2024-09-05,8304,Szczecin-Przemyśl Gł,Przemyśl Główny,Rzeczy Osobiste
5925,2024-09-05,2100,Lublin-Łódź Fabryczna,Łódź Kaliska,Saszetka / Nerka
5926,2024-09-06,1100,Bialystok-Lodz Fabryczna,Łódź Kaliska,Ubranie
5927,2024-09-05,8304,Szczecin Gł-Jelenia Góra,Przemyśl Główny,Ubranie
5928,2024-09-06,1100,Białystok,Łódź Kaliska,Ubranie
5929,2024-09-05,5308,Gdynia Gł. - Rzeszów Gł.,Rzeszów Główny,Obuwie
5930,2024-09-05,2100,Lublin-Łódź Fabryczna,Łódź Kaliska,Reklamówka / Torba
5931,2024-09-05,2100,Lublin-Łódź Fabryczna,Łódź Kaliska,Telefon
5932,2024-09-06,5101,Gdynia-Warszawa,Warszawa Olszynka Grochowska,Sprzęt Elektroniczny
5933,2024-09-05,2100,Lublin-Łódź Fabryczna,Łódź Kaliska,Rzeczy Osobiste
5934,2024-09-05,41001,Praha-Warszawa Wsch.,Warszawa Olszynka Grochowska,Sprzęt Elektroniczny
5935,2024-09-06,3128,Kraków Gł. - Warszawa Wsch.,Opoczno Południe,Sprzęt Elektroniczny
5936,2024-09-05,4500,Bielsko-Biała Gł. - Gdynia Gł.,Gdynia Główna,Reklamówka / Torba
5937,2024-09-05,249,Berlin Hbf - Warszawa Wsch.,Konin,Ubranie
5938,2024-09-05,31108,Kraków Gł. - Łódź Fabryczna,Łódź Fabryczna,Walizka / Plecak
5939,2024-09-05,1104,Terespol - Łódź Fabryczna,Łódź Fabryczna,Walizka / Plecak
5940,2024-09-05,81108,Szczecin Gł. - Łódź Kaliska,Łódź Kaliska,Sprzęt Elektroniczny
5941,2024-09-05,5102,Gdynia Gł. - Warszawa Zach.,Warszawa Zachodnia,Sprzęt Turystyczny
5942,2024-09-05,57104,Gdynia Gł. - Zielona Góra Gł.,Zielona Góra Główna,Ubranie
5943,2024-09-05,3508,Rzeszów-Gdynia,Gdynia Główna,Sprzęt Elektroniczny
5944,2024-09-05,5300,Gdynia-Kraków,Kraków Główny,Telefon
5945,2024-09-05,5302,Gdynia - Kraków,Kraków Główny,Sprzęt Elektroniczny
5946,2024-09-05,57100,Olsztyn Gł. - Zielona Góra Gł.,Zielona Góra Główna,Dokument/Y
5947,2024-09-05,21103,Lublin Gł. - Warszawa Zach.,Warszawa Olszynka Grochowska,Reklamówka / Torba
5948,2024-09-05,5112,Gdynia Gł. - Warszawa Zach.,Warszawa Zachodnia,Ubranie
5949,2024-09-05,1006,Łódź Fabryczna - Białystok,Białystok,Rzeczy Osobiste
5950,2024-09-05,1902,,Warszawa Wschodnia,Reklamówka / Torba
5951,2024-09-04,5312,Gdynia-Kraków,Kraków Główny,Telefon
5952,2024-09-05,1902,Warszawa Wsch. - Łódź Fabryczna,Łódź Fabryczna,Sprzęt Elektroniczny
5953,2024-09-05,5620,Wrocław Gł,Ełk,Sprzęt Elektroniczny
5954,2024-09-05,81171,Świnoujście - Warszawa Wsch.,Warszawa Wschodnia,Reklamówka / Torba
5955,2024-09-05,GÓRSKI,Świnoujście-Lublin,Lublin,Walizka / Plecak
5956,2024-09-04,1522,Olsztyn - Łódaź Fabryczna,Łódź Kaliska,Ubranie
5957,2024-09-04,6500,Jelenia Góra - Gdynia Gł.,Gdynia Główna,Sprzęt Elektroniczny
5958,2024-09-04,3700,Przemyśl Gł. - Poznań Gł.,Poznań Główny,Walizka / Plecak
5959,2024-09-04,83100,Szczecinek - Rzeszów Główny,Rzeszów Główny,Sprzęt Sportowy
5960,2024-09-04,11116,Terespol -Warszawa,Warszawa Olszynka Grochowska,Reklamówka / Torba
5961,2024-09-04,5110,Gdynia Gł. - Warszawa Zach.,Warszawa Zachodnia,Ubranie
5962,2024-09-04,88101,Piła Gł. - Gorzów Wlkp.,Gorzów Wielkopolski,Walizka / Plecak
5963,2024-09-04,18114,Łódź Fabryczna - Kołobrzeg,Lębork,Sprzęt Elektroniczny
5964,2024-09-04,81103,Szczecin Gł. - Suwałki,Łochów,Artykuły Biurowe
5965,2024-09-04,3560,Zakopane - Gdynia Gł.,Gdynia Główna,Książka
5966,2024-09-04,6124,Wrocław Gł. - Białystok,Warszawa Wschodnia,Telefon
5967,2024-09-04,3506,Kraków Gł. - Gdynia Gł.,Gdynia Główna,Walizka / Plecak
5968,2024-09-04,3120,Zakopane - Warszawa Wsch.,Zakopane,Rzeczy Osobiste
5969,2024-09-03,38172,Przemyśl-Świnoujście,Warszawa Olszynka Grochowska,Ubranie
5970,2024-09-04,406,Budapesz-Warszawa,Warszawa Olszynka Grochowska,Sprzęt Turystyczny
5971,2024-09-04,71100,Zielona Góra Gł. - Warszawa Wsch.,Zielona Góra Główna,Sprzęt Elektroniczny
5972,2024-09-04,5302,Gdynia Gł. - Kraków Gł.,Kraków Główny,Sprzęt Agd
5973,2024-08-26,27102,Lublin-Poznań,Sieradz,Sprzęt Elektroniczny
5974,2024-09-04,5314,Gdynia Gł. - Przemyśl Gł.,Gdańsk Główny,Sprzęt Elektroniczny
5975,2024-09-04,8101,Szczecin Gł. - Warszawa Wsch.,Warszawa Wschodnia,Kosztowności
5976,2024-09-04,7500,Poznań Gł. - Gdynia Gł.,Gdynia Główna,Rzeczy Osobiste
5977,2024-09-04,91100,Łódź Fabryczna - Warszawa Wsch.,Warszawa Wschodnia,Reklamówka / Torba
5978,2024-09-04,3129,Krakow -Warszawa,Warszawa Olszynka Grochowska,Sprzęt Elektroniczny
5979,2024-09-03,81101,Szczecin Glowny-Warszawa,Warszawa Olszynka Grochowska,Reklamówka / Torba
5980,2024-09-03,3720,Kraków Gł. - Poznań Gł.,Kalisz,Telefon
5981,2024-09-03,81108,Szczecin Gł. - Łódź Kaliska,Łódź Kaliska,Rzeczy Osobiste
5982,2024-09-03,81104,Szczecin Gł. - Białystok,Olsztyn Główny,Reklamówka / Torba
5983,2024-09-03,82100,Szczecin Gł. - Lublin Gł.,Lublin Główny,Reklamówka / Torba
5984,2024-09-03,57102,Olsztyn Gł. - Poznań Gł.,Poznań Główny,Ubranie
5985,2024-09-03,6122,Wrocław Gł. - Warszawa Wsch.,Warszawa Centralna,Sprzęt Sportowy
5986,2024-09-03,9105,Lodz-Warszawa,Warszawa Olszynka Grochowska,Telefon
5987,2024-09-03,3550,Kraków Gł. - Gdynia Gł.,Gdynia Główna,Reklamówka / Torba
5988,2024-09-03,68102,Wrocław Gł. - Słupsk,Poznań Główny,Reklamówka / Torba
5989,2024-09-03,3504,Kraków Gł. - Gdynia Gł.,Gdynia Główna,Sprzęt Elektroniczny
5990,2024-09-03,5350,Gdynia-Kraków,Kraków Główny,Sprzęt Turystyczny
5991,2024-09-03,3524,Kraków Gł. - Olsztyn Gł.,Skarżysko-Kamienna,Telefon
5992,2024-09-03,73104,Zielona Góra Gł. - Przemyśl Gł.,Jarosław,Etui
5993,2024-09-01,1312,Warszawa-Kraków,Kraków Główny,Sprzęt Elektroniczny
5994,2024-09-03,61104,Wrocław-Białystok,Białystok,Ubranie
5995,2024-08-31,5620,Ełk - Wrocław Gł.,Wrocław Główny,Walizka / Plecak
5996,2024-09-03,12100,Warszawa Zach. - Dorohusk,Dorohusk,Reklamówka / Torba
5997,2024-09-03,53104,Gdynia Gł. - Zakopane,Włoszczowa Północ,Telefon
5998,2024-09-03,81171,Świnoujście - Warszawa Wsch,Warszawa Olszynka Grochowska,Artykuły Muzyczne
5999,2024-09-03,8101,Szczecin Gł. - Warszawa Wsch.,Warszawa Wschodnia,Reklamówka / Torba
6000,2024-09-03,11115,Terespol - Warszawa Zach.,Warszawa Olszynka Grochowska,Artykuły Muzyczne
6001,2024-09-02,4500,Bielsko-Biała Gł. - Gdynia Gł.,Gdynia Główna,Walizka / Plecak
6002,2024-09-02,53104,Gdynia Gł. - Zakopane,Zakopane,Ubranie
6003,2024-09-02,27100,Lublin Gł. - Zielona Góra Gł.,Zielona Góra Główna,Reklamówka / Torba
6004,2024-09-02,1530,Warszawa Zach. - Bydgoszcz Gł.,Bydgoszcz Główna,Etui
6005,2024-09-02,2100,Lublin Gł. - Łódź Fabryczna,Łódź Fabryczna,Ubranie
6006,2024-09-02,82104,Świnoujście - Hrubieszów Miasto,Lublin Główny,Rzeczy Osobiste
6007,2024-09-02,71100,Zielona Góra Gł. - Warszawa Wsch.,Warszawa Wschodnia,Książka
6008,2024-09-02,81114,Kołobrzeg - Łódź Fabryczna,Warszawa Centralna,Sprzęt Elektroniczny
6009,2024-09-02,3560,Zakopane - Gdynia Gł.,Toruń Główny,Etui
6010,2024-09-02,1200,Łódź Fabryczna - Lublin Gł.,Lublin Główny,Sprzęt Elektroniczny
6011,2024-09-02,5422,Olsztyn Gł. - Racibórz,Racibórz,Sprzęt Elektroniczny
6012,2024-09-02,82102,Szczecin Gł. - Lublin Gł.,Lublin Główny,Sprzęt Turystyczny
6013,2024-09-01,1002,Warszawa Zach. - Białystok,Białystok,Walizka / Plecak
6014,2024-09-01,56150,Gdynia Gł. - Wrocław Gł.,Kościan,Rzeczy Osobiste
6015,2024-09-01,3502,Kraków Gł. - Gdynia Gł.,Gdynia Główna,Ubranie
6016,2024-09-01,4502,Gliwice - Gdynia Gł.,Gdynia Główna,Etui
6017,2024-09-01,35171,Zakopane - Gdynia Gł.,Zakopane,Ubranie
6018,2024-09-01,4123,Bielsko-Biała-Białystok,Białystok,Sprzęt Elektroniczny
6019,2024-09-01,17102,Warszawa Wsch. - Zielona Góra Gł.,Gniezno,Rzeczy Osobiste
6020,2024-09-01,81154,Ustka - Łódź Fabryczna,Ciechanów,Sprzęt Elektroniczny
6021,2024-09-01,3524,Kraków Gł. - Olsztyn Gł.,Olsztyn Główny,Telefon
6022,2024-09-01,3602,,Kraków Główny,Reklamówka / Torba
6023,2024-09-01,407,Monachium -Warszawa Wsch.,Warszawa Olszynka Grochowska,Portfel
6024,2024-09-01,19130,Warszawa Wsch. - Łódź Fabryczna,Koluszki,Rzeczy Osobiste
6025,2024-09-01,52150,Hel - Lublin Gł.,Lublin Główny,Ubranie
6026,2024-09-01,5127,Bydgoszcz Gł. - Warszawa Wsch.,Warszawa Wschodnia,Ubranie
6027,2024-09-01,17102,Warszawa Wsch. - Zielona Góra Gł.,Kutno,Sprzęt Elektroniczny
6028,2024-09-01,17102,Warszawa Wsch. - Zielona Góra Gł.,Kutno,Sprzęt Agd
6029,2024-09-01,65124,Wrocław Gł. - Olsztyn Gł.,Olsztyn Główny,Dokument/Y
6030,2024-09-01,75108,Zielona Góra Gł. - Gdynia Gł.,Zielona Góra Główna,Etui
6031,2024-09-01,83150,Kołobrzeg - Kraków Gł.,Poznań Główny,Sprzęt Elektroniczny
6032,2024-09-01,3506,Kraków Gł. - Gdynia Gł.,Gdynia Główna,Rzeczy Osobiste
6033,2024-09-01,15134,Łódź Kaliska - Gdynia Gł.,Gdańsk Wrzeszcz,Sprzęt Elektroniczny
6034,2024-09-01,1114,Warszawa Zach. - Terespol,Warszawa Wschodnia,Saszetka / Nerka
6035,2024-09-01,,,Koszalin,Rzeczy Osobiste
6036,2024-08-31,3103,Kraków - Warszawa,Warszawa Olszynka Grochowska,Saszetka / Nerka
6037,2024-08-31,3103,Kraków - Warszawa,Warszawa Olszynka Grochowska,Parasol
6038,2024-08-31,1101,Białystok - Łódź Fabryczna,Żyrardów,Sprzęt Turystyczny
6039,2024-08-31,3532,Rzeszów Główny - Bydgoszcz Gł.,Sochaczew,Sprzęt Sportowy
6040,2024-08-31,81100,Świnoujście - Warszawa Gdańska,Warszawa Gdańska,Sprzęt Elektroniczny
6041,2024-08-31,87172,Ustka - Poznań Gł.,Koszalin,Rzeczy Osobiste
6042,2024-08-31,6125,Wrocław - Białystok,Białystok,Sprzęt Turystyczny
6043,2024-08-31,61100,Szklarska Por.G. - Warszawa Wsch.,Warszawa Wschodnia,Sprzęt Turystyczny
6044,2024-08-31,83100,Kołobrzeg - Rzeszów Główny,Lublin Główny,Sprzęt Turystyczny
6045,2024-08-31,52150,Hel - Lublin Gł.,Lublin Główny,Ubranie
6046,2024-08-31,47100,,Poznań Główny,Parasol
6047,2024-08-31,5304,Gdynia - Kraków,Kraków Główny,Ubranie
6048,2024-08-31,5304,Gdynia-Kraków,Kraków Główny,Walizka / Plecak
6049,2024-08-31,57100,Olsztyn Gł. - Zielona Góra Gł.,Zielona Góra Główna,Ubranie
6050,2024-08-31,71100,Zielona Góra Gł. - Warszawa Gdańska,Zielona Góra Główna,Ubranie
6051,2024-08-31,4506,Bielsko-Biała Gł. - Gdynia Gł.,Gdynia Główna,Sprzęt Sportowy
6052,2024-08-31,4506,Bielsko-Biała Gł. - Gdynia Gł.,Gdynia Główna,Ubranie
6053,2024-08-31,48150,Katowice - Ustka,Koszalin,Reklamówka / Torba
6054,2024-08-30,53170,Gdynia Gł. - Zakopane,Działdowo,Dokument/Y
6055,2024-08-30,7200,Żary - Lublin Gł.,Lublin Główny,Ubranie
6056,2024-08-30,5104,Gdynia Gł. - Warszawa Centr.,Warszawa Wschodnia,Walizka / Plecak
6057,2024-08-30,81114,Kołobrzeg - Łódź Fabryczna,Koluszki,Sprzęt Elektroniczny
6058,2024-08-30,14008,Praga-Warszwa,Warszawa Olszynka Grochowska,Ubranie
6059,2024-08-30,18114,Łódź Fabryczna - Kołobrzeg,Koszalin,Walizka / Plecak
6060,2024-08-30,19132,Warszawa Wsch. - Łódź Fabryczna,Łódź Fabryczna,Walizka / Plecak
6061,2024-08-30,3512,Kraków Gł. - Gdynia Gł.,Oława,Telefon
6062,2024-08-30,5113,Gdynia-Warszawa,Warszawa Olszynka Grochowska,Saszetka / Nerka
6063,2024-08-29,8340,Kołobrzeg - Kraków Główny,Kraków Główny,Ubranie
6064,2024-08-30,4506,Bielsko-Biała Gł. - Gdynia Gł.,Gdynia Główna,Reklamówka / Torba
6065,2024-08-30,1906,Warszawa Wsch. - Łódź Fabryczna,Łódź Fabryczna,Artykuły Biurowe
6066,2024-08-30,3508,Rzeszów Główny - Gdynia Gł.,Gdynia Główna,Ubranie
6067,2024-08-30,17100,Warszawa Wsch. - Zielona Góra Gł.,Zielona Góra Główna,Walizka / Plecak
6068,2024-08-30,85108,Szczecin Gł. - Olsztyn Gł.,Pasłęk,Telefon
6069,2024-08-30,3508,Rzeszów Główny - Gdynia Gł.,Warszawa Wschodnia,Sprzęt Elektroniczny
6070,2024-08-30,4500,Bielsko-Biała Gł. - Gdynia Gł.,Gdynia Główna,Rzeczy Osobiste
6071,2024-08-29,6500,Jelenia Góra - Gdynia Gł.,Gdynia Główna,Walizka / Plecak
6072,2024-08-29,37102,Kraków Gł. - Poznań Gł.,Poznań Główny,Walizka / Plecak
6073,2024-08-29,3500,Kraków Gł. - Gdynia Gł.,Gdańsk Główny,Telefon
6074,2024-08-29,3554,Przemyśl Gł. - Hel,Władysławowo,Walizka / Plecak
6075,2024-08-29,81114,Kołobrzeg - Łódź Fabryczna,Łódź Fabryczna,Sprzęt Sportowy
6076,2024-08-29,52150,Hel - Lublin Gł.,Lublin Główny,Ubranie
6077,2024-08-29,108,Wien Hbf - Gdynia Gł.,Gdynia Główna,Rzeczy Osobiste
6078,2024-08-29,115,Praha Hl. N. - Przemyśl Gł.,Czechowice-Dziedzice,Walizka / Plecak
6079,2024-08-29,35102,Zakopane - Gdynia Gł.,Legionowo,Sprzęt Agd
6080,2024-08-29,8320,Szczecin Gł. - Kraków Gł.,Kraków Główny,Reklamówka / Torba
6081,2024-08-29,7320,Poznań Gł. - Kraków Gł.,Kraków Główny,Sprzęt Elektroniczny
6082,2024-08-29,61107,Wrocław Gł.-Białystok,Białystok,Sprzęt Elektroniczny
6083,2024-08-28,38106,Kraków-Piła,Kraków Główny,Portfel
6084,2024-08-29,7500,Poznań Gł. - Gdynia Gł.,Gdynia Główna,Walizka / Plecak
6085,2024-08-29,53170,Gdynia Gł. - Zakopane,Zakopane,Ubranie
6086,2024-08-29,53170,Gdynia Gł. - Zakopane,Zakopane,Sprzęt Sportowy
6087,2024-08-29,35190,Kraków Gł. - Łeba,Gdynia Główna,Sprzęt Elektroniczny
6088,2024-08-28,17104,Warszawa Wsch. - Poznań Gł.,Poznań Główny,Reklamówka / Torba
6089,2024-08-28,17102,Warszawa Wsch. - Zielona Góra Gł.,Zielona Góra Główna,Sprzęt Elektroniczny
6090,2024-08-28,82102,Szczecin Gł. - Lublin Gł.,Koniecpol,Dokument/Y
6091,2024-08-28,4502,Gliwice - Gdynia Gł.,Gdynia Główna,Ubranie
6092,2024-08-28,81114,Kołobrzeg - Łódź Fabryczna,Łódź Fabryczna,Sprzęt Turystyczny
6093,2024-08-28,81114,Kołobrzeg - Łódź Fabryczna,Łódź Fabryczna,Artykuły Spożywcze
6094,2024-08-28,54102,Gdynia Gł. - Katowice,Sosnowiec Południowy,Ubranie
6095,2024-08-28,4526,Katowice - Gdynia Gł.,Bydgoszcz Główna,Dokument/Y
6096,2024-08-28,35102,Zakopane - Gdynia Gł.,Gdynia Główna,Ubranie
6097,2024-08-28,15102,Warszawa Zach. - Gdynia Gł.,Olsztyn Zachodni,Sprzęt Elektroniczny
6098,2024-08-28,6124,Wrocław Gł. - Białystok,Białystok,Reklamówka / Torba
6099,2024-08-28,1904,Warszawa Wsch. - Łódź Fabryczna,Łódź Fabryczna,Reklamówka / Torba
6100,2024-08-28,57100,Olsztyn Gł. - Zielona Góra Gł.,Zielona Góra Główna,Sprzęt Turystyczny
6101,2024-08-28,48150,Katowice - Ustka,Ustka,Parasol
6102,2024-08-27,5420,Gdynia Gł. - Bielsko-Biała Gł.,Bielsko-Biała Główna,Walizka / Plecak
6103,2024-08-27,17102,Warszawa Wsch. - Zielona Góra Gł.,Zielona Góra Główna,Ubranie
6104,2024-08-24,28104,Hrubieszów Miasto-Świnoujście,Lublin Główny,Sprzęt Sportowy
6105,2024-08-27,61107,Wrocławgł- Białystok,Białystok,Ubranie
6106,2024-08-27,54102,Gdynia Gł. - Katowice,Gostynin,Telefon
6107,2024-08-27,45,Berlin Hbf - Warszawa Wsch.,Warszawa Wschodnia,Reklamówka / Torba
6108,2024-08-27,3508,Rzeszów Główny - Gdynia Gł.,Gdynia Główna,Ubranie
6109,2024-08-27,72100,Zielona Góra Gł. - Lublin Gł.,Lublin Główny,Sprzęt Elektroniczny
6110,2024-08-26,81102,Swinoujście - Suwałki,Suwałki,Rzeczy Osobiste
6111,2024-08-27,53172,Hel - Kraków Gł.,Wrocław Główny,Telefon
6112,2024-08-26,3500,Kraków Gł. - Gdynia Gł.,Gdynia Główna,Ubranie
6113,2024-08-26,82102,Szczecin Gł. - Lublin Gł.,Pionki Zachodnie,Sprzęt Elektroniczny
6114,2024-08-26,57106,Gdynia Gł. - Poznań Gł.,Poznań Główny,Książka
6115,2024-08-26,48102,Bielsko-Biała Gł. - Ustka,Ustka,Walizka / Plecak
6116,2024-08-23,83172,Ustka-Przemysl,Przemyśl Bakończyce,Sprzęt Elektroniczny
6117,2024-08-26,27102,Lublin Gł. - Poznań Gł.,Poznań Główny,Reklamówka / Torba
6118,2024-08-11,81102,Świnoujście - Warszawa Gdańska,Świnoujście,Ubranie
6119,2024-08-26,72100,Zielona Góra Gł. - Lublin Gł.,Zielona Góra Główna,Reklamówka / Torba
6120,2024-08-25,3500,Kraków Gł. - Gdynia Gł.,Gdynia Główna,Ubranie
6121,2024-08-25,1512,Warszawa Zach. - Gdynia Gł.,Gdynia Główna,Walizka / Plecak
6122,2024-08-25,25150,Dorohusk - Hel,Jurata,Saszetka / Nerka
6123,2024-08-23,83173,Świnoujście-Kraków,Kraków Główny,Sprzęt Elektroniczny
6124,2024-08-25,8300,Kołobrzeg-Kraków,Kraków Główny,Książka
6125,2024-08-25,18114,Łódź Fabryczna - Kołobrzeg,Kołobrzeg,Sprzęt Turystyczny
6126,2024-08-25,3562,Przemyśl Gł. - Gdynia Gł.,Gdynia Główna,Ubranie
6127,2024-08-25,143,Vilnius(Lt) - Kraków Gł.,Dąbrowa Białostocka,Rzeczy Osobiste
6128,2024-08-25,62100,Wrocław Gł. - Lublin Gł.,Lublin Główny,Etui
6129,2024-08-25,11150,Warszawa Zach.-Terespol,Siedlce,Dokument/Y
6130,2024-08-25,3806,Kraków Gł. - Kołobrzeg,Poznań Główny,Walizka / Plecak
6131,2024-08-25,3520,Kraków Gł. - Olsztyn Gł.,Olsztyn Główny,Ubranie
6132,2024-08-25,18102,Suwałki - Świnoujście,Słupca,Sprzęt Elektroniczny
6133,2024-08-25,6504,Wrocław Gł. - Gdynia Gł.,Gdynia Główna,Reklamówka / Torba
6134,2024-08-25,75100,Zielona Góra Gł. - Olsztyn Gł.,Zielona Góra Główna,Rzeczy Osobiste
6135,2024-08-25,3554,Przemyśl Gł. - Hel,Katowice,Książka
6136,2024-08-25,1302,Warszawa Wsch. - Kraków Gł.,Kraków Główny,Telefon
6137,2024-08-25,1522,Łódź Fabryczna - Olsztyn Gł.,Olsztyn Główny,Ubranie
6138,2024-08-24,17104,Warszawa  Poznan,Poznań Główny,Sprzęt Agd
6139,2024-08-24,82105,Świnoujście -Lublin Gł,Lublin Główny,Sprzęt Elektroniczny
6140,2024-08-25,82102,Szczecin Gł. - Lublin Gł.,Lublin Główny,Ubranie
6141,2024-08-24,6500,Jelenia Góra - Gdynia Gł.,Gdynia Główna,Książka
6142,2024-08-24,6500,Jelenia Góra - Gdynia Gł.,Gdynia Główna,Rzeczy Osobiste
6143,2024-08-24,11106,Warszawa Wsch. - Terespol,Biała Podlaska,Telefon
6144,2024-08-24,6500,Jelenia Góra - Gdynia Gł.,Bydgoszcz Główna,Rzeczy Osobiste
6145,2024-08-24,56150,Gdynia Gł. - Wrocław Gł.,Poznań Główny,Etui
6146,2024-08-24,27100,Lublin Gł. - Zielona Góra Gł.,Koło,Walizka / Plecak
6147,2024-08-24,5422,Olsztyn Gł. - Racibórz,Częstochowa,Sprzęt Sportowy
6148,2024-08-24,4502,Gliwice - Gdynia Gł.,Gdynia Główna,Sprzęt Elektroniczny
6149,2024-08-24,3150,Zakopane - Warszawa Wsch.,Warszawa Wschodnia,Ubranie
6150,2024-08-24,,,Sławno,Portfel
6151,2024-08-24,1304,Warszawa Wschodnia - Kraków Główny,Kraków Główny,Sprzęt Elektroniczny
6152,2024-08-24,8300,Kołobrzeg - Kraków Główny,Kraków Główny,Ubranie
6153,2024-08-24,3512,Kraków Gł. - Gdynia Gł.,Gniezno,Dokument/Y
6154,2024-08-24,63102,Jelenia Góra - Kraków Główny,Kraków Główny,Ubranie
6155,2024-08-24,48102,Bielsko-Biała Gł. - Ustka,Sławno,Rzeczy Osobiste
6156,2024-08-24,48102,Bielsko-Biała Gł. - Ustka,Sławno,Walizka / Plecak
6157,2024-08-23,407,Warszawa - Monachium,Warszawa Olszynka Grochowska,Sprzęt Elektroniczny
6158,2024-08-24,5300,Gdynia Główna - Kraków Główny,Kraków Główny,Ubranie
6159,2024-08-24,3508,Rzeszów Główny - Gdynia Gł.,Gdynia Główna,Ubranie
6160,2024-08-24,1304,Warszawa Wsch. - Kraków Gł.,Kraków Główny,Ubranie
6161,2024-08-24,17100,Warszawa Wsch. - Zielona Góra Gł.,Zielona Góra Główna,Ubranie
6162,2024-08-24,1114,Łódź Fabryczna - Terespol,Terespol,Reklamówka / Torba
6163,2024-08-24,35170,Zakopane - Gdynia Gł.,Prabuty,Saszetka / Nerka
6164,2024-08-24,4500,Bielsko-Biała Gł. - Gdynia Gł.,Gdynia Główna,Ubranie
6165,2024-08-23,55,Berlin Hbf - Kraków Gł.,Katowice,Portfel
6166,2024-08-23,5700,Gdynia Gł. - Poznań Gł.,Poznań Główny,Walizka / Plecak
6167,2024-08-23,3800,Kraków Gł. - Kołobrzeg,Kołobrzeg,Reklamówka / Torba
6168,2024-08-23,57,Berlin Hbf - Przemyśl Gł.,Przemyśl Główny,Reklamówka / Torba
6169,2024-08-23,3840,Kraków Gł. - Kołobrzeg,Kołobrzeg,Ubranie
6170,2024-08-23,59,Berlin Hbf - Gdynia Gł.,Zbąszynek,Rzeczy Osobiste
6171,2024-08-23,48150,Katowice - Ustka,Ustka,Reklamówka / Torba
6172,2024-08-23,58,Gdynia Gł. - Berlin Hbf,Rzepin,Reklamówka / Torba
6173,2024-08-23,1532,Łódź Fabryczna - Gdynia Gł.,Gdynia Główna,Dokument/Y
6174,2024-08-23,5600,Gdynia Gł. - Jelenia Góra,Poznań Główny,Telefon
6175,2024-08-23,83172,Świnoujście - Przemyśl Gł.,Przemyśl Główny,Ubranie
6176,2024-08-23,4500,Bielsko-Biała Gł. - Gdynia Gł.,Gdynia Główna,Obuwie
6177,2024-08-22,11106,W-Wa Wsch.-Terespol,Siedlce,Dokument/Y
6178,2024-08-22,17104,Warszawa Wsch. - Poznań Gł.,Poznań Główny,Książka
6179,2024-08-22,17104,Warszawa Wsch. - Poznań Gł.,Poznań Główny,Ubranie
6180,2024-08-22,8306,Kołobrzeg - Kraków Gł.,Kraków Główny,Ubranie
6181,2024-08-22,3800,Kraków Gł. - Kołobrzeg,Koszalin,Walizka / Plecak
6182,2024-08-22,19130,Warszawa Wsch. - Łódź Fabryczna,Łódź Fabryczna,Reklamówka / Torba
6183,2024-08-22,106,Graz Hbf - Przemyśl Gł.,Przemyśl Główny,Artykuły Medyczne
6184,2024-08-22,5304,Gdynia Głowna -Kraków Głowny,Kraków Główny,Rzeczy Osobiste
6185,2024-08-22,8300,Kołobrzeg -Kraków Główny,Kraków Główny,Ubranie
6186,2024-08-22,5312,Gdynia Gł. - Kraków Gł.,Kraków Główny,Ubranie
6187,2024-08-22,18114,Łódź Fabryczna - Kołobrzeg,Lębork,Ubranie
6188,2024-08-22,65102,Wrocław Gł. - Olsztyn Gł.,Olsztyn Główny,Telefon
6189,2024-08-22,3508,Rzeszów Główny - Gdynia Gł.,Gdynia Główna,Rzeczy Osobiste
6190,2024-08-22,17100,Warszawa Wsch. - Zielona Góra Gł.,Zielona Góra Główna,Rzeczy Osobiste
6191,2024-08-22,7500,Poznań Gł. - Gdynia Gł.,Gdynia Główna,Sprzęt Elektroniczny
6192,2024-08-22,53170,Gdynia Gł. - Zakopane,Zakopane,Kosztowności
6193,2024-08-21,35105,Zakopane - Gdynia Gł.,Tczew,Telefon
6194,2024-08-21,17104,Warszawa Wsch. - Poznań Gł.,Słupca,Reklamówka / Torba
6195,2024-08-21,59,Berlin Hbf - Gdynia Gł.,Gdynia Główna,Sprzęt Elektroniczny
6196,2024-08-21,75104,Zielona Góra Gł. - Gdynia Gł.,Gdynia Główna,Ubranie
6197,2024-08-20,3512,Kraków Gł. - Gdynia Gł.,Poznań Główny,Rzeczy Osobiste
6198,2024-08-20,1512,Warszawa Zach. - Gdynia Gł.,Gdynia Główna,Artykuły Muzyczne
6199,2024-08-20,5308,Gdynia Gł. - Rzeszów Główny,Miechów,Walizka / Plecak
6200,2024-08-20,18114,Łódź Fabryczna - Kołobrzeg,Koszalin,Ubranie
6201,2024-08-20,108,Wien Hbf - Gdynia Gł.,Tczew,Telefon
6202,2024-08-20,3820,Kraków Gł. - Szczecin Gł.,Katowice,Sprzęt Elektroniczny
6203,2024-08-20,57100,Olsztyn Gł. - Zielona Góra Gł.,Zielona Góra Główna,Reklamówka / Torba
6204,2024-08-20,3508,Rzeszów Główny - Gdynia Gł.,Gdynia Główna,Sprzęt Elektroniczny
6205,2024-08-20,8320,Szczecin Gł. - Kraków Gł.,Chorzów Batory,Ubranie
6206,2024-08-20,1540,Warszawa Zach. - Hel,Hel,Ubranie
6207,2024-08-20,47100,Katowice - Poznań Gł.,Poznań Główny,Rzeczy Osobiste
6208,2024-08-20,35171,Zakopane - Gdynia Gł.,Sopot,Ubranie
6209,2024-08-20,81170,Świnoujście - Warszawa Wsch.,Warszawa Wschodnia,Walizka / Plecak
6210,2024-08-19,35105,Zakopane - Gdynia Gł.,Gdynia Główna,Sprzęt Sportowy
6211,2024-08-19,27100,Lublin Gł. - Zielona Góra Gł.,Zielona Góra Główna,Reklamówka / Torba
6212,2024-08-19,3502,Kraków Gł. - Gdynia Gł.,Gdynia Główna,Ubranie
6213,2024-08-19,5424,Olsztyn Gł. - Bielsko-Biała Gł.,Bielsko-Biała Główna,Sprzęt Elektroniczny
6214,2024-08-19,5304,Gdynia Gł. - Kraków Gł.,Kraków Główny,Artykuły Dziecięce
6215,2024-08-15,1306,Warszawa-Kraków,Kraków Główny,Ubranie
6216,2024-08-19,57108,Gdynia Gł. - Zielona Góra Gł.,Zielona Góra Główna,Artykuły Muzyczne
6217,2024-08-19,4500,Bielsko-Biała Gł. - Gdynia Gł.,Gdynia Główna,Artykuły Spożywcze
6218,2024-08-18,5700,Gdynia Gł. - Poznań Gł.,Gniezno,Ubranie
6219,2024-08-18,11105,Warszawa Centr. - Terespol,Mińsk Mazowiecki,Sprzęt Elektroniczny
6220,2024-08-18,84150,Ustka - Katowice,Koszalin,Walizka / Plecak
6221,2024-08-18,3506,Kraków Gł. - Gdynia Gł.,Gdynia Główna,Walizka / Plecak
6222,2024-08-17,1320,Warszawa Wschodnia -Zakopane,Zakopane,Sprzęt Elektroniczny
6223,2024-08-18,1850,Warszawa Zach. - Kołobrzeg,Ustronie Morskie,Walizka / Plecak
6224,2024-08-18,18100,Warszawa Wsch. - Świnoujście,Międzyzdroje,Sprzęt Elektroniczny
6225,2024-08-18,15130,Łódź Fabryczna - Gdynia Gł.,Sopot,Portfel
6226,2024-08-18,15150,Warszawa Zach. - Łeba,Gdańsk Główny,Rzeczy Osobiste
6227,2024-08-18,8300,Kołobrzeg - Kraków Gł.,Kołobrzeg,Książka
6228,2024-08-17,3500,Kraków Gł. - Gdynia Gł.,Gdynia Główna,Etui
6229,2024-08-17,5320,Olsztyn Gł. - Kraków Gł.,Kraków Główny,Artykuły Dziecięce
6230,2024-08-17,17102,Warszawa Wsch. - Zielona Góra Gł.,Poznań Główny,Artykuły Muzyczne
6231,2024-08-17,57102,Olsztyn Gł. - Poznań Gł.,Iława Główna,Rzeczy Osobiste
6232,2024-08-17,33110,Zagórz - Kraków,Kraków Główny,Dokument/Y
6233,2024-08-16,8340,Kołobrzeg-Kraków,Kraków Główny,Ubranie
6234,2024-08-16,5304,Gdynia-Kraków,Kraków Główny,Obuwie
6235,2024-08-15,5322,Olsztyn-Kraków,Kraków Główny,Ubranie
6236,2024-08-16,63102,Jelenia Góra-Kraków,Kraków Główny,Ubranie
6237,2024-08-15,63102,Jelenia Góra-Kraków,Kraków Główny,Etui
6238,2024-08-15,13000,Mockava-Kraków,Kraków Główny,Sprzęt Elektroniczny
6239,2024-08-17,5600,Gdynia Gł. - Jelenia Góra,Rawicz,Rzeczy Osobiste
6240,2024-08-15,8300,Kołobrzeg-Kraków,Kraków Główny,Rzeczy Osobiste
6241,2024-08-15,8300,Kołobrzeg-Kraków,Kraków Główny,Sprzęt Elektroniczny
6242,2024-08-17,17100,Warszawa Wsch. - Zielona Góra Gł.,Zielona Góra Główna,Artykuły Spożywcze
6243,2024-08-16,COK KRAKÓW,,Kraków Główny,Artykuły Dziecięce
6244,2024-08-17,1532,Łódź Fabryczna - Gdynia Gł.,Aleksandrów Kujawski,Sprzęt Turystyczny
6245,2024-08-16,5360,Gdynia Gł. - Zakopane,Zakopane,Ubranie
6246,2024-08-16,402,Łeba - Bohumin,Łeba,Rzeczy Osobiste
6247,2024-08-16,5304,Gdynia Główna-Kraków Główny,Kraków Główny,Sprzęt Sportowy
6248,2024-08-16,5304,Gdynia Główna -Kraków Główny,Kraków Główny,Ubranie
6249,2024-08-15,47100,Katwoice-Poznań,Poznań Główny,Artykuły Biurowe
6250,2024-08-15,83106,Piła Główna -Kraków Główny,Kraków Główny,Saszetka / Nerka
6251,2024-08-16,15150,Warszawa Zach. - Łeba,Wejherowo,Portfel
6252,2024-08-16,57100,Olsztyn Gł. - Zielona Góra Gł.,Zielona Góra Główna,Ubranie
6253,2024-08-16,48150,Katowice - Ustka,Ustka,Sprzęt Elektroniczny
6254,2024-08-16,78172,Poznań Gł. - Ustka,Ustka,Sprzęt Sportowy
6255,2024-08-16,50191,Gdynia Gł. - Hel,Hel,Sprzęt Sportowy
6256,2024-08-15,5308,Gdynia Gł. - Rzeszów Główny,Rzeszów Główny,Książka
6257,2024-08-15,53190,Łeba - Kraków Gł.,Lębork,Sprzęt Elektroniczny
6258,2024-08-15,3512,Kraków Gł. - Gdynia Gł.,Gdynia Główna,Saszetka / Nerka
6259,2024-08-15,4502,Gliwice - Gdynia Gł.,Gdynia Główna,Artykuły Dziecięce
6260,2024-08-15,4502,Gliwice - Gdynia Gł.,Sopot,Rzeczy Osobiste
6261,2024-08-15,57,Berlin Hbf - Przemyśl Gł.,Katowice,Ubranie
6262,2024-08-15,35171,Zakopane - Gdynia Gł.,Zakopane,Sprzęt Sportowy
6263,2024-08-15,35171,Zakopane - Gdynia Gł.,Zakopane,Reklamówka / Torba
6264,2024-08-15,,,Katowice,Sprzęt Elektroniczny
6265,2024-08-15,3806,Kraków Gł. - Kołobrzeg,Oborniki Wielkopolskie Miasto,Walizka / Plecak
6266,2024-08-15,85106,Szczecin Gł. - Olsztyn Gł.,Pasłęk,Ubranie
6267,2024-08-15,3508,Rzeszów Główny - Gdynia Gł.,Gdynia Główna,Ubranie
6268,2024-08-15,4520,Bielsko-Biała Gł. - Gdynia Gł.,Gdynia Główna,Rzeczy Osobiste
6269,2024-08-15,4520,Bielsko-Biała Gł. - Gdynia Gł.,Gdynia Główna,Ubranie
6270,2024-08-15,24100,Lublin Gł. - Katowice,Katowice,Rzeczy Osobiste
6271,2024-08-15,13100,Warszawa Wsch. - Przemyśl Gł.,Przeworsk,Walizka / Plecak
6272,2024-08-15,1540,Warszawa Zach. - Hel,Gdynia Główna,Ubranie
6273,2024-08-15,7322,Poznań-Kraków,Kraków Główny,Ubranie
6274,2024-08-15,4522,Racibórz - Olsztyn Gł.,Zawiercie,Dokument/Y
6275,2024-08-15,38171,Kraków Gł. - Kołobrzeg,Lębork,Dokument/Y
6276,2024-08-15,406,München Hbf - Warszawa Wsch.,Kraków Główny,Dokument/Y
6277,2024-08-14,1512,Warszawa Zach. - Gdynia Gł.,Gdynia Główna,Walizka / Plecak
6278,2024-08-14,57104,Gdynia Gł. - Zielona Góra Gł.,Zielona Góra Główna,Reklamówka / Torba
6279,2024-08-14,28104,Hrubieszów Miasto - Świnoujście,Poznań Główny,Telefon
6280,2024-08-12,5600,Gdynia Gł. - Jelenia Góra,Wrocław Główny,Etui
6281,2024-08-12,3602,Przemyśl Gł. - Wrocław Gł.,Wrocław Główny,Akcesoria Dla Zwierząt
6282,2024-08-12,3602,Przemyśl Gł. - Wrocław Gł.,Wrocław Główny,Dokument/Y
6283,2024-08-11,3600,Przemyśl Gł. - Wrocław Gł.,Wrocław Główny,Reklamówka / Torba
6284,2024-08-13,85100,Szczecin Gł. - Gdańsk Gł.,Sopot,Telefon
6285,2024-08-13,35105,Zakopane - Gdynia Gł.,Warszawa Wschodnia,Dokument/Y
6286,2024-08-13,1512,Warszawa Zach. - Gdynia Gł.,Gdynia Główna,Artykuły Spożywcze
6287,2024-08-13,33110,Zagórz-Kraków,Kraków Główny,Sprzęt Elektroniczny
6288,2024-08-13,26100,Lublin Gł. - Wrocław Gł.,Wrocław Główny,Sprzęt Elektroniczny
6289,2024-08-12,515 WAGON W REZERWIE,Brak,Kraków Główny,Telefon
6290,2024-08-13,1304,Warszawa-Kraków,Kraków Główny,Książka
6291,2024-08-13,57100,Olsztyn Gł. - Zielona Góra Gł.,Zielona Góra Główna,Rzeczy Osobiste
6292,2024-08-13,11100,Warszawa-Terespol,Terespol,Sprzęt Elektroniczny
6293,2024-08-13,1322,Warszawa Wsch. - Kraków Gł.,Kraków Główny,Ubranie
6294,2024-08-13,35171,Zakopane - Gdynia Gł.,Gdynia Główna,Ubranie
6295,2024-08-13,83172,Świnoujście - Przemyśl Gł.,Przemyśl Główny,Sprzęt Elektroniczny
6296,2024-08-12,brak danych,Brak Danych,Warszawa Olszynka Grochowska,Telefon
6297,2024-08-12,5354,Hel - Przemyśl Gł.,Przemyśl Główny,Sprzęt Turystyczny
6298,2024-08-12,1512,Warszawa Zach. - Gdynia Gł.,Gdynia Główna,Sprzęt Elektroniczny
6299,2024-08-12,3512,Kraków Gł. - Gdynia Gł.,Tczew,Reklamówka / Torba
6300,2024-08-12,84150,Ustka - Katowice,Leszno,Telefon
6301,2024-08-12,38106,Kraków Gł. - Piła Gł.,Poznań Główny,Reklamówka / Torba
6302,2024-08-11,8306,Kołobrzeg - Kraków Główny,Kraków Główny,Ubranie
6303,2024-08-12,11102,Warszawa Zach. - Terespol,Siedlce,Walizka / Plecak
6304,2024-08-12,45102,Katowice - Gdynia Gł.,Łódź Kaliska,Saszetka / Nerka
6305,2024-08-12,3554,Przemyśl Gł. - Hel,Katowice,Ubranie
6306,2024-08-12,6102,Jelenia Góra - Warszawa Wsch.,Warszawa Wschodnia,Ubranie
6307,2024-08-12,5302,Gdynia Gł. - Kraków Gł.,Kraków Główny,Ubranie
6308,2024-08-11,1650,Warszawa Wsch. - Szklarska Poręba Grn.,Szklarska Poręba,Ubranie
6309,2024-08-12,406,München Hbf - Warszawa Wsch.,Włoszczowa Północ,Obuwie
6310,2024-08-12,56124,Olsztyn Gł. - Wrocław Gł.,Wrocław Główny,Ubranie
6311,2024-08-12,1602,Warszawa Wsch. - Jelenia Góra,Jelenia Góra,Artykuły Spożywcze
6312,2024-08-11,21160,Lublin Gł. - Warszawa Centr.,Warszawa Centralna,Walizka / Plecak
6313,2024-08-11,5604,Gdynia Gł. - Wrocław Gł.,Wrocław Główny,Ubranie
6314,2024-08-11,3502,Kraków Gł. - Gdynia Gł.,Gdynia Główna,Ubranie
6315,2024-08-11,57108,Gdynia Gł. - Zielona Góra Gł.,Zielona Góra Główna,Ubranie
6316,2024-08-11,5304,Gdynia - Kraków,Kraków Główny,Akcesoria Dla Zwierząt
6317,2024-08-11,53150,Bydgoszcz Gł. - Zakopane,Zakopane,Portfel
6318,2024-08-11,1308,Warszawa - Kraków,Kraków Główny,Ubranie
6319,2024-08-10,73100,Poznań - Kraków,Kraków Główny,Książka
6320,2024-08-11,57100,Olsztyn Gł. - Zielona Góra Gł.,Zielona Góra Główna,Ubranie
6321,2024-08-10,8340,Kołobrzeg - Kraków,Kraków Główny,Ubranie
6322,2024-08-11,16190,Warszawa Wsch. - Szklarska Por.G.,Szklarska Poręba Górna,Walizka / Plecak
6323,2024-08-10,82104,Świnoujście - Hrubieszów Miasto,Werbkowice,Reklamówka / Torba
6324,2024-08-10,3150,Zakopane - Warszawa Wsch.,Warszawa Wschodnia,Saszetka / Nerka
6325,2024-08-10,56150,Gdynia Gł. - Wrocław Gł.,Mogilno,Ubranie
6326,2024-08-10,3554,Przemyśl Gł. - Hel,Tczew,Rzeczy Osobiste
6327,2024-08-10,3522,Kraków    Olsztyn,Olsztyn Główny,Rzeczy Osobiste
6328,2024-08-10,3506,Kraków Gł. - Gdynia Gł.,Gdynia Główna,Sprzęt Elektroniczny
6329,2024-08-09,8340,Kołobrzeg - Kraków Główny,Kraków Główny,Sprzęt Turystyczny
6330,2024-08-10,3508,Rzeszów Główny - Gdynia Gł.,Gdynia Główna,Parasol
6331,2024-08-10,6504,Wrocław Gł. - Gdynia Gł.,Gdynia Główna,Reklamówka / Torba
6332,2024-08-10,6504,Wrocław Gł. - Gdynia Gł.,Gdynia Główna,Walizka / Plecak
6333,2024-08-10,38192,Zakopane - Szczecin Gł.,Szczecin Główny,Ubranie
6334,2024-08-10,8320,Szczecin Gł. - Kraków Gł.,Środa Wielkopolska,Rzeczy Osobiste
6335,2024-08-10,83172,Świnoujście - Przemyśl Gł.,Poznań Główny,Rzeczy Osobiste
6336,2024-08-09,6304,Wrocław Gł. - Przemyśl Gł.,Bochnia,Portfel
6337,2024-08-09,16102,Warszawa Wsch. - Wrocław Gł.,Wrocław Główny,Sprzęt Elektroniczny
6338,2024-08-09,71100,Zielona Góra Gł. - Warszawa Gdańska,Warszawa Gdańska,Sprzęt Sportowy
6339,2024-08-09,3840,Kraków Gł. - Kołobrzeg,Kołobrzeg,Walizka / Plecak
6340,2024-08-09,3522,Kraków Gł. - Olsztyn Gł.,Olsztyn Główny,Ubranie
6341,2024-08-09,2700,Stalowa W. Rozw. - Żary,Wrocław Główny,Ubranie
6342,2024-08-08,43000,Praga-Przemyśl Gł.,Przemyśl Główny,Portfel
6343,2024-08-09,15150,Warszawa Zach. - Łeba,Wejherowo,Rzeczy Osobiste
6344,2024-08-09,5620,Ełk - Wrocław Gł.,Łódź Chojny,Sprzęt Elektroniczny
6345,2024-08-09,83100,Kołobrzeg - Rzeszów Główny,Szczecinek,Telefon
6346,2024-08-09,16108,Warszawa Gdańska - Wrocław Gł.,Brzeg,Pieniądze
6347,2024-08-08,1626,Warszawa Wsch. - Zgorzelec,Zgorzelec,Parasol
6348,2024-08-08,3554,Przemyśl Gł. - Hel,Gdynia Główna,Dokument/Y
6349,2024-08-08,3512,Kraków Gł. - Gdynia Gł.,Gdynia Główna,Reklamówka / Torba
6350,2024-08-08,16100,Warszawa Wsch. - Szklarska Por.G.,Szklarska Poręba Górna,Saszetka / Nerka
6351,2024-08-08,2700,Stalowa W. Rozw. - Żary,Żary,Ubranie
6352,2024-08-08,35105,Zakopane - Gdynia Gł.,Opoczno Południe,Ubranie
6353,2024-08-08,111,Ostrava-Svinov - Warszawa Wsch.,Warszawa Wschodnia,Saszetka / Nerka
6354,2024-08-07,61190,Szklarska Por.G. - Warszawa Wsch.,Szklarska Poręba Górna,Książka
6355,2024-08-07,5304,Gdynia-Kraków,Kraków Główny,Ubranie
6356,2024-08-07,8300,Kołobrzeg-Kraków,Kraków Główny,Ubranie
6357,2024-08-07,53173,Gdynia-Kraków,Kraków Główny,Ubranie
6358,2024-08-04,,,Katowice,Portfel
6359,2024-08-04,5427,Gdynia-Katowice,Katowice,Parasol
6360,2024-08-06,3554,Przemyśl Gł-Hel,Władysławowo,Etui
6361,2024-08-05,5304,Gdynia - Kraków,Kraków Główny,Parasol
6362,2024-08-01,1302,Warszawa-Kraków,Kraków Główny,Rzeczy Osobiste
6363,2024-08-05,1304,Warszawa - Kraków,Kraków Główny,Parasol
6364,2024-08-05,8300,Kołobrzeg - Kraków,Kraków Główny,Sprzęt Elektroniczny
6365,2024-07-31,143,Mockava-Kraków,Kraków Główny,Książka
6366,2024-07-31,13108,Olsztyn-Kraków,Kraków Główny,Sprzęt Elektroniczny
6367,2024-08-05,1304,Warszawa - Kraków,Kraków Główny,Rzeczy Osobiste
6368,2024-07-31,1322,Warszawa-Kraków,Kraków Główny,Dokument/Y
6369,2024-07-31,5312,Gdynia-Kraków,Kraków Główny,Ubranie
6370,2024-08-05,5304,Gdynia - Kraków,Kraków Główny,Ubranie
6371,2024-07-31,5310,Gdynia-Kraków,Kraków Główny,Saszetka / Nerka
6372,2024-08-06,5602,,Wrocław Główny,Reklamówka / Torba
6373,2024-08-02,73105,Zielona Góra -Przemyś Gł,Przemyśl Bakończyce,Rzeczy Osobiste
6374,2024-08-07,37104,Przemyśl Gł. - Zielona Góra Gł.,Zielona Góra Główna,Sprzęt Agd
6375,2024-08-06,37104,Przemyśl Gł. - Zielona Góra Gł.,Zielona Góra Główna,Sprzęt Sportowy
6376,2024-08-06,57102,Olsztyn Gł. - Poznań Gł.,Toruń Główny,Sprzęt Elektroniczny
6377,2024-08-06,1626,Warszawa Wsch. - Zgorzelec,Ostrów Wielkopolski,Ubranie
6378,2024-08-06,5304,Gdynia Główna - Kraków Główny,Kraków Główny,Sprzęt Sportowy
6379,2024-08-06,83191,Kołobrzeg-Kraków Główny,Kraków Główny,Ubranie
6380,2024-08-06,47,Berlin Hbf - Warszawa Wsch.,Warszawa Wschodnia,Walizka / Plecak
6381,2024-08-06,1908,Warszawa Wsch. - Łódź Fabryczna,Skierniewice,Sprzęt Elektroniczny
6382,2024-08-06,47100,Katowice-Poznań,Poznań Główny,Sprzęt Elektroniczny
6383,2024-08-06,47100,Katowice-Poznań,Poznań Główny,Artykuły Dziecięce
6384,2024-08-06,3506,Kraków Gł. - Gdynia Gł.,Gdynia Główna,Walizka / Plecak
6385,2024-08-06,27102,Lublin Gł. - Poznań Gł.,Poznań Główny,Ubranie
6386,2024-08-06,57100,Olsztyn Gł. - Zbąszynek,Nowy Tomyśl,Sprzęt Elektroniczny
6387,2024-08-06,8320,Szczecin Gł. - Kraków Gł.,Kraków Główny,Sprzęt Elektroniczny
6388,2024-08-06,75102,Poznań Gł. - Olsztyn Gł.,Olsztyn Główny,Rzeczy Osobiste
6389,2024-08-06,86102,Słupsk - Wrocław Gł.,Wrocław Główny,Sprzęt Sportowy
6390,2024-08-04,86102,Słupsk - Wrocław Gł.,Wrocław Główny,Sprzęt Turystyczny
6391,2024-08-06,30170,Kraków Gł. - Krynica-Zdrój,Krynica-Zdrój,Portfel
6392,2024-08-06,85108,Szczecin Gł. - Olsztyn Gł.,Gdynia Główna,Dokument/Y
6393,2024-08-06,1620,Warszawa Wsch. - Wrocław Gł.,Koluszki,Walizka / Plecak
6394,2024-08-06,16108,Warszawa Gdańska - Wrocław Gł.,Wrocław Główny,Ubranie
6395,2024-08-05,82102,Szczecin Gł. - Lublin Gł.,Lublin Główny,Ubranie
6396,2024-08-05,75108,Zbąszynek - Gdynia Gł.,Sopot,Sprzęt Elektroniczny
6397,2024-08-04,5310,Gdynia-Kraków,Kraków Główny,Rzeczy Osobiste
6398,2024-08-05,3506,Kraków Gł. - Gdynia Gł.,Gdynia Główna,Walizka / Plecak
6399,2024-08-04,83106,Piła-Kraków,Kraków Główny,Ubranie
6400,2024-08-05,51150,Łeba - Warszawa Zach.,Lębork,Walizka / Plecak
6401,2024-08-05,52150,Hel - Lublin Gł.,Gdynia Główna,Reklamówka / Torba
6402,2024-08-05,37100,Kraków Gł. - Poznań Gł.,Poznań Główny,Walizka / Plecak
6403,2024-08-03,86102,Słupsk - Wrocław Gł.,Wrocław Główny,Parasol
6404,2024-08-05,35172,Kraków Gł. - Hel,Hel,Sprzęt Turystyczny
6405,2024-08-03,Brak danych,Brak Danych,Rawicz,Etui
6406,2024-08-01,26100,,Wrocław Główny,Sprzęt Sportowy
6407,2024-08-01,5604,,Wrocław Główny,Artykuły Biurowe
6408,2024-07-31,56102,,Wrocław Główny,Reklamówka / Torba
6409,2024-08-01,5620,,Wrocław Główny,Ubranie
6410,2024-07-29,1624,,Wrocław Główny,Ubranie
6411,2024-07-30,5602,,Wrocław Główny,Parasol
6412,2024-08-01,5602,,Wrocław Główny,Sprzęt Elektroniczny
6413,2024-08-01,3602,,Wrocław Główny,Artykuły Biurowe
6414,2024-08-05,6102,Jelenia Góra - Warszawa Wsch.,Jelenia Góra,Ubranie
6415,2024-08-05,56124,Olsztyn Gł. - Wrocław Gł.,Wrocław Główny,Ubranie
6416,2024-08-04,35150,Zakopane - Bydgoszcz Gł.,Bydgoszcz Główna,Sprzęt Turystyczny
6417,2024-08-05,143,Vilnius(Lt) - Kraków Gł.,Kraków Główny,Ubranie
6418,2024-08-04,26102,Lublin Gł. - Wrocław Gł.,Wrocław Główny,Sprzęt Elektroniczny
6419,2024-08-04,8306,Kołobrzeg - Kraków Gł.,Kraków Główny,Walizka / Plecak
6420,2024-08-04,3562,Przemyśl Gł. - Gdynia Gł.,Poznań Główny,Walizka / Plecak
6421,2024-08-04,3150,Zakopane - Warszawa Wsch.,Warszawa Wschodnia,Rzeczy Osobiste
6422,2024-08-03,5320,Olsztyn Główny - Kraków Główny,Kraków Główny,Dokument/Y
6423,2024-08-04,3560,Zakopane - Gdynia Gł.,Gdynia Główna,Saszetka / Nerka
6424,2024-08-04,57100,Olsztyn Gł. - Zielona Góra Gł.,Zielona Góra Główna,Reklamówka / Torba
6425,2024-08-04,3506,Kraków Gł. - Gdynia Gł.,Gdynia Główna,Artykuły Dziecięce
6426,2024-08-04,5600,Gdynia Gł. - Jelenia Góra,Świebodzice,Sprzęt Elektroniczny
6427,2024-08-04,75102,Poznań Gł. - Olsztyn Gł.,Jabłonowo Pomorskie,Sprzęt Elektroniczny
6428,2024-08-03,86154,Kołobrzeg - Wrocław Gł.,Wrocław Główny,Artykuły Dziecięce
6429,2024-08-03,85102,Szczecin Gł. - Olsztyn Gł.,Gdańsk Główny,Walizka / Plecak
6430,2024-08-03,17102,Warszawa Wsch. - Zielona Góra Gł.,Zielona Góra Główna,Ubranie
6431,2024-08-03,3512,Kraków Gł. - Gdynia Gł.,Gdynia Główna,Walizka / Plecak
6432,2024-08-03,1512,Warszawa Zach. - Gdynia Gł.,Gdańsk Wrzeszcz,Sprzęt Elektroniczny
6433,2024-08-03,5422,Olsztyn Gł. - Racibórz,Żyrardów,Telefon
6434,2024-08-03,18114,Łódź Fabryczna - Kołobrzeg,Koszalin,Telefon
6435,2024-08-03,38100,Rzeszów Kołobrzeg,Włocławek,Sprzęt Elektroniczny
6436,2024-08-03,4506,Bielsko-Biała Gł. - Gdynia Gł.,Gdynia Główna,Ubranie
6437,2024-08-03,36100,Kraków Gł. - Wrocław Gł.,Wrocław Główny,Parasol
6438,2024-08-03,5328,Olsztyn Gł-Kraków Gł,Kraków Główny,Etui
6439,2024-08-02,4500,Bielsko-Biała Gł. - Gdynia Gł.,Gdynia Główna,Saszetka / Nerka
6440,2024-08-02,37104,Przemyśl Gł. - Zielona Góra Gł.,Zielona Góra Główna,Ubranie
6441,2024-08-02,18130,Warszawa Zach. - Kołobrzeg,Gdynia Główna,Artykuły Spożywcze
6442,2024-08-02,16106,Białystok - Wrocław Gł.,Małkinia,Sprzęt Sportowy
6443,2024-08-02,26100,Lublin Gł. - Wrocław Gł.,Wrocław Główny,Walizka / Plecak
6444,2024-08-02,606,Olsztyn Gł. - Giżycko,Kętrzyn,Saszetka / Nerka
6445,2024-08-02,13100,Warszawa Wschonia -Kraków Główny,Kraków Główny,Artykuły Biurowe
6446,2024-08-02,1104,Terespol-Lodz Fabryczna,Łódź Kaliska,Dokument/Y
6447,2024-08-02,16106,Białystok - Wrocław Gł.,Wrocław Główny,Reklamówka / Torba
6448,2024-08-02,16106,Białystok - Wrocław Gł.,Wrocław Główny,Ubranie
6449,2024-08-01,3512,Kraków Gł. - Gdynia Gł.,Gdynia Główna,Sprzęt Elektroniczny
6450,2024-08-01,2700,Lublin Gł. - Żary,Żary,Książka
6451,2024-08-01,62100,Wrocław Gł. - Lublin Gł.,Pionki Zachodnie,Ubranie
6452,2024-08-01,88101,Piła Gł. - Gorzów Wlkp.,Trzcianka,Sprzęt Elektroniczny
6453,2024-08-01,65104,Wrocław Gł. - Olsztyn Gł.,Wrocław Mikołajów,Artykuły Dziecięce
6454,2024-08-01,115,Praha Hl. N. - Przemyśl Gł.,Czechowice-Dziedzice,Walizka / Plecak
6455,2024-08-01,57100,Olsztyn Gł. - Zielona Góra Gł.,Zielona Góra Główna,Artykuły Spożywcze
6456,2024-08-01,57100,Olsztyn Gł. - Zielona Góra Gł.,Zielona Góra Główna,Reklamówka / Torba
6457,2024-08-01,48150,Katowice - Ustka,Ustka,Reklamówka / Torba
6458,2024-08-01,83191,Kołobrzeg-Kraków,Kraków Główny,Rzeczy Osobiste
6459,2024-08-01,57108,Gdynia Gł. - Zielona Góra Gł.,Zielona Góra Główna,Rzeczy Osobiste
6460,2024-08-01,3554,Przemyśl Gł. - Hel,Pyskowice,Walizka / Plecak
6461,2024-08-01,21102,Lublin Gł. - Warszawa Zach.,Warszawa Zachodnia,Sprzęt Elektroniczny
6462,2024-07-31,3500,Kraków Gł. - Gdynia Gł.,Gdynia Główna,Rzeczy Osobiste
6463,2024-07-31,74100,Poznań Gł. - Katowice,Katowice,Reklamówka / Torba
6464,2024-07-31,3800,Kraków Gł. - Kołobrzeg,Słupsk,Książka
6465,2024-07-31,12104,Warszawa Wschodnia- Lublin Gł,Lublin Główny,Artykuły Dziecięce
6466,2024-07-31,88101,Piła Gł. - Gorzów Wlkp.,Gorzów Wielkopolski,Reklamówka / Torba
6467,2024-07-31,73102,Poznań Główny - Kraków Główny,Kraków Główny,Sprzęt Elektroniczny
6468,2024-07-31,57106,Gdynia Gł. - Poznań Gł.,Gdynia Główna,Ubranie
6469,2024-07-31,608,Olsztyn Gł. - Giżycko,Giżycko,Sprzęt Elektroniczny
6470,2024-07-31,3508,Rzeszów Główny - Gdynia Gł.,Gdynia Główna,Rzeczy Osobiste
6471,2024-07-27,5312,Gdynia - Kraków,Kraków Główny,Walizka / Plecak
6472,2024-07-30,81114,Kołobrzeg-Łódź Fabryczna,Łódź Kaliska,Portfel
6473,2024-07-30,85102,Szczecin Gł. - Olsztyn Gł.,Gdańsk Główny,Sprzęt Elektroniczny
6474,2024-07-30,11104/5,Warszawa Zachodnia - Terespol,Terespol,Walizka / Plecak
6475,2024-07-30,5326,Olsztyn-Kraków,Kraków Główny,Sprzęt Turystyczny
6476,2024-07-30,38106,Kraków Gł. - Piła Gł.,Jastrowie,Etui
6477,2024-07-30,81100,Świnoujście - Warszawa Gdańska,Dobiegniew,Rzeczy Osobiste
6478,2024-07-26,1306,Warszawa-Kraków,Kraków Główny,Sprzęt Elektroniczny
6479,2024-07-30,27102,Lublin-Poznań,Poznań Główny,Sprzęt Sportowy
6480,2024-07-30,87100,Gorzów Wlkp. - Zbąszynek,Gorzów Wielkopolski,Walizka / Plecak
6481,2024-07-30,107,Przemyśl Gł. - Graz Hbf,Czechowice-Dziedzice,Walizka / Plecak
6482,2024-07-30,5620,Ełk - Wrocław Gł.,Wrocław Główny,Ubranie
6483,2024-07-29,37104,Przemyśl Gł. - Zielona Góra Gł.,Zielona Góra Główna,Artykuły Biurowe
6484,2024-07-29,85102,Szczecin Gł. - Olsztyn Gł.,Olsztyn Główny,Sprzęt Elektroniczny
6485,2024-07-29,6122,Wrocław Gł. - Warszawa Wsch.,Warszawa Wschodnia,Walizka / Plecak
6486,2024-07-29,1530,Warszawa Zach. - Bydgoszcz Gł.,Jabłonowo Pomorskie,Ubranie
6487,2024-07-29,18114,Łódź Fabryczna - Kołobrzeg,Kołobrzeg,Ubranie
6488,2024-07-29,85106,Szczecin - Olsztyn,Olsztyn Główny,Artykuły Muzyczne
6489,2024-07-29,1624,Białystok - Wrocław Gł.,Lubliniec,Ubranie
6490,2024-07-29,17100,Warszawa Wsch. - Zielona Góra Gł.,Zielona Góra Główna,Dokument/Y
6491,2024-07-26,36100,Kraków Gł. - Wrocław Gł.,Wrocław Główny,Etui
6492,2024-07-29,8300,Kołobrzeg - Kraków Gł.,Kraków Główny,Walizka / Plecak
6493,2024-07-28,86100,Kołobrzeg - Wrocław Gł.,Wrocław Główny,Artykuły Dziecięce
6494,2024-07-28,65102,Wrocław - Olsztyn,Olsztyn Główny,Portfel
6495,2024-07-29,48150,Katowice - Ustka,Chodzież,Dokument/Y
6496,2024-07-28,KIBICE,Łodź-Poznań,Poznań Główny,Sprzęt Agd
6497,2024-07-29,82103,Szczecin Gł. -Lublin Gł.,Lublin Główny,Parasol
6498,2024-07-28,16106,Białystok - Wrocław Gł.,Wrocław Główny,Rzeczy Osobiste
6499,2024-07-28,16106,Białystok - Wrocław Gł.,Wrocław Główny,Walizka / Plecak
6500,2024-07-28,6150,Szklarska Por.G. - Warszawa Gdańska,Warszawa Gdańska,Ubranie
6501,2024-07-28,3502,Kraków Gł. - Gdynia Gł.,Gdynia Główna,Reklamówka / Torba
6502,2024-07-28,16104,Białystok - Wrocław Gł.,Wrocław Główny,Ubranie
6503,2024-07-28,57150,Gdynia Gł. - Poznań Gł.,Gdynia Główna,Parasol
6504,2024-07-28,117,Praha-Vršovice - Warszawa Gdańska,Rybnik,Telefon
6505,2024-07-26,73102,Poznań - Kraków,Kraków Główny,Sprzęt Elektroniczny
6506,2024-07-28,60151,Wrocław Gł. - Kudowa-Zdrój,Kamieniec Ząbkowicki,Dokument/Y
6507,2024-07-28,53103,Gdynia Gł. - Zakopane,Opoczno Południe,Ubranie
6508,2024-07-28,30160,Kraków Gł. - Łupków,Łupków,Rzeczy Osobiste
6509,2024-07-28,30160,Kraków Gł. - Łupków,Łupków,Ubranie
6510,2024-07-28,8300,Kołobrzeg - Kraków Gł.,Kołobrzeg,Artykuły Muzyczne
6511,2024-07-28,5700,,Poznań Główny,Dokument/Y
6512,2024-07-28,83192,Szczecin Gł. - Zakopane,Lubliniec,Walizka / Plecak
6513,2024-07-27,86154,Kołobrzeg - Wrocław Gł.,Wrocław Główny,Walizka / Plecak
6514,2024-07-27,17102,Warszawa Wsch. - Zielona Góra Gł.,Poznań Główny,Kosztowności
6515,2024-07-27,3502,Kraków Gł. - Gdynia Gł.,Gdynia Główna,Rzeczy Osobiste
6516,2024-07-27,4502,Gliwice - Gdynia Gł.,Gdynia Główna,Sprzęt Elektroniczny
6517,2024-07-26,8306,Kołobrzeg - Kraków Główny,Kraków Główny,Telefon
6518,2024-07-27,5324,Olsztyn Gł. - Kraków Gł.,Radom Główny,Reklamówka / Torba
6519,2024-07-27,1906,Warszawa Wsch. - Łódź Fabryczna,Warszawa Wschodnia,Sprzęt Elektroniczny
6520,2024-07-27,1350,Warszawa Wsch. - Zakopane,Jordanów,Telefon
6521,2024-07-15,84150,Ustka-Katowice,Katowice Zawodzie,Reklamówka / Torba
6522,2024-07-26,3554,Przemyśl-Hel,Hel,Walizka / Plecak
6523,2024-07-26,75108,Zielona Góra Gł. - Gdynia Gł.,Gdynia Główna,Rzeczy Osobiste
6524,2024-07-26,3532,Rzeszów Główny - Bydgoszcz Gł.,Łowicz Główny,Portfel
6525,2024-07-26,5406,Gdynia Gł. - Bielsko-Biała Gł.,Włoszczowa Północ,Sprzęt Elektroniczny
6526,2024-07-26,108,Wien Hbf - Gdynia Gł.,Sopot,Ubranie
6527,2024-07-26,5402,Gdynia Gł. - Bielsko-Biała Gł.,Bielsko-Biała Główna,Ubranie
6528,2024-07-26,27102,Lublin Gł. - Poznań Gł.,Poznań Główny,Sprzęt Turystyczny
6529,2024-07-26,8305,Szczecin -Przemyśl,Przemyśl Główny,Walizka / Plecak
6530,2024-07-24,36100,Kraków Gł. - Wrocław Gł.,Wrocław Główny,Sprzęt Elektroniczny
6531,2024-07-26,4520,Bielsko-Biała Gł. - Gdynia Gł.,Gdynia Główna,Rzeczy Osobiste
6532,2024-07-26,15150,Warszawa Zach. - Łeba,Lębork,Reklamówka / Torba
6533,2024-07-26,6504,Wrocław Gł. - Gdynia Gł.,Gdynia Główna,Ubranie
6534,2024-07-26,35150,Zakopane - Bydgoszcz Gł.,Zakopane,Sprzęt Elektroniczny
6535,2024-07-26,83192,Szczecin Gł. - Zakopane,Zakopane,Reklamówka / Torba
6536,2024-07-25,5700,Poznan,Poznań Główny,Dokument/Y
6537,2024-07-26,83192,Szczecin Gł. - Zakopane,Zakopane,Rzeczy Osobiste
6538,2024-07-25,8304,Szczecin Gł. - Przemyśl Gł.,Przemyśl Główny,Ubranie
6539,2024-07-24,5334,Bydgoszcz-Kraków,Kraków Główny,Ubranie
6540,2024-07-25,5302,Gdynia Gł. - Kraków Gł.,Kraków Główny,Walizka / Plecak
6541,2024-07-25,71102,Zielona Góra Gł. - Warszawa Wsch.,Babiak,Dokument/Y
6542,2024-07-24,1220,Warszawa Wsch. - Kielce Główne,Kielce Główne,Ubranie
6543,2024-07-24,3500,Kraków Gł. - Gdynia Gł.,Gdynia Główna,Kosztowności
6544,2024-07-24,35105,Zakopane - Gdynia Gł.,Ciechanów,Etui
6545,2024-07-24,81100,Świnoujście - Warszawa Gdańska,Międzyzdroje,Artykuły Medyczne
6546,2024-07-22,5304,Gdynia - Kraków,Kraków Główny,Ubranie
6547,2024-07-21,5334,Bydgoszcz - Kraków,Kraków Główny,Sprzęt Turystyczny
6548,2024-07-24,6302,Wrocław Gł. - Przemyśl Gł.,Dębica,Parasol
6549,2024-07-24,5302,Gdynia Gł. - Kraków Gł.,Kraków Główny,Sprzęt Elektroniczny
6550,2024-07-20,5604,,Wrocław Główny,Sprzęt Turystyczny
6551,2024-07-21,56102,,Wrocław Główny,Dokument/Y
6552,2024-07-23,1600,,Wrocław Główny,Dokument/Y
6553,2024-07-21,5604,,Wrocław Główny,Rzeczy Osobiste
6554,2024-07-22,86100,,Wrocław Główny,Dokument/Y
6555,2024-07-21,16102,,Wrocław Główny,Sprzęt Elektroniczny
6556,2024-07-24,37102,Kraków - Poznań,Poznań Główny,Telefon
6557,2024-07-23,78103,Zbąszynek - Gorzów Wlkp.,Gorzów Wielkopolski,Sprzęt Elektroniczny
6558,2024-07-23,8306,Kołobrzeg - Kraków Gł.,Katowice,Walizka / Plecak
6559,2024-07-23,4502,Gliwice - Gdynia Gł.,Gdynia Główna,Dokument/Y
6560,2024-07-23,57106,Gdynia Gł. - Poznań Gł.,Bydgoszcz Główna,Telefon
6561,2024-07-23,75108,Zielona Góra Gł. - Gdynia Gł.,Zielona Góra Główna,Rzeczy Osobiste
6562,2024-07-23,25150,Dorohusk - Hel,Sopot,Ubranie
6563,2024-07-23,213,Bohumin - Kraków Gł.,Kraków Główny,Sprzęt Sportowy
6564,2024-07-23,6504,Wrocław Gł. - Gdynia Gł.,Gdynia Główna,Sprzęt Turystyczny
6565,2024-07-23,57100,Olsztyn Gł. - Zielona Góra Gł.,Toruń Główny,Walizka / Plecak
6566,2024-07-22,27102,,Poznań Główny,Portfel
6567,2024-07-22,82102,Szczecin Gł. - Lublin Gł.,Lublin Główny,Obuwie
6568,2024-07-22,57106,,Poznań Główny,Walizka / Plecak
6569,2024-07-22,15102,Warszawa Zach. - Gdynia Gł.,Gdynia Główna,Ubranie
6570,2024-07-22,8306,Kołobrzeg - Kraków Gł.,Opole Główne,Ubranie
6571,2024-07-22,72102,Poznań Gł. - Lublin Gł.,Pionki Zachodnie,Reklamówka / Torba
6572,2024-07-22,18114,Łódź Fabryczna - Kołobrzeg,Koszalin,Etui
6573,2024-07-22,57100,Olsztyn Gł. - Zielona Góra Gł.,Zielona Góra Główna,Ubranie
6574,2024-07-22,57100,Olsztyn Gł. - Zielona Góra Gł.,Zielona Góra Główna,Telefon
6575,2024-07-19,82102,Lublin - Szczecin,Szczecin Główny,Dokument/Y
6576,2024-07-17,5363,Gdańsk-Przemyśl Gł,Przemyśl Główny,Rzeczy Osobiste
6577,2024-07-22,57108,Gdynia Gł. - Zielona Góra Gł.,Babimost,Kosztowności
6578,2024-07-15,82100,Szczecin Gł-Lublin,Lublin,Sprzęt Turystyczny
6579,2024-07-22,1622,Białystok - Wrocław Gł.,Koluszki,Rzeczy Osobiste
6580,2024-07-14,26100,,Wrocław Główny,Artykuły Medyczne
6581,2024-07-22,56102,,Wrocław Główny,Dokument/Y
6582,2024-07-14,16104,,Wrocław Główny,Dokument/Y
6583,2024-07-22,35172,Kraków Gł. - Hel,Hel,Rzeczy Osobiste
6584,2024-07-14,5604,,Wrocław Główny,Książka
6585,2024-07-21,1602,,Jelenia Góra,Sprzęt Elektroniczny
6586,2024-07-22,5420,,Gdynia-Bielsko-Biała,Telefon
6587,2024-07-22,56150,Gdynia Gł. - Wrocław Gł.,Wrocław Główny,Sprzęt Sportowy
6588,2024-07-21,68102,Wrocław Gł. - Słupsk,Koszalin,Pieniądze
6589,2024-07-21,3512,Kraków Gł. - Gdynia Gł.,Mogilno,Dokument/Y
6590,2024-07-21,35171,Zakopane - Gdynia Gł.,Zakopane,Ubranie
6591,2024-07-21,75124,Poznań Gł. - Gdynia Gł.,Gdynia Główna,Portfel
6592,2024-07-21,8320,Szczecin Główny - Kraków Główny,Kraków Główny,Dokument/Y
6593,2024-07-21,3562,Przemyśl Gł. - Gdynia Gł.,Gdynia Główna,Książka
6594,2024-07-21,57108,Gdynia Gł. - Zielona Góra Gł.,Zielona Góra Główna,Etui
6595,2024-07-21,1540,Warszawa Zach. - Hel,Jastarnia,Sprzęt Elektroniczny
6596,2024-07-21,1540,Warszawa Zach. - Hel,Władysławowo,Etui
6597,2024-07-21,3722,Kraków Gł. - Poznań Gł.,Poznań Główny,Walizka / Plecak
6598,2024-07-21,78172,Poznań Gł. - Ustka,Ustka,Telefon
6599,2024-07-13,38170,Kraków Gł - Kołobrzeg,Ustronie,Dokument/Y
6600,2024-07-21,3512,Kraków Gł. - Gdynia Gł.,Gdynia Główna,Rzeczy Osobiste
6601,2024-07-21,83192,Szczecin Gł. - Zakopane,Czechowice-Dziedzice,Portfel
6602,2024-07-20,59,Berlin Gesundbrunnen - Gdynia Gł.,Gdynia Główna,Telefon
6603,2024-07-20,1602,Warszawa Wsch. - Jelenia Góra,Warszawa Zachodnia,Dokument/Y
6604,2024-07-20,6502,Wrocław Gł. - Gdynia Gł.,Gdynia Główna,Sprzęt Turystyczny
6605,2024-07-20,6502,Wrocław Gł. - Gdynia Gł.,Gdynia Główna,Ubranie
6606,2024-07-20,5312,Gdynia Gł. - Kraków Gł.,Oława,Książka
6607,2024-07-20,7300,Poznań Główny -Przemyśl Główny,Kraków Główny,Sprzęt Elektroniczny
6608,2024-07-20,3512,Kraków Gł. - Gdynia Gł.,Bydgoszcz Główna,Portfel
6609,2024-07-19,27100,Lublin Gł. - Zielona Góra Gł.,Międzyrzecz,Artykuły Spożywcze
6610,2024-07-19,5354,Hel - Przemyśl Gł.,Przemyśl Główny,Walizka / Plecak
6611,2024-07-19,5326,Olsztyn Gł. - Kraków Gł.,Kraków Główny,Walizka / Plecak
6612,2024-07-19,1115,Warszawa,Terespol,Telefon
6613,2024-07-19,1622,Białystok - Wrocław Gł.,Koluszki,Telefon
6614,2024-07-18,3500,Kraków Gł. - Gdynia Gł.,Iława Główna,Sprzęt Elektroniczny
6615,2024-07-18,27100,Lublin Gł. - Zielona Góra Gł.,Słupca,Kosztowności
6616,2024-07-17,7320,Poznań Główny -Kraków Główny,Kraków Główny,Ubranie
6617,2024-07-18,5322,Olsztyn Gł. - Kraków Gł.,Miechów,Walizka / Plecak
6618,2024-07-18,57100,Olsztyn Gł. - Zielona Góra Gł.,Opalenica,Sprzęt Elektroniczny
6619,2024-07-18,28100,Lublin Gł. - Szczecin Gł.,Włocławek,Rzeczy Osobiste
6620,2024-07-16,83170,Kołobrzeg-Kraków,Gdynia Leszczynki,Ubranie
6621,2024-07-17,6120,Wrocław Gł. - Warszawa Wsch.,Skierniewice,Etui
6622,2024-07-17,1602,Warszawa Wsch. - Jelenia Góra,Wrocław Główny,Etui
6623,2024-07-17,108,Wien Hbf - Gdynia Gł.,Gdynia Główna,Artykuły Dziecięce
6624,2024-07-16,53172,Hel - Kraków Główny,Kraków Główny,Sprzęt Elektroniczny
6625,2024-07-17,17100,Warszawa Wsch. - Zielona Góra Gł.,Zielona Góra Główna,Sprzęt Elektroniczny
6626,2024-07-17,17100,Warszawa Wsch. - Zielona Góra Gł.,Zielona Góra Główna,Ubranie
6627,2024-07-17,1350,Warszawa Wsch. - Zakopane,Nowy Targ,Obuwie
6628,2024-07-17,8320,Szczecin Gł. - Kraków Gł.,Środa Wielkopolska,Etui
6629,2024-07-17,35102,Zakopane - Gdynia Gł.,Zakopane,Portfel
6630,2024-07-17,85100,Szczecin Gł. - Gdańsk Gł.,Gdańsk Główny,Portfel
6631,2024-07-16,6520,Wrocław Gł. - Ełk,Ełk,Walizka / Plecak
6632,2024-07-16,3600,Przemyśl Gł. - Wrocław Gł.,Wrocław Główny,Książka
6633,2024-07-16,36102,Kraków Gł. - Jelenia Góra,Gliwice,Ubranie
6634,2024-07-15,5312,Gdynia Główna -Kraków Główny,Kraków Główny,Ubranie
6635,2024-07-16,5300,5300,Gdynia Główna-Kraków Główny,Saszetka / Nerka
6636,2024-07-16,48150,Katowice - Ustka,Żmigród,Reklamówka / Torba
6637,2024-07-16,4500,Bielsko-Biała Gł. - Gdynia Gł.,Gdynia Główna,Sprzęt Turystyczny
6638,2024-07-15,17102,Warszawa Wsch. - Zielona Góra Gł.,Zielona Góra Główna,Reklamówka / Torba
6639,2024-07-15,57106,Gdynia Gł. - Poznań Gł.,Bydgoszcz Główna,Rzeczy Osobiste
6640,2024-07-15,18114,Łódź Fabryczna - Kołobrzeg,Iława Główna,Telefon
6641,2024-07-15,18114,Łódź Fabryczna - Kołobrzeg,Legionowo,Portfel
6642,2024-07-15,6502,Wrocław Gł. - Gdynia Gł.,Leszno,Etui
6643,2024-07-14,7322,Poznań Gł- Kraków Gł,Kraków Główny,Etui
6644,2024-07-14,48103,Bielsko B-Ustka,Słupsk,Portfel
6645,2024-07-15,22100,Stalowa Wola Rozw - Hrubieszów Miasto,Hrubieszów Miasto,Walizka / Plecak
6646,2024-07-14,13106,Warszawa Wsch. - Przemyśl Gł.,Sandomierz,Ubranie
6647,2024-07-14,7200,Żary - Lublin Gł.,Łańcut,Walizka / Plecak
6648,2024-07-14,4526,Katowice - Gdynia Gł.,Gdynia Główna,Walizka / Plecak
6649,2024-07-14,4502,Gliwice - Gdynia Gł.,Sopot,Rzeczy Osobiste
6650,2024-07-14,57104,Gdynia Gł. - Zielona Góra Gł.,Zielona Góra Główna,Artykuły Dziecięce
6651,2024-07-13,63106,Jelenia Góra -Kraków Główny,Kraków Główny,Reklamówka / Torba
6652,2024-07-14,5400,Gdynia Gł. - Gliwice,Gliwice,Ubranie
6653,2024-07-14,3722,Kraków Gł. - Poznań Gł.,Poznań Główny,Reklamówka / Torba
6654,2024-07-14,85108,Szczecin Gł. - Olsztyn Gł.,Olsztyn Główny,Ubranie
6655,2024-07-13,57102,Olsztyn-Poznań,Poznań Główny,Artykuły Medyczne
6656,2024-07-14,83100 Zamoyski,Kołobrzeg - Rzeszów,Rzeszów Główny,Telefon
6657,2024-07-14,81150,Kołobrzeg - Łódź Kaliska,Skierniewice,Walizka / Plecak
6658,2024-07-13,35105,Zakopane - Gdynia Gł.,Gdynia Główna,Artykuły Dziecięce
6659,2024-07-13,3840,Kraków Gł. - Kołobrzeg,Kołobrzeg,Reklamówka / Torba
6660,2024-07-13,81114,Kołobrzeg - Łódź Fabryczna,Łódź Widzew,Reklamówka / Torba
6661,2024-07-13,81100,Świnoujście - Warszawa Gdańska,Choszczno,Walizka / Plecak
6662,2024-07-12,83102,Świnoujście - Kraków Główny,Kraków Główny,Książka
6663,2024-07-13,5304,Gdynia-Kraków,Kraków Główny,Parasol
6664,2024-07-13,5302,Gdynia-Kraków,Kraków Główny,Parasol
6665,2024-07-13,57100,Olsztyn Gł. - Zielona Góra Gł.,Zielona Góra Główna,Sprzęt Turystyczny
6666,2024-07-13,8541,Szczecin Gł. - Gdynia Gł.,Gdynia Główna,Rzeczy Osobiste
6667,2024-07-13,4508,Gliwice - Gdynia Gł.,Gdynia Główna,Artykuły Muzyczne
6668,2024-07-13,3722,Kraków Gł. - Poznań Gł.,Poznań Główny,Ubranie
6669,2024-07-12,1310,Warszawa Wschodnia - Kraków Główny,Kraków Główny,Rzeczy Osobiste
6670,2024-07-13,5302,Gdynia Gł. - Kraków Gł.,Kraków Główny,Etui
6671,2024-07-13,5600,Gdynia Gł. - Jelenia Góra,Wrocław Główny,Walizka / Plecak
6672,2024-07-08,5326,Olsztyn-Kraków,Kraków Główny,Ubranie
6673,2024-07-13,11116,Terespol - Warszawa Zach.,Warszawa Zachodnia,Reklamówka / Torba
6674,2024-07-12,3502,Kraków Gł. - Gdynia Gł.,Gdynia Główna,Sprzęt Elektroniczny
6675,2024-07-12,3512,Kraków Gł. - Gdynia Gł.,Gdynia Główna,Walizka / Plecak
6676,2024-07-12,5354,Hel - Przemyśl Gł.,Wrocław Główny,Dokument/Y
6677,2024-06-25,45070,Bohumin -Łeba,Kraków Główny,Ubranie
6678,2024-06-25,45070,Bohumin -Łeba,Kraków Główny,Rzeczy Osobiste
6679,2024-07-12,6502,Wrocław Gł. - Gdynia Gł.,Gdynia Główna,Saszetka / Nerka
6680,2024-07-12,6102,Jelenia Góra -Warszawa Wschodnia,Warszawa Wschodnia,Saszetka / Nerka
6681,2024-07-11,57106,Gdynia - Poznań,Poznań Główny,Dokument/Y
6682,2024-07-11,57106,Gdynia - Poznań,Poznań Główny,Sprzęt Turystyczny
6683,2024-07-11,3700,Przemyśl - Poznań,Poznań Główny,Parasol
6684,2024-07-11,57106,Gdynia - Poznań,Poznań Główny,Parasol
6685,2024-07-12,17104,Warszawa Wsch. - Poznań Gł.,Poznań Główny,Ubranie
6686,2024-07-12,17104,Warszawa Wsch. - Poznań Gł.,Poznań Główny,Parasol
6687,2024-07-11,3800,Kraków Gł. - Kołobrzeg,Kołobrzeg,Sprzęt Elektroniczny
6688,2024-07-11,3554,Przemyśl Gł. - Hel,Tczew,Telefon
6689,2024-07-11,5126,Bydgoszcz Gł. - Warszawa Wsch.,Warszawa Wschodnia,Ubranie
6690,2024-07-11,8300,Kołobrzeg - Kraków Główny,Kraków Główny,Artykuły Muzyczne
6691,2024-07-11,5332,Bydgoszcz Gł. - Rzeszów Główny,Rzeszów Główny,Telefon
6692,2024-07-11,17100,Warszawa Wsch. - Zielona Góra Gł.,Zbąszyń,Telefon
6693,2024-07-10,1624,Białystok - Wrocław Gł.,Wrocław Główny,Reklamówka / Torba
6694,2024-07-10,2700,Lublin Gł. - Żary,Wrocław Główny,Ubranie
6695,2024-07-10,5326,Olsztyn Główny - Kraków Główny,Kraków Główny,Ubranie
6696,2024-07-11,57106,,Poznań Główny,Dokument/Y
6697,2024-07-10,3700,,Poznań Główny,Telefon
6698,2024-07-10,4124,Katowice - Płock,Płock,Sprzęt Elektroniczny
6699,2024-07-10,5360,Gdynia Gł. - Zakopane,Zakopane,Rzeczy Osobiste
6700,2024-07-10,35150,Zakopane - Bydgoszcz Gł.,Kościan,Reklamówka / Torba
6701,2024-07-10,3512,Kraków Gł. - Gdynia Gł.,Gniezno,Sprzęt Elektroniczny
6702,2024-07-10,3520,,Olsztyn Główny,Dokument/Y
6703,2024-07-10,48150,Katowice - Ustka,Ustka,Walizka / Plecak
6704,2024-07-10,4520,Bielsko-Biała Gł. - Gdynia Gł.,Gdynia Główna,Artykuły Muzyczne
6705,2024-07-10,37100,Kraków Gł. - Poznań Gł.,Poznań Główny,Walizka / Plecak
6706,2024-07-10,1320,Warszawa Wsch. - Zakopane,Zakopane,Sprzęt Sportowy
6707,2024-07-10,1500,Warszawa Zach. - Gdynia Gł.,Gdynia Główna,Walizka / Plecak
6708,2024-07-10,35171,Zakopane - Gdynia Gł.,Gdynia Główna,Walizka / Plecak
6709,2024-07-09,57104,Gdynia Gł. - Zielona Góra Gł.,Nowy Tomyśl,Ubranie
6710,2024-07-09,58100,Gdańsk Gł. - Szczecin Gł.,Koszalin,Portfel
6711,2024-07-08,4500,Bielsko Biała-Gdynia,Gdynia Grabówek,Sprzęt Elektroniczny
6712,2024-07-09,38192,Zakopane - Szczecin Gł.,Szczecin Główny,Ubranie
6713,2024-07-09,38171,Kraków Gł. - Kołobrzeg,Lębork,Saszetka / Nerka
6714,2024-07-08,88101,Piła Gł. - Gorzów Wlkp.,Gorzów Wielkopolski,Etui
6715,2024-07-08,5360,Gdynia Gł. - Zakopane,Łódź Widzew,Sprzęt Elektroniczny
6716,2024-07-08,57100,Olsztyn Gł. - Zielona Góra Gł.,Zielona Góra Główna,Walizka / Plecak
6717,2024-07-08,57100,Olsztyn Gł. - Zielona Góra Gł.,Zielona Góra Główna,Ubranie
6718,2024-07-08,1350,Warszawa Wsch. - Zakopane,Zakopane,Etui
6719,2024-07-08,75104,Zielona Góra Gł. - Gdynia Gł.,Gdynia Główna,Artykuły Muzyczne
6720,2024-07-08,1624,Białystok - Wrocław Gł.,Koluszki,Sprzęt Elektroniczny
6721,2024-07-08,1304,Warszawa Wsch. - Kraków Gł.,Kraków Główny,Rzeczy Osobiste
6722,2024-07-01,5604,Gdynia Gł. - Wrocław Gł.,Wrocław Główny,Portfel
6723,2024-07-08,27100,Lublin Gł. - Zielona Góra Gł.,Zielona Góra Główna,Książka
6724,2024-07-07,37104,Przemyśl Gł. - Zielona Góra Gł.,Nowa Sól,Reklamówka / Torba
6725,2024-07-04,13102,Warszawa Wschodnia -Kraków Główny,Kraków Główny,Ubranie
6726,2024-07-05,5320,Olsztyn Główny -Kraków Główny,Kraków Główny,Artykuły Biurowe
6727,2024-07-07,109,Gdynia Gł. - Wien Hbf,Katowice,Walizka / Plecak
6728,2024-07-07,5312,Gdynia Gł. - Kraków Gł.,Kraków Główny,Ubranie
6729,2024-07-07,3562,Przemyśl Gł. - Gdynia Gł.,Gdynia Główna,Ubranie
6730,2024-07-07,57100,Olsztyn Gł. - Zielona Góra Gł.,Zielona Góra Główna,Ubranie
6731,2024-07-07,3806,Kraków Gł. - Kołobrzeg,Szczecinek,Telefon
6732,2024-07-07,3806,Kraków Gł. - Kołobrzeg,Poznań Główny,Sprzęt Turystyczny
6733,2024-07-07,68161,Wrocław Gł. - Kołobrzeg,Piła Główna,Dokument/Y
6734,2024-07-06,3107,Kraków Gł. - Warszawa Wsch.,Warszawa Olszynka Grochowska,Saszetka / Nerka
6735,2024-07-07,3700,Przemyśl - Poznań,Poznań Główny,Dokument/Y
6736,2024-07-06,71102,Zielona Góra Gł. - Warszawa Wsch.,Warszawa Wschodnia,Ubranie
6737,2024-07-06,5125,Bydgoszcz -Warszawa Wschodnia,Warszawa Olszynka Grochowska,Walizka / Plecak
6738,2024-07-06,104,Wien Hbf - Warszawa Wsch.,Chałupki,Portfel
6739,2024-07-06,5322,Olsztyn Gł. - Kraków Gł.,Sędziszów,Ubranie
6740,2024-07-06,57100,Olsztyn Gł. - Zielona Góra Gł.,Babimost,Sprzęt Elektroniczny
6741,2024-07-06,17100,Warszawa Wsch. - Zielona Góra Gł.,Zielona Góra Główna,Ubranie
6742,2024-07-06,18100,Warszawa Wsch. - Świnoujście,Świnoujście,Ubranie
6743,2024-07-06,8541,Szczecin Gł. - Gdynia Gł.,Gdynia Główna,Ubranie
6744,2024-07-06,18100,Warszawa Wsch. - Świnoujście,Świnoujście,Saszetka / Nerka
6745,2024-07-06,4508,Gliwice - Gdynia Gł.,Gdynia Główna,Sprzęt Turystyczny
6746,2024-07-06,57108,Gdynia Gł. - Zielona Góra Gł.,Zielona Góra Główna,Sprzęt Elektroniczny
6747,2024-07-06,57108,Gdynia Gł. - Zielona Góra Gł.,Zielona Góra Główna,Etui
6748,2024-07-04,4506,Bielsko Biała-Gdynia,Gdynia Grabówek,Sprzęt Elektroniczny
6749,2024-07-06,17100,Warszawa Wsch. - Zielona Góra Gł.,Kutno,Ubranie
6750,2024-07-06,3720,Kraków-Poznań,Poznań Główny,Dokument/Y
6751,2024-07-06,5125,Bydgoszcz -Warszawa,Warszawa Olszynka Grochowska,Walizka / Plecak
6752,2024-07-05,9102,Łódź Fabryczna - Warszawa Wsch.,Łódź Fabryczna,Reklamówka / Torba
6753,2024-07-05,18114,Łódź Fabryczna - Kołobrzeg,Koszalin,Ubranie
6754,2024-07-05,4504,Bielsko-Biała Gł. - Gdynia Gł.,Warszawa Wschodnia,Telefon
6755,2024-07-05,73102,Poznań Główny - Kraków Główny,Kraków Główny,Ubranie
6756,2024-07-05,57100,Olsztyn Gł. - Zielona Góra Gł.,Zielona Góra Główna,Ubranie
6757,2024-07-05,61103,Wrocław -Warszawa Wwchodnia,Warszawa Olszynka Grochowska,Walizka / Plecak
6758,2024-07-05,4506,Bielsko-Biała Gł. - Gdynia Gł.,Gdynia Główna,Reklamówka / Torba
6759,2024-07-05,71104,Poznań Gł. - Warszawa Wsch.,Warszawa Wschodnia,Telefon
6760,2024-07-05,71104,Poznań Gł. - Warszawa Wsch.,Warszawa Wschodnia,Portfel
6761,2024-07-05,71104,Poznań Gł. - Warszawa Wsch.,Warszawa Wschodnia,Rzeczy Osobiste
6762,2024-07-04,3512,Kraków Gł. - Gdynia Gł.,Gdynia Główna,Ubranie
6763,2024-07-04,83190,Kołobrzeg - Kraków,Kraków Główny,Ubranie
6764,2024-07-03,33112,Zagórz - Kraków,Kraków Główny,Ubranie
6765,2024-07-04,48102,Bielsko-Biała Gł. - Ustka,Sławno,Ubranie
6766,2024-07-04,3560,Zakopane - Gdynia Gł.,Gdynia Główna,Ubranie
6767,2024-07-04,51150,Łeba - Warszawa Zach.,Łeba,Walizka / Plecak
6768,2024-07-04,75102,Poznań Gł. - Olsztyn Gł.,Olsztyn Główny,Reklamówka / Torba
6769,2024-07-04,3722,Kraków Gł. - Poznań Gł.,Poznań Główny,Sprzęt Elektroniczny
6770,2024-07-04,5112,Gdynia Gł. - Warszawa Zach.,Warszawa Zachodnia,Walizka / Plecak
6771,2024-07-04,78172,Poznań Gł. - Ustka,Ustka,Rzeczy Osobiste
6772,2024-07-03,3800,Kraków Gł. - Kołobrzeg,Słupsk,Saszetka / Nerka
6773,2024-07-03,4502,Gliwice - Gdynia Gł.,Gdynia Główna,Sprzęt Agd
6774,2024-07-03,3512,Kraków Gł. - Gdynia Gł.,Gdynia Główna,Sprzęt Elektroniczny
6775,2024-07-03,115,Praha Hl. N. - Przemyśl Gł.,Przemyśl Główny,Ubranie
6776,2024-07-03,108,Wien Hbf - Gdynia Gł.,Gdynia Główna,Sprzęt Turystyczny
6777,2024-07-03,81102,Świnoujście - Suwałki,Łochów,Artykuły Biurowe
6778,2024-07-03,3506,Kraków Gł. - Gdynia Gł.,Gdynia Główna,Sprzęt Elektroniczny
6779,2024-07-03,4506,Bielsko-Biała Gł. - Gdynia Gł.,Warszawa Wschodnia,Sprzęt Elektroniczny
6780,2024-07-03,4506,Bielsko-Biała Gł. - Gdynia Gł.,Gdynia Główna,Sprzęt Elektroniczny
6781,2024-07-03,4522,Racibórz- Olsztyn Główny,Piotrków Trybunalski,Sprzęt Elektroniczny
6782,2024-07-03,51150,Łeba - Warszawa Zach.,Łeba,Telefon
6783,2024-07-03,17100,Warszawa Wsch. - Zielona Góra Gł.,Zielona Góra Główna,Ubranie
6784,2024-07-02,11104,Warszawa Zach.-Terespol,Chotyłów,Ubranie
6785,2024-07-02,11112,Terespol-Warszawa,Warszawa Zachodnia,Parasol
6786,2024-07-02,40,Warszawa Wsch. - Berlin Hbf,Poznań Główny,Sprzęt Elektroniczny
6787,2024-07-02,47100,,Poznań Główny,Artykuły Biurowe
6788,2024-07-02,9109,Łódź - Warszawa Wsch.,Warszawa Olszynka Grochowska,Walizka / Plecak
6789,2024-07-02,8320,Szczecin Gł. - Kraków Gł.,Kraków Główny,Ubranie
6790,2024-07-02,4508,Gliwice - Gdynia Gł.,Gdynia Główna,Walizka / Plecak
6791,2024-07-02,38171,Kraków Gł. - Kołobrzeg,Gdynia Główna,Ubranie
6792,2024-07-01,3800,Kraków Gł. - Kołobrzeg,Koszalin,Dokument/Y
6793,2024-07-01,35150,Zakopane - Bydgoszcz Gł.,Rawicz,Sprzęt Sportowy
6794,2024-07-01,83175,Świnoujście - Kraków Główny,Kraków Główny,Etui
6795,2024-07-01,48102,Bielsko-Biała Gł. - Ustka,Piła Główna,Obuwie
6796,2024-07-01,18114,Łódź Fabryczna - Kołobrzeg,Sopot,Portfel
6797,2024-07-01,17100,Warszawa Wsch. - Zielona Góra Gł.,Zielona Góra Główna,Saszetka / Nerka
6798,2024-07-01,1532,Łódź Fabryczna - Gdynia Gł.,Gdynia Główna,Reklamówka / Torba
6799,2024-07-01,57108,Gdynia Gł. - Zielona Góra Gł.,Zielona Góra Główna,Portfel
6800,2024-07-01,3500,Kraków-Gdynia,Gdynia Grabówek,Sprzęt Elektroniczny
6801,2024-07-01,83172,Świnoujście - Przemyśl Gł.,Jarosław,Rzeczy Osobiste
6802,2024-07-01,17104,Warszawa-Poznań,Poznań Główny,Dokument/Y
6803,2024-07-01,1620,Warszawa Wsch. - Wrocław Gł.,Łódź Widzew,Saszetka / Nerka
6804,2024-06-30,4500,Bielsko-Biała Gł. - Gdynia Gł.,Iława Główna,Walizka / Plecak
6805,2024-06-30,5354,Hel - Przemyśl Gł.,Przemyśl Główny,Sprzęt Turystyczny
6806,2024-06-30,5354,Hel - Przemyśl Gł.,Przemyśl Główny,Ubranie
6807,2024-06-30,1101,Białystok - Łódź Fabryczna,Tłuszcz,Walizka / Plecak
6808,2024-06-30,247,Berlin Hbf - Warszawa Wsch.,Warszawa Wschodnia,Walizka / Plecak
6809,2024-06-30,6125,Wrocław Gł.-Białystok,Białystok,Walizka / Plecak
6810,2024-06-30,85104,Szczecin Gł. - Olsztyn Gł.,Łobez,Telefon
6811,2024-06-30,73104,Zielona Góra Gł. - Przemyśl Gł.,Przemyśl Główny,Reklamówka / Torba
6812,2024-06-30,5332,Bydgoszcz Gł. - Rzeszów Główny,Rzeszów Główny,Ubranie
6813,2024-06-30,7300,Poznań Gł. - Przemyśl Gł.,Przemyśl Główny,Rzeczy Osobiste
6814,2024-06-30,38150,Kraków Gł. - Kołobrzeg,Piła Główna,Sprzęt Elektroniczny
6815,2024-06-29,3840,Kraków Gł. - Kołobrzeg,Kołobrzeg,Ubranie
6816,2024-06-29,57104,Gdynia Gł. - Zielona Góra Gł.,Zielona Góra Główna,Walizka / Plecak
6817,2024-06-29,57100,Olsztyn Gł. - Zielona Góra Gł.,Zielona Góra Główna,Walizka / Plecak
6818,2024-06-29,1304,Warszawa Wschodnia - Kraków Główny,Kraków Główny,Reklamówka / Torba
6819,2024-06-23,17006,Berlin - Warszawa,Warszawa Olszynka Grochowska,Ubranie
6820,2024-06-28,13102,Warszawa Wschodnia - Kraków Główny,Kraków Główny,Telefon
6821,2024-06-29,6300,Wrocław Gł. - Przemyśl Gł.,Przemyśl Główny,Walizka / Plecak
6822,2024-06-26,17008,Berlin - Warszawa,Warszawa Olszynka Grochowska,Artykuły Dziecięce
6823,2024-06-26,17008,Berlin - Warszawa,Warszawa Olszynka Grochowska,Ubranie
6824,2024-06-28,5420,Gdynia Gł. - Bielsko-Biała Gł.,Bielsko-Biała Główna,Ubranie
6825,2024-06-28,57,Berlin Hbf - Przemyśl Gł.,Przemyśl Główny,Saszetka / Nerka
6826,2024-06-28,115,Praha Hl. N. - Przemyśl Gł.,Przemyśl Główny,Walizka / Plecak
6827,2024-06-27,5334,Bydgoszcz - Kraków,Kraków Główny,Etui
6828,2024-06-28,6302,Wrocław Gł. - Przemyśl Gł.,Przemyśl Główny,Ubranie
6829,2024-06-28,5355,Hel-Przemyślgł,Przemyśl Bakończyce,Reklamówka / Torba
6830,2024-06-28,18102,Suwałki - Świnoujście,Swarzędz,Walizka / Plecak
6831,2024-06-28,6305,Wrocław.Gł- Przemyśl.Gł,Przemyśl Bakończyce,Walizka / Plecak
6832,2024-06-28,38102,Kraków Gł. - Świnoujście,Lubin,Dokument/Y
6833,2024-06-28,36100,Kraków Gł. - Wrocław Gł.,Wrocław Główny,Walizka / Plecak
6834,2024-06-28,106,Graz Hbf - Przemyśl Gł.,Żory,Rzeczy Osobiste
6835,2024-06-28,6305,Wrocław-Przemyśl,Przemyśl Bakończyce,Ubranie
6836,2024-06-28,6300,Wrocław Gł. - Przemyśl Gł.,Przemyśl Główny,Ubranie
6837,2024-06-28,5355,Hel-Przemyśl,Przemyśl Bakończyce,Ubranie
6838,2024-06-28,1906,Warszawa - Łódź,Warszawa Olszynka Grochowska,Rzeczy Osobiste
6839,2024-06-28,5300,Gdynia Gł. - Kraków Gł.,Kraków Główny,Telefon
6840,2024-06-28,63102,Jelenia Góra - Kraków Gł.,Świdnica Miasto,Rzeczy Osobiste
6841,2024-06-27,5308,Gdynia Gł. - Rzeszów Główny,Rzeszów Główny,Sprzęt Elektroniczny
6842,2024-06-27,57,Berlin Hbf - Przemyśl Gł.,Przemyśl Główny,Ubranie
6843,2024-06-27,86154,Kołobrzeg - Wrocław Gł.,Nowa Sól,Reklamówka / Torba
6844,2024-06-27,3512,Kraków Gł. - Gdynia Gł.,Gdynia Główna,Walizka / Plecak
6845,2024-06-27,27102,Lublin-Poznań,Poznań Główny,Sprzęt Elektroniczny
6846,2024-06-27,8300,Kołobrzeg - Kraków Główny,Kraków Główny,Sprzęt Elektroniczny
6847,2024-06-27,8300,Kołobrzeg - Kraków Główny,Kraków Główny,Telefon
6848,2024-06-26,1322,Warszawa Wschodnia - Kraków Główny,Kraków Główny,Portfel
6849,2024-06-22,36100,Kraków Gł. - Wrocław Gł.,Wrocław Główny,Dokument/Y
6850,2024-06-27,62102,Wrocław Gł. - Lublin Gł.,Suchedniów,Dokument/Y
6851,2024-06-26,202,Wien Hbf - Wrocław Gł.,Wrocław Główny,Walizka / Plecak
6852,2024-06-26,3502,Kraków Gł. - Gdynia Gł.,Gdynia Główna,Ubranie
6853,2024-06-26,75108,Zielona Góra Gł. - Gdynia Gł.,Bydgoszcz Główna,Reklamówka / Torba
6854,2024-06-26,57,Berlin Hbf - Przemyśl Gł.,Przemyśl Główny,Ubranie
6855,2024-06-26,83102,Świnoujście - Kraków Gł.,Rzepin,Dokument/Y
6856,2024-06-26,52100,Bydgoszcz Gł. - Chełm,Chełm,Walizka / Plecak
6857,2024-06-26,6502,Wrocław Gł. - Gdynia Gł.,Gdynia Główna,Akcesoria Dla Zwierząt
6858,2024-06-26,85108,Szczecin Gł. - Olsztyn Gł.,Olsztyn Główny,Walizka / Plecak
6859,2024-06-24,3720,,Poznań Główny,Walizka / Plecak
6860,2024-06-26,1810,Szczecin Glowny -Warszawa,Warszawa Olszynka Grochowska,Sprzęt Elektroniczny
6861,2024-06-25,5700,,Poznań Główny,Sprzęt Turystyczny
6862,2024-06-25,3512,Kraków Gł. - Gdynia Gł.,Laskowice Pomorskie,Sprzęt Agd
6863,2024-06-25,5308,Gdynia Gł. - Rzeszów Główny,Rzeszów Główny,Walizka / Plecak
6864,2024-06-25,85102,Szczecin Gł. - Olsztyn Gł.,Tczew,Rzeczy Osobiste
6865,2024-06-25,6124,Wrocław Gł,Białystok,Reklamówka / Torba
6866,2024-06-25,83102,Świnoujście - Kraków Główny,Kraków Główny,Rzeczy Osobiste
6867,2024-06-25,5304,Gdynia Gł. - Kraków Gł.,Kraków Główny,Obuwie
6868,2024-06-24,5354,Hel - Przemyśl Gł.,Przemyśl Główny,Ubranie
6869,2024-06-24,4524,Bielsko-Biała Gł. - Olsztyn Gł.,Działdowo,Rzeczy Osobiste
6870,2024-06-24,48102,Bielsko-Biała Gł. - Ustka,Ustka,Reklamówka / Torba
6871,2024-06-21,43001,,Przemyśl Bakończyce,Reklamówka / Torba
6872,2024-06-24,4506,Bielsko-Biała Gł. - Gdynia Gł.,Gdynia Główna,Telefon
6873,2024-06-24,56102,Olsztyn Gł. - Wrocław Gł.,Olsztyn Główny,Reklamówka / Torba
6874,2024-06-24,3510,Kraków Gł. - Gdynia Gł.,Warszawa Wschodnia,Dokument/Y
6875,2024-06-24,4124,Katowice - Płock,Płock,Walizka / Plecak
6876,2024-06-23,82100,Szczecin Gł. - Lublin Gł.,Lublin Główny,Sprzęt Elektroniczny
6877,2024-06-23,4560,Wisła Uzdr. - Olsztyn Gł.,Olsztyn Główny,Saszetka / Nerka
6878,2024-06-22,72103,,Poznań Główny,Sprzęt Elektroniczny
6879,2024-06-23,3602,Przemyśl Gł. - Wrocław Gł.,Opole Główne,Telefon
6880,2024-06-23,85100,Szczecin Gł. - Gdańsk Gł.,Szczecin Główny,Telefon
6881,2024-06-23,57100,Olsztyn Gł. - Zielona Góra Gł.,Zielona Góra Główna,Walizka / Plecak
6882,2024-06-23,81106,Świnoujście - Warszawa Wsch.,Sochaczew,Walizka / Plecak
6883,2024-06-23,5329,Olsztyn Gł. - Kraków Gł.,Kraków Główny,Sprzęt Sportowy
6884,2024-06-22,74100,Poznań Gł. - Katowice,Katowice,Reklamówka / Torba
6885,2024-06-22,5404,Gdynia Gł. - Gliwice,Gliwice,Ubranie
6886,2024-06-22,57104,Gdynia Gł. - Zielona Góra Gł.,Zielona Góra Główna,Walizka / Plecak
6887,2024-06-22,7300,Poznań Gł. - Przemyśl Gł.,Przemyśl Główny,Saszetka / Nerka
6888,2024-06-22,4506,Bielsko-Biała Gł. - Gdynia Gł.,Gdynia Główna,Walizka / Plecak
6889,2024-06-22,58102,Olsztyn Gł. - Szczecin Gł.,Szczecin Główny,Walizka / Plecak
6890,2024-06-22,58102,Olsztyn Gł. - Szczecin Gł.,Szczecin Główny,Etui
6891,2024-06-22,58102,Olsztyn Gł. - Szczecin Gł.,Szczecin Główny,Książka
6892,2024-06-22,8540,Szczecin Gł. - Gdynia Gł.,Gdynia Główna,Walizka / Plecak
6893,2024-06-22,83172,Świnoujście - Przemyśl Gł.,Przemyśl Główny,Sprzęt Sportowy
6894,2024-06-22,4500,Bielsko-Biała Gł. - Gdynia Gł.,Gdynia Główna,Ubranie
6895,2024-06-21,4120,Bielsko-Biała Gł. - Warszawa Gdańska,Żyrardów,Portfel
6896,2024-06-21,3522,Kraków-Olsztyn,Olsztyn Główny,Ubranie
6897,2024-06-21,3150,Zakopane - Warszawa Wsch.,Kraków Główny,Walizka / Plecak
6898,2024-06-21,53173,Gdynia-Kraków,Kraków Główny,Rzeczy Osobiste
6899,2024-06-21,3560,Zakopane - Gdynia Gł.,Gdynia Główna,Walizka / Plecak
6900,2024-06-21,1420,Warszawa Wsch. - Bielsko-Biała Gł.,Bielsko-Biała Główna,Ubranie
6901,2024-06-21,1420,Warszawa Wsch. - Bielsko-Biała Gł.,Bielsko-Biała Główna,Walizka / Plecak
6902,2024-06-21,1522,Łódź Fabryczna - Olsztyn Głowny,Olsztyn Główny,Sprzęt Elektroniczny
6903,2024-06-20,5334,Bydgoszcz Główna - Kraków Główny,Kraków Główny,Sprzęt Elektroniczny
6904,2024-06-21,83172,Świnoujście - Przemyśl Gł.,Przeworsk,Rzeczy Osobiste
6905,2024-06-20,5700,Gdynia Gł. - Poznań Gł.,Poznań Główny,Walizka / Plecak
6906,2024-06-20,84102,Ustka - Bielsko-Biała Gł.,Bielsko-Biała Główna,Ubranie
6907,2024-06-20,5304,Gdynia Główna -Kraków Główny,Kraków Główny,Rzeczy Osobiste
6908,2024-06-19,73001,Berlin-Przemyśl,Przemyśl Bakończyce,Ubranie
6909,2024-06-20,7300,Poznań Gł. - Przemyśl Gł.,Przemyśl Główny,Reklamówka / Torba
6910,2024-06-20,7300,Poznań Gł. - Przemyśl Gł.,Przemyśl Główny,Ubranie
6911,2024-06-20,6504,Wrocław Gł. - Gdynia Gł.,Gdynia Główna,Ubranie
6912,2024-06-20,6504,Wrocław Gł. - Gdynia Gł.,Gdynia Główna,Reklamówka / Torba
6913,2024-06-18,1620,,Wrocław Główny,Dokument/Y
6914,2024-06-17,26100,,Wrocław Główny,Reklamówka / Torba
6915,2024-06-20,85108,Szczecin Gł. - Olsztyn Gł.,Elbląg,Sprzęt Elektroniczny
6916,2024-06-20,38172,Przemyśl Gł. - Świnoujście,Przemyśl Główny,Ubranie
6917,2024-06-19,84100,Słupsk - Katowice,Katowice,Rzeczy Osobiste
6918,2024-06-19,75108,Zielona Góra Gł. - Gdynia Gł.,Poznań Główny,Ubranie
6919,2024-06-19,57102,Olsztyn Gł. - Poznań Gł.,Poznań Główny,Telefon
6920,2024-06-19,21100,Chełm - Warszawa Wsch.,Warszawa Wschodnia,Walizka / Plecak
6921,2024-06-19,6122,Wrocław Gł. - Warszawa Wsch.,Warszawa Wschodnia,Ubranie
6922,2024-06-19,75108,Zielona Góra Gł. - Gdynia Gł.,Sulechów,Reklamówka / Torba
6923,2024-06-19,1302,Warszawa-Kraków,Kraków Główny,Sprzęt Elektroniczny
6924,2024-06-19,61170,Jelenia Góra - Warszawa Wsch.,Warszawa Wschodnia,Sprzęt Elektroniczny
6925,2024-06-18,57102,Olsztyn-Poznań,Poznań Główny,Portfel
6926,2024-06-18,27100,Lublin Gł. - Zielona Góra Gł.,Łowicz Główny,Walizka / Plecak
6927,2024-06-18,60105,Wrocław Gł. - Jelenia Góra,Jelenia Góra,Ubranie
6928,2024-06-18,4504,Bielsko-Biała Gł. - Gdynia Gł.,Gdynia Główna,Parasol
6929,2024-06-18,4504,Bielsko-Biała Gł. - Gdynia Gł.,Gdynia Główna,Ubranie
6930,2024-06-18,16104,Białystok - Wrocław Gł.,Skierniewice,Artykuły Spożywcze
6931,2024-06-18,68102,Wrocław Gł. - Słupsk,Poznań Główny,Rzeczy Osobiste
6932,2024-06-17,5700,Gdynia Gł. - Poznań Gł.,Inowrocław,Saszetka / Nerka
6933,2024-06-17,85102,Szczecin Gł. - Olsztyn Gł.,Wejherowo,Sprzęt Elektroniczny
6934,2024-06-17,19132,Warszawa Wsch. - Łódź Fabryczna,Łódź Fabryczna,Artykuły Muzyczne
6935,2024-06-17,3560,Zakopane - Gdynia Gł.,Włoszczowa Północ,Walizka / Plecak
6936,2024-06-16,71003,Berlin-Warszawa,Warszawa Olszynka Grochowska,Sprzęt Elektroniczny
6937,2024-06-16,5422,Olsztyn Gł. - Racibórz,Racibórz,Ubranie
6938,2024-06-16,5406,Gdynia Gł. - Bielsko-Biała Gł.,Bielsko-Biała Główna,Ubranie
6939,2024-06-16,27100,Lublin Gł. - Zielona Góra Gł.,Zielona Góra Główna,Sprzęt Elektroniczny
6940,2024-06-16,5420,Gdynia Gł. - Bielsko-Biała Gł.,Częstochowa,Parasol
6941,2024-06-16,4502,Gliwice - Gdynia Gł.,Gdynia Główna,Sprzęt Elektroniczny
6942,2024-06-16,115,Praha Hl. N. - Przemyśl Gł.,Przemyśl Główny,Sprzęt Turystyczny
6943,2024-06-16,75152,Poznań Gł. - Gdynia Gł.,Sopot,Telefon
6944,2024-06-16,68102,Wrocław Gł. - Słupsk,Chodzież,Walizka / Plecak
6945,2024-06-16,3560,Zakopane - Gdynia Gł.,Gdynia Główna,Ubranie
6946,2024-06-16,3560,Zakopane - Gdynia Gł.,Gdynia Główna,Reklamówka / Torba
6947,2024-06-16,3722,,Poznań Główny,Dokument/Y
6948,2024-06-16,53104,Gdynia Gł. - Zakopane,Zakopane,Walizka / Plecak
6949,2024-06-16,3506,Kraków Gł. - Gdynia Gł.,Gdynia Główna,Obuwie
6950,2024-06-14,73100,Poznań Główny -Kraków Główny,Kraków Główny,Rzeczy Osobiste
6951,2024-06-16,5420,Gdynia - Bielsko-Biała,Bielsko-Biała Główna,Saszetka / Nerka
6952,2024-06-15,25100,Chełm-Bydgoszcz Gł.,Bydgoszcz Główna,Książka
6953,2024-06-15,249,Berlin Hbf - Warszawa Gdańska,Konin,Walizka / Plecak
6954,2024-06-15,35104,Zakopane - Gdynia Gł.,Gdynia Główna,Reklamówka / Torba
6955,2024-06-15,4560,Wisła Uzdr. - Olsztyn Gł.,Olsztyn Główny,Sprzęt Elektroniczny
6956,2024-06-14,5334,Bydgoszcz-Kraków,Kraków Główny,Ubranie
6957,2024-06-15,5304,Gdynia-Kraków,Kraków Główny,Ubranie
6958,2024-06-15,3524,Kraków Gł. - Olsztyn Gł.,Działdowo,Etui
6959,2024-06-15,4506,Bielsko-Biała Gł. - Gdynia Gł.,Gdynia Główna,Ubranie
6960,2024-06-15,65150,Wrocław Gł. - Gdynia Gł.,Gdynia Główna,Walizka / Plecak
6961,2024-06-15,75102,Poznań Gł. - Olsztyn Gł.,Ostróda,Artykuły Medyczne
6962,2024-06-15,5420,Gdynia Gł. - Tychy,Tychy,Artykuły Medyczne
6963,2024-06-14,83171,Kołobrzeg - Kraków Gł.,Słupsk,Walizka / Plecak
6964,2024-06-14,17102,Warszawa Wsch. - Zielona Góra Gł.,Zielona Góra Główna,Dokument/Y
6965,2024-06-14,5308,Gdynia Gł. - Rzeszów Główny,Rzeszów Główny,Ubranie
6966,2024-06-14,85104,Olsztyn -Szczecin,Lębork,Telefon
6967,2024-06-14,5360,Gdynia Gł. - Zakopane,Maków Podhalański,Reklamówka / Torba
6968,2024-06-14,56102,Olsztyn Gł. - Wrocław Gł.,Wrocław Główny,Walizka / Plecak
6969,2024-06-13,83170,Kołobrzeg - Kraków Główny,Kraków Główny,Reklamówka / Torba
6970,2024-06-14,71100,Zielona Góra Gł. - Warszawa Gdańska,Zielona Góra Główna,Sprzęt Elektroniczny
6971,2024-06-14,5312,Gdynia Gł. - Kraków Gł.,Strzelce Opolskie,Ubranie
6972,2024-06-14,8306,Kołobrzeg - Kraków Gł.,Kołobrzeg,Ubranie
6973,2024-06-14,21010,Dorohusk - Warszawa Wsch.,Nałęczów,Rzeczy Osobiste
6974,2024-06-13,3600,Przemyśl Gł. - Wrocław Gł.,Wrocław Główny,Walizka / Plecak
6975,2024-06-13,3700,Przemyśl Gł. - Poznań Gł.,Poznań Główny,Dokument/Y
6976,2024-06-13,68102,Wrocław Gł. - Słupsk,Białogard,Dokument/Y
6977,2024-06-13,57104,Gdynia Gł. - Zielona Góra Gł.,Zielona Góra Główna,Portfel
6978,2024-06-13,74100,Poznań-Katowice,Katowice,Ubranie
6979,2024-06-13,3560,Zakopane - Gdynia Gł.,Laskowice Pomorskie,Etui
6980,2024-06-11,7301/31100,Poznań-Przemyśl,Przemyśl Główny,Sprzęt Sportowy
6981,2024-06-12,4504,Bielsko-Biała-Gdynia,Gdynia Grabówek,Sprzęt Elektroniczny
6982,2024-06-13,4508,Gliwice - Gdynia Gł.,Gliwice,Sprzęt Sportowy
6983,2024-06-12,86100,Kołobrzeg - Wrocław Gł.,Oborniki Śląskie,Dokument/Y
6984,2024-06-12,5400,Gdynia Gł. - Gliwice,Gliwice,Ubranie
6985,2024-06-12,4522,Racibórz - Olsztyn Gł.,Olsztyn Główny,Portfel
6986,2024-06-08,7500,Poznań-Gdynia,Gdynia Leszczynki,Ubranie
6987,2024-06-09,3550,Zakopane-Gdynia,Gdynia Grabówek,Sprzęt Elektroniczny
6988,2024-06-09,7500,Poznań-Gdynia,Gdynia Leszczynki,Sprzęt Elektroniczny
6989,2024-06-11,37102,Kraków Gł. - Poznań Gł.,Ostrów Wielkopolski,Kosztowności
6990,2024-06-11,5404,Gdynia Gł. - Gliwice,Zabrze,Sprzęt Elektroniczny
6991,2024-06-07,5320,Olsztyn Główny -Kraków Główny,Kraków Główny,Rzeczy Osobiste
6992,2024-06-11,4508,Gliwice - Gdynia Gł.,Gdynia Główna,Ubranie
6993,2024-06-08,Brak danych,Brak Danych,Wrocław Główny,Dokument/Y
6994,2024-05-08,25100,Chełm - Bydgoszcz,Bydgoszcz Główna,Ubranie
6995,2024-06-11,4522,Racibórz - Olsztyn Gł.,Racibórz,Ubranie
6996,2024-06-10,4526,Katowice - Gdynia Gł.,Gdynia Główna,Obuwie
6997,2024-06-10,4502,Gliwice - Gdynia Gł.,Gdynia Główna,Walizka / Plecak
6998,2024-06-10,3514,Przemyśl Gł. - Gdynia Gł.,Mogilno,Reklamówka / Torba
6999,2024-06-10,5424,Olsztyn Gł. - Bielsko-Biała Gł.,Bielsko-Biała Główna,Walizka / Plecak
7000,2024-06-10,5220,Bydgoszcz Gł. - Lublin Gł.,Lublin Główny,Telefon
7001,2024-06-10,52100,Bydgoszcz Gł. - Chełm,Chełm,Artykuły Biurowe
7002,2024-06-10,52100,Bydgoszcz Gł. - Chełm,Chełm,Sprzęt Elektroniczny
7003,2024-06-07,6303,Wrocław Gł-Przemyśl Gł,Przemyśl Główny,Walizka / Plecak
7004,2024-06-10,1526,Warszawa-Bydgoszcz Gł.,Bydgoszcz Główna,Sprzęt Elektroniczny
7005,2024-06-08,75104,Zielona Góra-Gdynia,Gdynia Leszczynki,Sprzęt Elektroniczny
7006,2024-06-10,10110,Białystok - Warszawa Zach.,Warszawa Zachodnia,Rzeczy Osobiste
7007,2024-06-10,65150,Wrocław Gł. - Gdynia Gł.,Gdynia Główna,Rzeczy Osobiste
7008,2024-06-09,5406,Gdynia Gł. - Bielsko-Biała Gł.,Bielsko-Biała Główna,Ubranie
7009,2024-06-09,84102,Ustka-Bielsko Biała Główna,Bielsko-Biała Główna,Walizka / Plecak
7010,2024-06-09,5604,Gdynia Gł. - Wrocław Gł.,Oborniki Śląskie,Portfel
7011,2024-06-09,1304,Warszawa-Kraków,Kraków Główny,Sprzęt Elektroniczny
7012,2024-06-09,4160,Wisła Uzdr. - Warszawa Gdańska,Wisła Uzdrowisko,Ubranie
7013,2024-06-09,3508,Rzeszów Główny - Gdynia Gł.,Gdynia Główna,Książka
7014,2024-06-09,5314,Gdynia Gł. - Przemyśl Gł.,Bydgoszcz Główna,Walizka / Plecak
7015,2024-06-09,5334,Bydgoszcz Gł. - Kraków Gł.,Kraków Główny,Ubranie
7016,2024-06-09,105,Warszawa Wsch. - Wien Hbf,Nędza,Dokument/Y
7017,2024-06-08,8320,Szczecin-Kraków,Kraków Główny,Ubranie
7018,2024-06-08,57,Berlin Hbf - Przemyśl Gł.,Rzeszów Główny,Reklamówka / Torba
7019,2024-06-08,21100,Chełm - Warszawa Wsch.,Warszawa Wschodnia,Ubranie
7020,2024-06-08,63100,Wrocław Gł. - Kraków Gł.,Katowice,Portfel
7021,2024-06-08,45102,Katowice - Gdynia Gł.,Laskowice Pomorskie,Telefon
7022,2024-06-08,3506,Kraków Gł. - Gdynia Gł.,Gdynia Główna,Rzeczy Osobiste
7023,2024-06-08,4506,Bielsko-Biała Gł. - Gdynia Gł.,Gdynia Główna,Sprzęt Sportowy
7024,2024-06-08,5400,Gdynia Gł. - Gliwice,Gliwice,Portfel
7025,2024-06-08,3508,Rzeszów Główny - Gdynia Gł.,Gdynia Główna,Ubranie
7026,2024-06-08,6504,Wrocław Gł. - Gdynia Gł.,Gdańsk Główny,Sprzęt Elektroniczny
7027,2024-06-08,85108,Szczecin Gł. - Olsztyn Gł.,Elbląg,Sprzęt Elektroniczny
7028,2024-06-08,5332,Bydgoszcz Gł. - Rzeszów Główny,Rzeszów Główny,Rzeczy Osobiste
7029,2024-06-08,3514,Przemyśl Gł. - Gdynia Gł.,Strzelce Opolskie,Portfel
7030,2024-06-08,3510,Kraków Gł. - Gdynia Gł.,Gdynia Główna,Ubranie
7031,2024-06-08,38171,Kraków Gł. - Kołobrzeg,Koszalin,Etui
7032,2024-06-08,83172,Świnoujście - Przemyśl Gł.,Przeworsk,Sprzęt Elektroniczny
7033,2024-06-08,61108,Wrocław Gł. - Warszawa Gdańska,Warszawa Gdańska,Sprzęt Elektroniczny
7034,2024-06-08,5328,Olsztyn Gł. - Kraków Gł.,Kraków Główny,Ubranie
7035,2024-06-07,27100,Lublin Gł. - Zielona Góra Gł.,Zbąszynek,Kosztowności
7036,2024-06-06,57106,Gdynia-Poznań,Poznań Główny,Dokument/Y
7037,2024-06-06,75100,Zielona Góra-Olsztyn Główny,Olsztyn Główny,Reklamówka / Torba
7038,2024-06-06,5700,Gdynia Gł. - Poznań Gł.,Poznań Główny,Walizka / Plecak
7039,2024-06-06,5700,Gdynia Gł. - Poznań Gł.,Poznań Główny,Reklamówka / Torba
7040,2024-06-06,85100,Szczecin Gł. - Gdańsk Gł.,Chociwel,Rzeczy Osobiste
7041,2024-06-06,15102,Warszawa Wsch. - Gdynia Gł.,Gdynia Główna,Ubranie
7042,2024-06-06,5400,Gdynia Gł. -Gliwice,Zawiercie,Sprzęt Elektroniczny
7043,2024-06-06,3506,Kraków Gł. - Gdynia Gł.,Gdynia Główna,Kosztowności
7044,2024-06-06,17100,Warszawa Wsch. - Zielona Góra Gł.,Zielona Góra Główna,Walizka / Plecak
7045,2024-06-05,4500,Bielsko-Biała Gł. - Gdynia Gł.,Gdynia Główna,Rzeczy Osobiste
7046,2024-06-05,3800,Kraków Gł. - Kołobrzeg,Kołobrzeg,Ubranie
7047,2024-06-05,3800,Kraków Gł. - Kołobrzeg,Kołobrzeg,Sprzęt Sportowy
7048,2024-06-05,3502,Kraków Gł. - Gdynia Gł.,Gdynia Główna,Ubranie
7049,2024-06-05,3514,Przemyśl Gł. - Gdynia Gł.,Gdynia Główna,Telefon
7050,2024-06-05,13000,Mackova-Kraków,Kraków Główny,Walizka / Plecak
7051,2024-06-05,13000,Mockava-Kraków,Kraków Główny,Reklamówka / Torba
7052,2024-06-05,4520,Bielsko-Biała Gł. - Gdynia Gł.,Gdynia Główna,Ubranie
7053,2024-06-04,4520,Bielsko Biała - Gdynia Główna,Gdynia Grabówek,Portfel
7054,2024-06-05,28102,Lublin-Szczecin Gl,Lublin,Dokument/Y
7055,2024-06-05,1000,Łódź Fabryczna - Białystok,Łódź Fabryczna,Sprzęt Elektroniczny
7056,2024-06-05,68101,Wrocław Gł. - Kołobrzeg,Poznań Główny,Portfel
7057,2024-06-04,85100,Szczecin Gł. - Gdańsk Gł.,Gdańsk Główny,Ubranie
7058,2024-06-02,82104,Świnoujście-Hrubieszów Miasto,Lublin Główny,Sprzęt Elektroniczny
7059,2024-06-04,108,Wien Hbf - Gdynia Gł.,Iława Główna,Sprzęt Elektroniczny
7060,2024-06-04,48102,Bielsko-Biała Gł. - Ustka,Chodzież,Etui
7061,2024-06-03,73100,Poznań Główny - Kraków Główny,Kraków Główny,Reklamówka / Torba
7062,2024-06-04,17102,Warszawa Wsch. - Zielona Góra Gł.,Babimost,Portfel
7063,2024-06-03,3526,Kraków Gł. - Olsztyn Gł.,Olsztyn Główny,Sprzęt Sportowy
7064,2024-06-03,5360,Gdynia Gł. - Zakopane,Zakopane,Sprzęt Sportowy
7065,2024-06-03,3513,Przemyśl Gł. - Gdynia Gł.,Gdynia Główna,Telefon
7066,2024-06-03,82104,Świnoujście-Hrubieszów Miasto,Lublin Główny,Artykuły Biurowe
7067,2024-06-03,3532,Rzeszów Główny - Bydgoszcz Gł.,Stalowa Wola Charzewice,Rzeczy Osobiste
7068,2024-06-03,3506,Kraków Gł. - Gdynia Gł.,Gdynia Główna,Kosztowności
7069,2024-06-03,3506,Kraków Gł. - Gdynia Gł.,Gdynia Główna,Ubranie
7070,2024-06-03,5324,Olsztyn Gł. - Kraków Gł.,Sędziszów,Rzeczy Osobiste
7071,2024-06-03,4506,Bielsko-Biała Gł. - Gdynia Gł.,Gdynia Główna,Ubranie
7072,2024-06-02,26102,Lublin - Wrocław Gł.,",",Sprzęt Elektroniczny
7073,2024-05-31,3508,Rzeszów-Gdynia,Gdynia Grabówek,Sprzęt Elektroniczny
7074,2024-06-03,7320,Poznań Gł. - Kraków Gł.,Poznań Główny,Reklamówka / Torba
7075,2024-06-03,83170,Kołobrzeg - Kraków Gł.,Radom Główny,Telefon
7076,2024-06-03,91132,Kołobrzeg -Łódz,Łódź Kaliska,Dokument/Y
7077,2024-06-03,8300,Kołobrzeg - Kraków Gł.,Kołobrzeg,Saszetka / Nerka
7078,2024-06-02,4526,Katowice - Gdynia Gł.,Gdynia Główna,Ubranie
7079,2024-06-02,17102,Warszawa Wsch. - Zielona Góra Gł.,Mogilno,Sprzęt Turystyczny
7080,2024-06-02,4506,Bielsko-Biała Gł. - Gdynia Gł.,Gdynia Główna,Ubranie
7081,2024-06-02,58,Gdynia Gł. - Berlin Hbf,Zbąszynek,Reklamówka / Torba
7082,2024-06-02,71104,Poznań Gł. - Warszawa Wsch.,Września,Etui
7083,2024-06-02,58100,Gdańsk Gł. - Szczecin Gł.,Szczecin Główny,Ubranie
7084,2024-06-02,5310,Gdynia Główna -Kraków Główny,Kraków Główny,Dokument/Y
7085,2024-05-16,4122,Bielsko-Biała Główna -Białystok,Białystok,Ubranie
7086,2024-06-01,23100,Lublin Główny - Kraków Główny,Kraków Główny,Portfel
7087,2024-06-01,3151,Zakopane-Warszawa,Warszawa Olszynka Grochowska,Walizka / Plecak
7088,2024-06-01,16102,Warszawa Wsch. - Wrocław Gł.,Wrocław Główny,Reklamówka / Torba
7089,2024-05-31,33112,Zagórz-Kraków,Kraków Główny,Sprzęt Elektroniczny
7090,2024-06-01,4506,Bielsko-Biała Gł. - Gdynia Gł.,Gdynia Główna,Ubranie
7091,2024-06-01,4520,Bielsko-Biała Gł. - Gdynia Gł.,Sopot,Ubranie
7092,2024-06-01,78172,Poznań Gł. - Ustka,Ustka,Walizka / Plecak
7093,2024-06-01,1622,Białystok - Wrocław Gł.,Łódź Chojny,Portfel
7094,2024-05-31,6502,Wrocław Gł. - Gdynia Gł.,Laskowice Pomorskie,Walizka / Plecak
7095,2024-05-31,3806,Kraków Gł. - Kołobrzeg,Piła Główna,Saszetka / Nerka
7096,2024-05-31,4508,Gliwice - Gdynia Gł.,Gdynia Główna,Ubranie
7097,2024-05-31,72100,Zielona Góra Gł. - Lublin Gł.,Łowicz Główny,Dokument/Y
7098,2024-05-31,1114,,Terespol,Ubranie
7099,2024-05-30,61102,Wrocław Gł. - Warszawa Wsch.,Sieradz,Dokument/Y
7100,2024-05-30,,,Szczecin Główny,Ubranie
7101,2024-05-30,,,Szczecin Główny,Saszetka / Nerka
7102,2024-05-30,5302,Gdynia - Kraków,Kraków Główny,Ubranie
7103,2024-05-30,58104,Olsztyn Gł. - Szczecin Gł.,Szczecin Główny,Saszetka / Nerka
7104,2024-05-30,4506,Bielsko-Biała Gł. - Gdynia Gł.,Gdynia Główna,Ubranie
7105,2024-05-30,4506,Bielsko-Biała Gł. - Gdynia Gł.,Gdańsk Główny,Rzeczy Osobiste
7106,2024-05-30,4520,Bielsko-Biała Gł. - Gdynia Gł.,Gdynia Główna,Sprzęt Sportowy
7107,2024-05-30,4522,Racibórz - Olsztyn Gł.,Olsztyn Główny,Reklamówka / Torba
7108,2024-05-30,68101,Wrocław Gł. - Kołobrzeg,Poznań Główny,Telefon
7109,2024-05-30,78172,Poznań Gł. - Ustka,Słupsk,Telefon
7110,2024-05-30,65150,Wrocław Gł. - Gdynia Gł.,Poznań Główny,Telefon
7111,2024-05-30,35170,Zakopane - Gdynia Gł.,Ciechanów,Telefon
7112,2024-05-29,4110,Warszawa --Bielsko Biała,Grupa W Pociagu,Ubranie
7113,2024-05-29,6500,Janowice Wielkie - Gdynia Gł.,Gdynia Główna,Reklamówka / Torba
7114,2024-05-29,48102/3,Bielsko-Biała - Ustka,Słupsk,Sprzęt Elektroniczny
7115,2024-05-28,23100,Lublin-Kraków,Kraków Główny,Książka
7116,2024-05-29,65102,Wrocław Gł. - Olsztyn Gł.,Olsztyn Główny,Saszetka / Nerka
7117,2024-05-29,3522,Kraków Gł. - Olsztyn Gł.,Warka,Sprzęt Elektroniczny
7118,2024-05-28,2520,Lublin Gł. - Bydgoszcz Gł.,Toruń Główny,Walizka / Plecak
7119,2024-05-28,2520,Lublin Gł. - Bydgoszcz Gł.,Łowicz Główny,Rzeczy Osobiste
7120,2024-05-28,3508,Rzeszów Główny - Gdynia Gł.,Gdynia Główna,Rzeczy Osobiste
7121,2024-05-28,48,Warszawa Wsch. - Berlin Hbf,Zbąszynek,Ubranie
7122,2024-05-26,6502,Wrocław-Gdynia,Gdynia Grabówek,Książka
7123,2024-05-24,4506,Bielsko Biała-Gdynia,Gdynia Grabówek,Dokument/Y
7124,2024-05-25,4506,Bielsko Biała-Gdynia,Gdynia Główna,Portfel
7125,2024-05-26,35170,Zakopane-Gdynia,Gdynia Leszczynki,Portfel
7126,2024-05-27,73102,Poznań-Kraków,Kraków Główny,Sprzęt Elektroniczny
7127,2024-05-27,3506,Kraków Gł. - Gdynia Gł.,Gdynia Główna,Książka
7128,2024-05-27,8300,Kołobrzeg - Kraków Gł.,Warszawa Zachodnia,Walizka / Plecak
7129,2024-05-27,5302,Gdynia Gł. - Kraków Gł.,Kraków Główny,Ubranie
7130,2024-05-27,5332,Bydgoszcz Gł. - Rzeszów Główny,Rzeszów Główny,Sprzęt Sportowy
7131,2024-05-27,63102,Janowice Wielkie - Kraków Gł.,Jaworzno Szczakowa,Walizka / Plecak
7132,2024-05-27,78172,Poznań Gł. - Ustka,Chodzież,Reklamówka / Torba
7133,2024-05-26,4502,Gliwice - Gdynia Gł.,Gdańsk Główny,Ubranie
7134,2024-05-26,27102,Lublin Gł. - Poznań Gł.,Poznań Główny,Etui
7135,2024-05-26,4506,Bielsko-Biała Gł. - Gdynia Gł.,Gdynia Główna,Rzeczy Osobiste
7136,2024-05-26,1500,Warszawa Centr. - Gdynia Gł.,Gdynia Główna,Dokument/Y
7137,2024-05-25,5310,Gdynia Gł. - Kraków Gł.,Kraków Główny,Sprzęt Turystyczny
7138,2024-05-25,45150,Bielsko-Biała Gł. - Bydgoszcz Gł.,Mogilno,Walizka / Plecak
7139,2024-05-25,37104,Przemyśl Gł. - Zielona Góra Gł.,Lubin,Dokument/Y
7140,2024-05-25,5220,Bydgoszcz Gł. - Lublin Gł.,Warszawa Centralna,Rzeczy Osobiste
7141,2024-05-24,65104,Wrocław Gł. - Olsztyn Gł.,Olsztyn Główny,Reklamówka / Torba
7142,2024-05-24,6504,Wrocław Gł. - Gdynia Gł.,Gdynia Główna,Sprzęt Elektroniczny
7143,2024-05-24,,,Łódź Fabryczna,Dokument/Y
7144,2024-05-07,5334,Bydgoszcz Główna -Kraków Główny,Kraków Główny,Ubranie
7145,2024-05-18,OKIENKO KASOWE,Kasa 7,Warszawa Centralna,Pieniądze
7146,2024-05-23,3504,Kraków-Gdynia,Gdynia-Grabówek,Dokument/Y
7147,2024-05-23,3560,Zakopane Gdynia,Gdynia Grabówek,Dokument/Y
7148,2024-05-22,5102,Warszawa-Gdynia,Gdynia Grabówek,Artykuły Dziecięce
7149,2024-05-23,5308,Rzeszów-Gdynia,Gdynia Grabówek,Ubranie
7150,2024-05-23,5360,Gdynia Główna - Zakopane,Gdynia Główna,Dokument/Y
7151,2024-05-23,27100,Lublin Gł. - Zielona Góra Gł.,Gorzów Wielkopolski,Sprzęt Elektroniczny
7152,2024-05-23,3600,Przemyśl Gł. - Wrocław Gł.,Gliwice,Walizka / Plecak
7153,2024-05-23,3512,Kraków Gł. - Gdynia Gł.,Gdynia Główna,Sprzęt Elektroniczny
7154,2024-05-23,3534,Kraków Gł. - Bydgoszcz Gł.,Opoczno Południe,Telefon
7155,2024-05-23,35102,Kraków Gł. - Gdynia Gł.,Nowy Dwór Mazowiecki,Dokument/Y
7156,2024-05-23,35170,Zakopane - Gdynia Gł.,Gdańsk Główny,Telefon
7157,2024-05-22,81100,Szczecin Gł. - Warszawa Wsch.,Warszawa Wschodnia,Ubranie
7158,2024-05-22,60407,Warszawa Wsch. - München Hbf,Opoczno Południe,Sprzęt Elektroniczny
7159,2024-05-22,81170,Swinoujscie-Warszawa,Warszawa Olszynka Grochowska,Telefon
7160,2024-05-22,88101,Piła Gł. - Gorzów Wlkp.,Gorzów Wielkopolski,Sprzęt Elektroniczny
7161,2024-05-22,107,Przemyśl Gł. - Graz Hbf,Żory,Telefon
7162,2024-05-17,2700,Hrubieszów Miasto - Wrocław Gł.,Wrocław Główny,Portfel
7163,2024-05-22,12100,Warszawa Zach. - Chełm,Lublin Główny,Saszetka / Nerka
7164,2024-05-21,75108,Zielona Góra Gł. - Gdynia Gł.,Poznań Główny,Dokument/Y
7165,2024-05-21,4526,Katowice - Gdynia Gł.,Solec Kujawski,Portfel
7166,2024-05-21,66104,Janowice Wielkie - Wrocław Gł.,Wrocław Główny,Sprzęt Elektroniczny
7167,2024-05-21,246,Warszawa Wsch. - Berlin Hbf,Zbąszynek,Sprzęt Elektroniczny
7168,2024-05-21,81110,Piła Gł. - Warszawa Wsch.,Warszawa Wschodnia,Sprzęt Sportowy
7169,2024-05-20,3532,Rzeszów Główny - Bydgoszcz Gł.,Warszawa Zachodnia,Ubranie
7170,2024-05-20,3512,Kraków Gł. - Gdynia Gł.,Gdynia Główna,Walizka / Plecak
7171,2024-05-20,5306,Gdynia Kraków - Kraków Główny,Kraków Główny,Ubranie
7172,2024-05-20,48102,Bielsko-Biała Gł. - Ustka,Ustka,Walizka / Plecak
7173,2024-05-20,1800,Warszawa Wsch. - Szczecin Gł.,Kutno,Rzeczy Osobiste
7174,2024-05-17,28108,Olsztyn Gł.-Szczecin Gł.,Szczecin Główny,Ubranie
7175,2024-05-19,,,Gdynia Grabówek,Dokument/Y
7176,2024-05-19,85100,Szczecin- Gdańsk Główny,Gdynia Główna,Walizka / Plecak
7177,2024-05-19,3524,Kraków Gł. - Olsztyn Gł.,Mława,Telefon
7178,2024-05-19,107,Przemyśl Gł. - Graz Hbf,Oświęcim,Rzeczy Osobiste
7179,2024-05-19,1526,Warszawa-Bydgoszcz,Bydgoszcz Główna,Portfel
7180,2024-05-19,3510,Kraków Gł. - Gdynia Gł.,Warszawa Wschodnia,Telefon
7181,2024-05-19,3128,Kraków Gł. - Warszawa Wsch.,Warszawa Wschodnia,Reklamówka / Torba
7182,2024-05-18,109,Gdynia Gł. - Wien Hbf,Warszawa Gdańska,Portfel
7183,2024-05-18,49,Berlin Hbf - Warszawa Wsch.,Warszawa Wschodnia,Reklamówka / Torba
7184,2024-05-18,59,Berlin Hbf - Gdynia Gł.,Gdynia Główna,Reklamówka / Torba
7185,2024-05-18,4160,Wisła Uzdr. - Warszawa Wsch.,Wisła Uzdrowisko,Reklamówka / Torba
7186,2024-05-18,2700,Lublin Gł. - Zielona Góra Gł.,Wrocław Główny,Walizka / Plecak
7187,2024-05-18,3522,Kraków Gł. - Olsztyn Gł.,Działdowo,Reklamówka / Torba
7188,2024-05-18,4506,Bielsko-Biała Gł. - Gdynia Gł.,Gdynia Główna,Sprzęt Elektroniczny
7189,2024-05-18,75104,Zielona Góra Gł. - Gdynia Gł.,Gdynia Główna,Ubranie
7190,2024-05-18,5426,Gdynia Gł. - Katowice,Włocławek,Reklamówka / Torba
7191,2024-05-18,21106,Lublin Gł. - Warszawa Wsch.,Warszawa Wschodnia,Walizka / Plecak
7192,2024-05-17,5322,Olsztyn Gł. - Kraków Gł.,Kraków Główny,Ubranie
7193,2024-05-17,5400,Gdynia Gł. - Gliwice,Gliwice,Sprzęt Elektroniczny
7194,2024-05-17,1532,Łódź Fabryczna - Gdynia Gł.,Gdynia Główna,Ubranie
7195,2024-05-17,3722,Kraków Gł. - Poznań Gł.,Kutno,Portfel
7196,2024-05-17,83170,Kołobrzeg - Kraków Gł.,Tczew,Sprzęt Elektroniczny
7197,2024-05-16,5360,Gdynia Gł. - Zakopane,Zakopane,Reklamówka / Torba
7198,2024-05-16,5360,Gdynia Gł. - Zakopane,Zakopane,Książka
7199,2024-05-16,57,Berlin Hbf - Przemyśl Gł.,Przemyśl Główny,Reklamówka / Torba
7200,2024-05-16,57,Berlin Hbf - Przemyśl Gł.,Jarosław,Saszetka / Nerka
7201,2024-05-16,3508,Rzeszów Główny - Gdynia Gł.,Kraków Główny,Rzeczy Osobiste
7202,2024-05-16,3508,Rzeszów Główny - Gdynia Gł.,Gdynia Główna,Rzeczy Osobiste
7203,2024-05-16,3508,Rzeszów Główny - Gdynia Gł.,Gdynia Główna,Ubranie
7204,2024-05-13,5620,Ełk - Wrocław Gł.,Wrocław Główny,Rzeczy Osobiste
7205,2024-05-15,75108,Zielona Góra Gł. - Gdynia Gł.,Gdynia Główna,Reklamówka / Torba
7206,2024-05-15,5308,Gdynia Gł. - Rzeszów Główny,Rzeszów Główny,Sprzęt Elektroniczny
7207,2024-05-15,1626,Warszawa Wsch. - Zgorzelec,Warszawa Wschodnia,Reklamówka / Torba
7208,2024-05-15,1512,Warszawa Zach. - Gdynia Gł.,Gdynia Główna,Walizka / Plecak
7209,2024-05-15,3800,Kraków Gł. - Kołobrzeg,Lębork,Sprzęt Elektroniczny
7210,2024-05-15,3800,Kraków Gł. - Kołobrzeg,Lębork,Artykuły Medyczne
7211,2024-05-15,4524,Bielsko-Biała Gł. - Olsztyn Gł.,Olsztyn Główny,Reklamówka / Torba
7212,2024-05-15,59,Berlin Hbf - Gdynia Gł.,Gdynia Główna,Reklamówka / Torba
7213,2024-05-15,7300,Poznań Gł. - Przemyśl Gł.,Jarosław,Walizka / Plecak
7214,2024-05-15,1532,Łódź Fabryczna - Gdynia Gł.,Gdynia Główna,Rzeczy Osobiste
7215,2024-05-15,3510,Kraków Gł. - Gdynia Gł.,Warszawa Wschodnia,Telefon
7216,2024-05-14,3532,Rzeszów Główny - Bydgoszcz Gł.,Kutno,Sprzęt Elektroniczny
7217,2024-05-14,3102,Kraków Gł. - Warszawa Wsch.,Warszawa Wschodnia,Książka
7218,2024-05-14,27100,Lublin Gł. - Zielona Góra Gł.,Słupca,Artykuły Dziecięce
7219,2024-05-14,106,Graz Hbf - Przemyśl Gł.,Przemyśl Główny,Ubranie
7220,2024-05-13,17102,Warszawa Wsch. - Zielona Góra Gł.,Zielona Góra Główna,Reklamówka / Torba
7221,2024-05-13,107,Przemyśl Gł. - Graz Hbf,Czechowice-Dziedzice,Walizka / Plecak
7222,2024-05-10,83173,Ustka- Przemyśl,Przemyśl Bakończyce,Walizka / Plecak
7223,2024-05-12,13103,Warszawa Wschodnia - Kraków Główny,Kraków Główny,Sprzęt Elektroniczny
7224,2024-05-12,13000,Mockava- Kraków Główny,Kraków Główny,Książka
7225,2024-05-10,5314,Gdynia Główna- Przemyśl Głowny,Gdynia Leszczynki,Dokument/Y
7226,2024-05-12,3508,Rzeszów Główny- Gdynia Główna,Gdynia Główna,Portfel
7227,2024-05-13,81110,Piła Gł. - Warszawa Wsch.,Warszawa Wschodnia,Portfel
7228,2024-05-12,3500,Kraków Gł. - Gdynia Gł.,Gdynia Główna,Artykuły Dziecięce
7229,2024-05-12,6302,Wrocław Gł. - Przemyśl Gł.,Kraków Główny,Portfel
7230,2024-05-11,5420,Gdynia Gł. - Bielsko-Biała Gł.,Łęczyca,Sprzęt Turystyczny
7231,2024-05-11,4506,Bielsko-Biała Gł. - Gdynia Gł.,Gdynia Główna,Artykuły Dziecięce
7232,2024-05-10,5306,Gdynia-Kraków,Kraków Główny,Książka
7233,2024-05-10,4502,Gliwice - Gdynia Gł.,Gdynia Główna,Dokument/Y
7234,2024-05-10,15102,Warszawa Wsch. - Gdynia Gł.,Gdynia Główna,Rzeczy Osobiste
7235,2024-05-10,1512,Warszawa Zach. - Gdynia Gł.,Gdynia Główna,Ubranie
7236,2024-05-10,130,Chałupki - Warszawa Wsch.,Warszawa Wschodnia,Saszetka / Nerka
7237,2024-05-10,57104,Gdynia Gł. - Zielona Góra Gł.,Zielona Góra Główna,Walizka / Plecak
7238,2024-05-10,5220,Bydgoszcz Gł. - Lublin Gł.,Lublin Główny,Ubranie
7239,2024-05-10,58100,Gdańsk Gł. - Szczecin Gł.,Szczecin Główny,Rzeczy Osobiste
7240,2024-05-10,406,München Hbf - Warszawa Wsch.,Warszawa Wschodnia,Sprzęt Elektroniczny
7241,2024-05-09,85104,Szczecin Gł. - Olsztyn Gł.,Malbork,Artykuły Biurowe
7242,2024-05-09,19130,Warszawa Wsch. - Łódź Fabryczna,Łódź Fabryczna,Dokument/Y
7243,2024-05-09,53104,Gdynia Gł. - Zakopane,Miechów,Ubranie
7244,2024-05-09,6305,Wrocław Gł-Przemyśl Gł,Przemyśl Główny,Dokument/Y
7245,2024-05-09,38171,Kraków Gł. - Kołobrzeg,Gdynia Główna,Rzeczy Osobiste
7246,2024-05-08,8320,Szczecin-Kraków,Kraków Główny,Książka
7247,2024-05-08,8320,Szczecin-Kraków,Kraków Główny,Sprzęt Elektroniczny
7248,2024-05-08,78172,Poznań Gł. - Ustka,Oborniki Wielkopolskie Miasto,Reklamówka / Torba
7249,2024-05-06,5312,Gdynia Główna -Kraków Główny,Kraków Główny,Portfel
7250,2024-05-07,53102,Gdynia Gł. - Kraków Gł.,Opoczno Południe,Dokument/Y
7251,2024-05-07,5302,Gdynia Gł. - Kraków Gł.,Kraków Główny,Książka
7252,2024-05-07,75150,Poznań Główny - Gdynia Główna,Gdynia Leszczynki,Saszetka / Nerka
7253,2024-05-06,68102,Wrocław-Słupsk,Szczecinek,Rzeczy Osobiste
7254,2024-05-06,35104,Zakopane - Gdynia Gł.,Warszawa Centralna,Saszetka / Nerka
7255,2024-05-06,5302,Gdynia-Kraków,Kraków Główny,Walizka / Plecak
7256,2024-05-06,5304,Gdynia Gł. - Kraków Gł.,Kraków Główny,Telefon
7257,2024-05-05,3514,Przemyśl Główny - Gdynia Główna,Gdynia Leszczynki,Reklamówka / Torba
7258,2024-05-05,5102,Gdynia - Warszawa,Gdynia Grabówek,Portfel
7259,2024-05-06,5326,Olsztyn Gł. - Kraków Gł.,Piaseczno,Etui
7260,2024-05-04,5124,Bydgoszcz-Warszawa Wschodnia,Warszawa Olszynka Grochowska,Telefon
7261,2024-05-06,35170,Zakopane - Gdynia Gł.,Gdańsk Wrzeszcz,Reklamówka / Torba
7262,2024-05-05,5132,Gdynia Gł. - Łódź Fabryczna,Łódź Fabryczna,Parasol
7263,2024-05-05,3500,Kraków Gł. - Gdynia Gł.,Gdynia Główna,Ubranie
7264,2024-05-05,5132,Gdynia Gł. - Łódź Fabryczna,Łódź Fabryczna,Książka
7265,2024-05-05,1512,Warszawa Zach. - Gdynia Gł.,Gdynia Główna,Rzeczy Osobiste
7266,2024-05-05,73002,Berlin Hbf - Kraków Główny,Kraków Główny,Reklamówka / Torba
7267,2024-05-05,27102,Lublin - Poznań,Poznań Główny,Sprzęt Elektroniczny
7268,2024-05-05,106,Graz Hbf - Przemyśl Gł.,Rzeszów Główny,Walizka / Plecak
7269,2024-05-05,28100,Lublin Gł. - Szczecin Gł.,Nakło Nad Notecią,Saszetka / Nerka
7270,2024-05-05,57108,Gdynia Gł. - Zielona Góra Gł.,Zielona Góra Główna,Walizka / Plecak
7271,2024-05-05,5400,Gdynia Gł. - Gliwice,Zawiercie,Portfel
7272,2024-05-05,61106,Wrocław Gł. - Białystok,Wołomin,Saszetka / Nerka
7273,2024-05-04,83170,Kołobrzeg - Kraków Główny,Kraków Główny,Rzeczy Osobiste
7274,2024-05-04,8306,Kołobrzeg - Kraków Gł.,Kraków Główny,Ubranie
7275,2024-05-04,81102,Świnoujście - Suwałki,Wołomin,Telefon
7276,2024-05-04,3512,Kraków Gł. - Gdynia Gł.,Rawicz,Reklamówka / Torba
7277,2024-05-04,5304,Gdynia Gł. - Kraków Gł.,Kraków Główny,Walizka / Plecak
7278,2024-05-04,8300,Kołobrzeg - Kraków Gł.,Koszalin,Artykuły Biurowe
7279,2024-05-04,8300,Kołobrzeg - Kraków Gł.,Kołobrzeg,Sprzęt Sportowy
7280,2024-05-03,81114,Kołobrzeg - Łódź Fabryczna,Warszawa Wschodnia,Sprzęt Agd
7281,2024-05-03,57100,,Zielona Góra Główna,Artykuły Dziecięce
7282,2024-05-03,5402,Gdynia Gł. - Bielsko-Biała Gł.,Warszawa Zachodnia,Sprzęt Sportowy
7283,2024-05-03,11116,Terespol- Warszawa Wschodnia,Warszawa Wschodnia,Sprzęt Elektroniczny
7284,2024-05-03,61106,Wrocław Gł. - Białystok,Białystok,Ubranie
7285,2024-04-30,7322,Poznań Główny - Kraków Główny,Kraków Główny,Książka
7286,2024-05-02,,,Łódź Kaliska,Ubranie
7287,2024-04-30,7322,,Kraków Prokocim,Książka
7288,2024-05-02,5304,Gdynia - Kraków,Kraków Główny,Książka
7289,2024-05-02,5306,Gdynia Gł. - Kraków Gł.,Kraków Główny,Ubranie
7290,2024-04-29,6301,Wrocław Gł.-Przemyśl Gł,Przemyśl Główny,Sprzęt Sportowy
7291,2024-05-02,1322,Warszawa Wsch. - Kraków Gł.,Jędrzejów,Ubranie
7292,2024-05-02,65102,Wrocław Gł. - Olsztyn Gł.,Poznań Główny,Reklamówka / Torba
7293,2024-05-02,28104,Hrubieszów Miasto - Świnoujście,Koło,Sprzęt Elektroniczny
7294,2024-05-02,36106,Kraków Gł. - Janowice Wielkie,Kędzierzyn-Koźle,Portfel
7295,2024-05-02,5600,Gdynia Gł. - Janowice Wielkie,Inowrocław,Walizka / Plecak
7296,2024-05-02,71005,Berlin-Warszawa,Warszawa Olszynka Grochowska,Portfel
7297,2024-05-02,4500,Bielsko-Biała Gł. - Gdynia Gł.,Gdynia Główna,Sprzęt Turystyczny
7298,2024-05-01,86100,Kołobrzeg - Wrocław Gł.,Poznań Główny,Walizka / Plecak
7299,2024-04-29,5328,Olsztyn-Kraków,Kraków Główny,Walizka / Plecak
7300,2024-04-29,5328,Olsztyn-Kraków,Kraków Główny,Reklamówka / Torba
7301,2024-04-28,7322,Poznań-Kraków,Kraków Główny,Ubranie
7302,2024-04-28,33112,Zagórz-Kraków,Kraków Główny,Ubranie
7303,2024-04-29,63102,Jelenia Góra-Kraków,Kraków Główny,Ubranie
7304,2024-04-28,7322,Poznań-Kraków,Kraków Główny,Rzeczy Osobiste
7305,2024-05-01,4504,Bielsko-Biała Gł. - Gdynia Gł.,Gdynia Główna,Sprzęt Turystyczny
7306,2024-04-30,83170,Kołobrzeg-Kraków,Kraków Główny,Artykuły Dziecięce
7307,2024-04-30,7320,Olsztyn-Kraków,Kraków Główny,Ubranie
7308,2024-04-30,5312,Gdynia-Kraków,Kraków Główny,Ubranie
7309,2024-04-30,1312,Warszawa-Kraków,Kraków Główny,Ubranie
7310,2024-04-29,5334,Bydgoszcz-Kraków,Kraków Główny,Ubranie
7311,2024-04-29,5326,Olsztyn-Kraków,Kraków Główny,Sprzęt Sportowy
7312,2024-04-29,13108,Łódź Fabryczna-Kraków,Kraków Główny,Sprzęt Sportowy
7313,2024-05-01,5304,Gdynia-Kraków,Kraków Główny,Ubranie
7314,2024-04-27,83170,Kołobrzeg-Kraków,Kraków Główny,Walizka / Plecak
7315,2024-04-27,83106,Piła Główna-Kraków,Kraków Główny,Ubranie
7316,2024-04-27,5312,Gdynia-Kraków,Kraków Główny,Walizka / Plecak
7317,2024-04-27,5312,Gdynia-Kraków,Kraków Główny,Książka
7318,2024-04-27,5310,Gdynia-Kraków,Kraków Główny,Ubranie
7319,2024-04-26,83170,Kołobrzeg-Kraków,Kraków Główny,Walizka / Plecak
7320,2024-04-27,63102,Jelenia Góra-Kraków,Kraków Główny,Ubranie
7321,2024-04-27,5328,Olsztyn-Kraków,Kraków Główny,Sprzęt Elektroniczny
7322,2024-04-25,13102,Warszawa-Kraków,Kraków Główny,Sprzęt Turystyczny
7323,2024-04-27,53172,Gdynia-Kraków,Kraków Główny,Walizka / Plecak
7324,2024-04-24,13102,Warszawa-Kraków,Kraków Główny,Sprzęt Turystyczny
7325,2024-05-01,1100,Białystok-Łódź Fabryczna,Łódź Kaliska,Dokument/Y
7326,2024-05-01,36100,Kraków Gł. - Wrocław Gł.,Wrocław Główny,Walizka / Plecak
7327,2024-04-30,5700,Gdynia Gł - Poznań Gł,Poznań Główny,Sprzęt Elektroniczny
7328,2024-04-30,8320,Szczecin - Kraków,Kraków Główny,Ubranie
7329,2024-04-29,5320,Olsztyn - Kraków,Kraków Główny,Ubranie
7330,2024-04-29,7322,Poznań - Kraków,Kraków Główny,Rzeczy Osobiste
7331,2024-04-28,8306,Kołobrzeg - Kraków,Kraków Główny,Ubranie
7332,2024-04-30,81114,Kołobrzeg - Łódź Fabryczna,Skierniewice,Sprzęt Elektroniczny
7333,2024-04-30,5304,Gdynia Główna - Kraków Główny,Kraków Główny,Rzeczy Osobiste
7334,2024-04-30,62100,Wrocław Gł.-Lublin Gł.,Puławy Miasto,Sprzęt Elektroniczny
7335,2024-04-30,3524,Kraków Gł. - Olsztyn Gł.,Warszawa Gdańska,Sprzęt Elektroniczny
7336,2024-04-30,7300,Poznań Gł. - Przemyśl Gł.,Przemyśl Główny,Ubranie
7337,2024-04-30,53173,Gdynia Główna - Kraków Główny,Kraków Główny,Reklamówka / Torba
7338,2024-04-30,13104,Warszawa Gdańska - Przemyśl Gł.,Przemyśl Główny,Walizka / Plecak
7339,2024-04-30,73102,Poznań Gł. - Kraków Gł.,Kraków Główny,Walizka / Plecak
7340,2024-04-30,1502,Warszawa Centr. - Gdynia Gł.,Gdynia Główna,Etui
7341,2024-04-28,5306,Gdynia Główna - Kraków Główny,Kraków Główny,Książka
7342,2024-04-25,8320,Szczecin Główny - Kraków Główny,Kraków Główny,Książka
7343,2024-04-24,33112,Zagórz - Kraków Główny,Kraków Główny,Książka
7344,2024-04-24,5320,Olsztyn Główny - Kraków Główny,Kraków Główny,Książka
7345,2024-04-30,22100,Stalowa Wola Rozw-Hrubieszów Miasto,Hrubieszów Miasto,Walizka / Plecak
7346,2024-04-30,3700,Przemyśl Gł - Poznań Gł,Poznań Główny,Sprzęt Elektroniczny
7347,2024-04-29,5314,Gdynia Gł. - Przemyśl Gł.,Przemyśl Główny,Reklamówka / Torba
7348,2024-04-29,57,Berlin Hbf - Przemyśl Gł.,Przemyśl Główny,Reklamówka / Torba
7349,2024-04-29,57,Berlin Hbf - Przemyśl Gł.,Przemyśl Główny,Walizka / Plecak
7350,2024-04-29,3512,Kraków Gł. - Gdynia Gł.,Gdynia Główna,Ubranie
7351,2024-04-29,57106,Gdynia Gł. - Poznań Gł.,Bydgoszcz Główna,Kosztowności
7352,2024-04-29,1422,Białystok - Bielsko-Biała Gł.,Bielsko-Biała Główna,Książka
7353,2024-04-29,1422,Białystok - Bielsko-Biała Gł.,Bielsko-Biała Główna,Ubranie
7354,2024-04-29,5420,Gdynia Gł. - Bielsko-Biała Gł.,Toruń Główny,Saszetka / Nerka
7355,2024-04-29,1906,Warszawa Wsch. - Łódź Fabryczna,Łódź Fabryczna,Telefon
7356,2024-04-27,73105,Zielona Góra Przemysl Gł,Przemyśl Bakończyce,Sprzęt Sportowy
7357,2024-04-26,43000,Praha Gł- Przemyśl,Przemyśl Bakończyce,Reklamówka / Torba
7358,2024-04-29,6126,Zgorzelec - Warszawa Wsch.,Pabianice,Ubranie
7359,2024-04-27,4550/1,Bielsko-Biała-Gdynia,Gdynia Grabówek,Artykuły Biurowe
7360,2024-04-28,1502,Warszawa-Gdynia,Gdynia Grabówek,Sprzęt Elektroniczny
7361,2024-04-29,71104,Poznań Gł. - Warszawa Wsch.,Warszawa Wschodnia,Walizka / Plecak
7362,2024-04-28,1533,Łódź Fabryczna - Gdynia,Gdynia Leszczynki,Portfel
7363,2024-04-27,rezerwa,Nie,Warszawa Olszynka Grochowska,Sprzęt Elektroniczny
7364,2024-04-28,5142,Gdynia-Warszawa,Warszawa Olszynka Grochowska,Rzeczy Osobiste
7365,2024-04-27,5700,Gdynia Główna - Poznań Główny,Poznań Główny,Sprzęt Sportowy
7366,2024-04-28,5308,Gdynia Gł. - Rzeszów Główny,Rzeszów Główny,Sprzęt Elektroniczny
7367,2024-04-28,8300,Kołobrzeg - Kraków Główny,Kraków Główny,Książka
7368,2024-04-28,3508,Rzeszów Główny - Gdynia Gł.,Gdynia Główna,Walizka / Plecak
7369,2024-04-28,5302,Gdynia Gł. - Kraków Gł.,Kraków Główny,Ubranie
7370,2024-04-27,5300,Gdynia - Kraków,Kraków Główny,Książka
7371,2024-04-28,58100,Gdańsk Gł. - Szczecin Gł.,Gdańsk Wrzeszcz,Portfel
7372,2024-04-27,82104,Świnoujście- Hrubieszów Miasto,Lublin Główny,Etui
7373,2024-04-27,5314,Gdynia Gł. - Przemyśl Gł.,Radymno,Ubranie
7374,2024-04-27,6150,Janowice Wielkie - Warszawa Gdańska,Brzeg,Obuwie
7375,2024-04-27,8304,Szczecin Gł. - Przemyśl Gł.,Brzesko-Okocim,Dokument/Y
7376,2024-04-27,3512,Kraków Gł. - Gdynia Gł.,Rawicz,Walizka / Plecak
7377,2024-04-27,3506,Kraków Gł. - Gdynia Gł.,Sopot,Sprzęt Elektroniczny
7378,2024-04-27,4506,Bielsko-Biała Gł. - Gdynia Gł.,Gdynia Główna,Ubranie
7379,2024-04-27,6302,Wrocław Gł. - Przemyśl Gł.,Przemyśl Główny,Rzeczy Osobiste
7380,2024-04-27,7300,Poznań Gł. - Przemyśl Gł.,Przemyśl Główny,Sprzęt Turystyczny
7381,2024-04-27,3508,Rzeszów Główny - Gdynia Gł.,Gdynia Główna,Walizka / Plecak
7382,2024-04-26,5304,Gdynia - Kraków,Kraków Główny,Książka
7383,2024-04-26,31100,Przemyśl Gł. - Warszawa Gdańska,Rzeszów Główny,Sprzęt Elektroniczny
7384,2024-04-26,1400,Warszawa Wsch. - Bielsko-Biała Gł.,Bielsko-Biała Główna,Reklamówka / Torba
7385,2024-04-26,16100,Warszawa Wsch. - Janowice Wielkie,Radomsko,Ubranie
7386,2024-04-25,88101,Piła Gł. - Gorzów Wlkp.,Gorzów Wielkopolski,Ubranie
7387,2024-04-25,1306,Warszawa-Kraków,Kraków Główny,Artykuły Medyczne
7388,2024-04-25,5426,Gdynia Gł. - Katowice,Zawiercie,Ubranie
7389,2024-04-25,3508,Rzeszów Główny - Gdynia Gł.,Gdynia Główna,Parasol
7390,2024-04-25,56,Przemyśl Gł. - Berlin Gesundbrunnen,Bochnia,Dokument/Y
7391,2024-04-25,78172,Poznań Gł. - Ustka,Koszalin,Telefon
7392,2024-04-24,35172,Kraków-Gdynia,Gdynia Leszczynki,Portfel
7393,2024-04-24,5105,Nie,Warszawa Olszynka Grochowska,Saszetka / Nerka
7394,2024-04-25,8300,Kołobrzeg - Kraków Gł.,Kołobrzeg,Rzeczy Osobiste
7395,2024-04-25,53170,Gdynia Gł. - Zakopane,Kraków Główny,Walizka / Plecak
7396,2024-04-24,1104,Terespol - Łódź Fabryczna,Łódź Fabryczna,Ubranie
7397,2024-04-24,82104,Świnoujście - Hrubieszów Miasto,Otwock,Artykuły Muzyczne
7398,2024-04-24,54102,Gdynia Gł. - Katowice,Kutno,Ubranie
7399,2024-04-24,54102,Gdynia Gł. - Katowice,Kutno,Walizka / Plecak
7400,2024-04-24,5304,Gdynia - Kraków,Kraków Główny,Sprzęt Elektroniczny
7401,2024-04-24,28102,Lublin Gł. - Szczecin Gł.,Opole Główne,Walizka / Plecak
7402,2024-04-24,81110,Piła Gł. - Warszawa Wsch.,Warszawa Wschodnia,Ubranie
7403,2024-04-24,3512,Kraków Gł. - Gdynia Gł.,Inowrocław,Sprzęt Elektroniczny
7404,2024-04-23,17104,Warszawa Wsch. - Poznań Gł.,Poznań Główny,Książka
7405,2024-04-23,4502,Gliwice - Gdynia Gł.,Gdynia Główna,Ubranie
7406,2024-04-23,30104,Kraków Gł. - Krynica-Zdrój,Krynica-Zdrój,Reklamówka / Torba
7407,2024-04-23,75104,Zielona Góra Gł. - Gdynia Gł.,Gdynia Główna,Ubranie
7408,2024-04-23,73104,Zielona Góra Gł. - Przemyśl Gł.,Opole Główne,Książka
7409,2024-04-23,21101,,Warszawa Olszynka Grochowska,Rzeczy Osobiste
7410,2024-03-17,6151,Gdynia-Warszawa,Warszawa Olszynka Grochowska,Reklamówka / Torba
7411,2024-04-22,3514,Przemyśl Gł. - Gdynia Gł.,Leszno,Saszetka / Nerka
7412,2024-04-22,85104,Szczecin Gł. - Olsztyn Gł.,Runowo Pomorskie,Dokument/Y
7413,2024-04-19,68105,Wrocław Główny - Szczecin Główny,Szczecin Główny,Sprzęt Elektroniczny
7414,2024-04-22,3526,Kraków,Olsztyn Główny,Rzeczy Osobiste
7415,2024-04-21,3512,Kraków Gł. - Gdynia Gł.,Gniezno,Artykuły Medyczne
7416,2024-04-21,48102,Bielsko-Biała Gł. - Ustka,Koszalin,Walizka / Plecak
7417,2024-04-21,66150,Kudowa-Zdrój - Wrocław Gł.,Duszniki-Zdrój,Dokument/Y
7418,2024-04-21,7300,Poznań Gł. - Przemyśl Gł.,Przemyśl Główny,Walizka / Plecak
7419,2024-04-21,85104,Szczecin Gł. - Olsztyn Gł.,Szczecin Główny,Portfel
7420,2024-04-21,4508,Gliwice - Gdynia Gł.,Gdynia Główna,Rzeczy Osobiste
7421,2024-04-20,5328,Olsztyn Gł. - Kraków Gł.,Olsztyn Główny,Reklamówka / Torba
7422,2024-04-19,73100,Poznań - Kraków,Kraków Główny,Sprzęt Elektroniczny
7423,2024-04-20,38100,Rzeszów Główny - Kołobrzeg,Piła Główna,Rzeczy Osobiste
7424,2024-04-20,52100,Bydgoszcz Gł. - Chełm,Chełm,Reklamówka / Torba
7425,2024-04-20,81102,Świnoujście - Suwałki,Koło,Reklamówka / Torba
7426,2024-04-20,5400,Gdynia Gł. - Gliwice,Gliwice,Sprzęt Elektroniczny
7427,2024-04-19,3504,Kraków Gł. - Gdynia Gł.,Gdynia Główna,Ubranie
7428,2024-04-19,38152,Kraków Gł. - Kołobrzeg,Nowy Dwór Mazowiecki,Etui
7429,2024-04-19,3560,Zakopane - Gdynia Gł.,Kraków Główny,Reklamówka / Torba
7430,2024-04-16,1312,Warszawa Wsch. - Kraków Gł.,Kraków Główny,Książka
7431,2024-04-18,1500,Warszawa Centr. - Gdynia Gł.,Gdynia Główna,Ubranie
7432,2024-04-18,83172,Świnoujście - Przemyśl Gł.,Rawicz,Rzeczy Osobiste
7433,2024-04-17,1602,Warszawa Wsch. - Jelenia Góra,Jelenia Góra,Dokument/Y
7434,2024-04-17,17104,Warszawa Wsch. - Poznań Gł.,Łowicz Główny,Reklamówka / Torba
7435,2024-04-16,73100,Poznań-Kraków,Kraków Główny,Książka
7436,2024-04-17,68102,Wrocław Gł. - Słupsk,Rawicz,Walizka / Plecak
7437,2024-04-17,6302,Wrocław Gł. - Przemyśl Gł.,Łańcut,Artykuły Dziecięce
7438,2024-04-16,1512,Warszawa-Gdynia,Gdynia Grabówek,Walizka / Plecak
7439,2024-04-16,3514,Przemyśl-Gdynia,Gdynia Leszczynki,Walizka / Plecak
7440,2024-04-17,71005,Berlin-Warszawa Wschodnia,Warszawa Grochów,Rzeczy Osobiste
7441,2024-04-16,3800,Kraków Gł. - Kołobrzeg,Kołobrzeg,Rzeczy Osobiste
7442,2024-04-16,3800,Kraków Gł. - Kołobrzeg,Koszalin,Walizka / Plecak
7443,2024-04-16,25100,Chełm - Bydgoszcz Gł.,Bydgoszcz Główna,Walizka / Plecak
7444,2024-04-16,6302,Wrocław Gł. - Przemyśl Gł.,Dębica,Walizka / Plecak
7445,2024-04-15,68102,Wrocław Gł. - Słupsk,Koszalin,Sprzęt Elektroniczny
7446,2024-04-15,310,Lublin Gł. - Bohumin,Katowice,Reklamówka / Torba
7447,2024-04-15,81104,Szczecin Gł. - Białystok,Malbork,Rzeczy Osobiste
7448,2024-04-15,81102,Świnoujście - Suwałki,Sochaczew,Ubranie
7449,2024-04-15,52100,Bydgoszcz Gł. - Chełm,Chełm,Walizka / Plecak
7450,2024-04-13,16100,Warszawa Wsch. - Jelenia Góra,Wrocław Główny,Walizka / Plecak
7451,2024-04-14,1104,Terespol - Łódź Fabryczna,Łódź Fabryczna,Reklamówka / Torba
7452,2024-04-14,27100,Lublin Gł. - Zielona Góra Gł.,Zielona Góra Główna,Walizka / Plecak
7453,2024-04-13,63102,Jelenia Góra -Kraków Główny,Kraków Główny,Ubranie
7454,2024-04-13,81114,Kołobrzeg - Łódź Fabryczna,Łódź Fabryczna,Książka
7455,2024-04-13,81114,Kołobrzeg - Łódź Fabryczna,Łódź Fabryczna,Walizka / Plecak
7456,2024-04-13,57100,Olsztyn Gł. - Zielona Góra Gł.,Zielona Góra Główna,Telefon
7457,2024-04-13,1322,Warszawa Wsch. - Kraków Gł.,Kielce Główne,Portfel
7458,2024-04-12,84102,Ustka - Bielsko-Biała Gł.,Bielsko-Biała Główna,Ubranie
7459,2024-04-12,84102,Ustka - Bielsko-Biała Gł.,Kędzierzyn-Koźle,Walizka / Plecak
7460,2024-04-12,81114,Kołobrzeg - Łódź Fabryczna,Koluszki,Rzeczy Osobiste
7461,2024-04-12,1320,Warszawa Wsch. - Zakopane,Zakopane,Reklamówka / Torba
7462,2024-04-12,88101,Piła Gł. - Gorzów Wlkp.,Piła Główna,Ubranie
7463,2024-04-12,5308,Gdynia Gł. - Rzeszów Główny,Gdańsk Główny,Ubranie
7464,2024-04-11,3522,Kraków Gł. - Olsztyn Gł.,Legionowo,Ubranie
7465,2024-04-11,3509,Rzeszów Główny - Gdynia Głowna,Gdynia Główna,Dokument/Y
7466,2024-04-09,85108,Szczecin-Olsztyn,Olsztyn Główny,Portfel
7467,2024-04-10,1522,Łódź-Olsztyn,Olsztyn Główny,Sprzęt Elektroniczny
7468,2024-04-10,3512,Kraków Gł. - Gdynia Gł.,Gdynia Główna,Artykuły Medyczne
7469,2024-04-10,,,Białogard,Sprzęt Elektroniczny
7470,2024-04-10,56102,Olsztyn Gł. - Wrocław Gł.,Wąbrzeźno,Walizka / Plecak
7471,2024-03-06,83170,Kołobrzeg-Kraków Główny,Kraków Główny,Ubranie
7472,2024-04-10,48102,Bielsko-Biała Gł. - Ustka,Białogard,Sprzęt Elektroniczny
7473,2024-04-10,4502,Gliwice - Gdynia Gł.,Gliwice,Walizka / Plecak
7474,2024-03-21,83170,Kołobrzeg-Kraków Główny,Kraków Główny,Ubranie
7475,2024-04-09,EN 407,Warszawa Wsch. - Budapeszt,Warszawa Olszynka Grochowska,Dokument/Y
7476,2024-04-10,73102,Poznań Gł. - Kraków Gł.,Ostrzeszów,Dokument/Y
7477,2024-04-09,48102,Bielsko Biała Gł-Ustka,Koszalin,Walizka / Plecak
7478,2024-04-09,48102,Bielsko-Biała Gł. - Ustka,Koszalin,Walizka / Plecak
7479,2024-04-09,3510,Kraków Gł. - Gdynia Gł.,Gdynia Główna,Ubranie
7480,2024-04-07,4560,Wisła Uzdrowisko-Olsztyn Gł,Olsztyn Główny,Sprzęt Sportowy
7481,2024-04-09,5105 ED 250-6,Nie,Warszawa Olszynka Grochowska,Portfel
7482,2024-04-07,5312,Gdynia Główna -Kraków Główny,Kraków Główny,Sprzęt Elektroniczny
7483,2024-04-08,65150,Wrocław Gł. - Gdynia Gł.,Gniezno,Dokument/Y
7484,2024-04-08,61107,Wrocław Gł. - Białystok,Białystok,Książka
7485,2024-04-08,1904,Warszawa Wsch. - Łódź Fabryczna,Łódź Fabryczna,Sprzęt Sportowy
7486,2024-04-08,5220,Bydgoszcz Gł. - Lublin Gł.,Aleksandrów Kujawski,Dokument/Y
7487,2024-04-05,6303,Wrocław Gł-Przemyśl Gł,Przemyśl Bakończyce,Sprzęt Elektroniczny
7488,2024-04-08,81106,Świnoujście - Warszawa Wsch.,Poznań Główny,Rzeczy Osobiste
7489,2024-04-08,12160,Warszawa Centralna- Lublin Gł,Lublin Główny,Portfel
7490,2024-04-08,8300,Kołobrzeg - Kraków Gł.,Kołobrzeg,Książka
7491,2024-04-08,8300,Kołobrzeg - Kraków Gł.,Kołobrzeg,Ubranie
7492,2024-04-07,16104,Białystok - Wrocław Gł.,Radomsko,Walizka / Plecak
7493,2024-04-07,11104,Warszawa Wsch. - Terespol,Chotyłów,Saszetka / Nerka
7494,2024-04-07,75104,Zielona Góra Gł. - Gdynia Gł.,Gdynia Główna,Ubranie
7495,2024-04-07,56,Przemyśl Gł. - Berlin Gesundbrunnen,Kraków Główny,Dokument/Y
7496,2024-04-06,5320,Olsztyn-Kraków,Kraków Główny,Walizka / Plecak
7497,2024-04-06,3800,Kraków Gł. - Kołobrzeg,Słupsk,Walizka / Plecak
7498,2024-04-06,5306,Gdynia Gł. - Kraków Gł.,Kraków Główny,Ubranie
7499,2024-04-06,5220,Bydgoszcz Gł. - Lublin Gł.,Lublin Główny,Sprzęt Sportowy
7500,2024-04-06,1600,Warszawa Wsch. - Wrocław Gł.,Wrocław Główny,Ubranie
7501,2024-04-06,4508,Gliwice - Gdynia Gł.,Gdynia Główna,Ubranie
7502,2024-04-06,6504,Wrocław Gł. - Gdynia Gł.,Gdynia Główna,Książka
7503,2024-04-06,28104,Hrubieszów Miasto - Świnoujście,Koło,Sprzęt Elektroniczny
7504,2024-04-06,8300,Kołobrzeg - Kraków Gł.,Kołobrzeg,Dokument/Y
7505,2024-04-05,4120,Bielsko-Biała Gł. - Warszawa Wsch.,Warszawa Wschodnia,Artykuły Medyczne
7506,2024-04-05,73100,Poznań Gł. - Kraków Gł.,Kraków Główny,Artykuły Spożywcze
7507,2024-04-05,81114,Kołobrzeg - Łódź Fabryczna,Warszawa Zachodnia,Portfel
7508,2024-04-05,56102,Olsztyn Gł. - Wrocław Gł.,Kościan,Artykuły Dziecięce
7509,2024-04-05,3534,Kraków Gł. - Bydgoszcz Gł.,Miechów,Ubranie
7510,2024-04-05,56102,Olsztyn Gł. - Wrocław Gł.,Toruń Główny,Ubranie
7511,2024-04-05,1800 Szczecin-Warszawa,,Warszawa Olszynka Grochowska,Rzeczy Osobiste
7512,2024-04-05,5600,Gdynia Gł. - Jelenia Góra,Wrocław Główny,Reklamówka / Torba
7513,2024-04-05,53173,Gdynia Gł. - Kraków Gł.,Inowrocław,Reklamówka / Torba
7514,2024-04-04,5308,Gdynia Gł. - Rzeszów Główny,Rzeszów Główny,Rzeczy Osobiste
7515,2024-04-04,3504,Kraków Gł. - Gdynia Gł.,Kraków Główny,Sprzęt Elektroniczny
7516,2024-04-04,1532,Łódź Fabryczna - Gdynia Gł.,Gdynia Główna,Reklamówka / Torba
7517,2024-04-04,6122,Wrocław-Warszawa Wsch,Warszawa Olszynka Grochowska,Reklamówka / Torba
7518,2024-04-01,38100,Rzeszów Główny - Kołobrzeg,Włocławek,Dokument/Y
7519,2024-04-03,5310 ed 250-002,,Warszawa Grochów,Sprzęt Elektroniczny
7520,2024-04-03,17-100,,Warszawa Grochów,Portfel
7521,2024-04-03,ed 160-025,,Warszawa Grochów,Sprzęt Elektroniczny
7522,2024-04-03,ED 161-015,,Warszawa Grochów,Rzeczy Osobiste
7523,2024-04-02,5124,,Warszawa Grochów,Walizka / Plecak
7524,2024-04-02,ed250,Nie,Warszawa Grochów,Dokument/Y
7525,2024-04-02,4122,Bielsko-Biała Gł. - Białystok,Białystok,Parasol
7526,2024-04-02,4122,Bielsko-Biała Gł. - Białystok,Białystok,Książka
7527,2024-04-02,3522,Kraków Gł. - Olsztyn Gł.,Warka,Portfel
7528,2024-04-02,81111,Bydgoszcz Glowna /Warszawa Wschodnia,Warszawa Grochów,Walizka / Plecak
7529,2024-03-31,,,Gdynia Grabówek,Reklamówka / Torba
7530,2024-04-02,72100,Zielona Góra Gł. - Lublin Gł.,Koło,Walizka / Plecak
7531,2024-03-31,5104,Gdynia-Warszawa,Gdynia Grabówek,Ubranie
7532,2024-03-31,5320,Olsztyn Glówny - Kraków Główny,Kraków Główny,Ubranie
7533,2024-03-31,3700,Przemyśl Gł - Poznań Gł,Poznań Główny,Portfel
7534,2024-04-01,48102,Bielsko -Biała Gł. - Ustka,Sławno,Walizka / Plecak
7535,2024-04-01,48102,Bielsko-Biała Gł. - Ustka,Sławno,Walizka / Plecak
7536,2024-04-01,16-20,,Warszawa Grochów,Artykuły Spożywcze
7537,2024-04-01,13-104,,Warszawa Grochów,Reklamówka / Torba
7538,2024-04-01,18-100,,Warszawa Grochów,Sprzęt Elektroniczny
7539,2024-03-31,4560,Wisła Uzdr. - Olsztyn Gł.,Koluszki,Ubranie
7540,2024-03-31,1350,Warszawa Wsch. - Zakopane,Kraków Główny,Dokument/Y
7541,2024-03-30,21101,Chełm ;Warszawa Zachodnia,Warszawa Olszynka Grochowska,Artykuły Medyczne
7542,2024-03-30,11104,Warszawa Wsch. - Terespol,Terespol,Walizka / Plecak
7543,2024-03-30,16104,Białystok - Wrocław Gł.,Koluszki,Portfel
7544,2024-03-30,78172,Poznań Gł. - Ustka,Koszalin,Ubranie
7545,2024-03-29,57150,Gdynia Główna-Poznań Główny,Poznań Główny,Sprzęt Elektroniczny
7546,2024-03-30,78172,Poznań Gł. - Ustka,Białogard,Reklamówka / Torba
7547,2024-03-29,4500,Bielsko-Biała Gł. - Gdynia Gł.,Gdynia Główna,Walizka / Plecak
7548,2024-03-29,5308,Gdynia Gł. - Rzeszów Główny,Rzeszów Główny,Walizka / Plecak
7549,2024-03-29,85102,Szczecin Gł. - Olsztyn Gł.,Morąg,Walizka / Plecak
7550,2024-03-29,78172,Poznań Gł. - Ustka,Ustka,Reklamówka / Torba
7551,2024-03-28,32100,Kraków-Lublin,Kraków Prokocim,Portfel
7552,2024-03-28,1003,Warszawa Zach. - Białystok,Białystok,Książka
7553,2024-03-28,3561,Gdynia,Kraków Główny,Sprzęt Elektroniczny
7554,2024-03-28,17102,Warszawa Wsch. - Zielona Góra Gł.,Zielona Góra Główna,Sprzęt Elektroniczny
7555,2024-03-28,9108,,Warszawa Główna,Sprzęt Elektroniczny
7556,2024-03-28,3510,Kraków-Gdynia,Kraków Główny,Artykuły Muzyczne
7557,2024-03-27,106,Graz Hbf - Przemyśl Gł.,Rzeszów Główny,Telefon
7558,2024-03-26,3512,Kraków Gł. - Gdynia Gł.,Inowrocław,Reklamówka / Torba
7559,2024-03-26,5112,Gdynia Gł. - Warszawa Zach.,Ciechanów,Reklamówka / Torba
7560,2024-03-26,17010,,Rzepin,Walizka / Plecak
7561,2024-03-24,4506,Bielsko Biała-Gdynia,Gdynia Grabówek,Dokument/Y
7562,2024-03-25,6500,Wrocław-Gdynia,Gdynia Grabówek,Dokument/Y
7563,2024-03-26,4520,Bielsko-Biała Gł. - Gdynia Gł.,Bielsko-Biała Główna,Artykuły Dziecięce
7564,2024-03-26,40,Warszawa Wsch. - Berlin Gesundbrunnen,Poznań Górczyn,Sprzęt Elektroniczny
7565,2024-03-25,3100,Kraków Gł. - Warszawa Wsch.,Warszawa Wschodnia,Walizka / Plecak
7566,2024-03-25,8320,Szczecin Główny- Kraków Główny,Kraków Główny,Rzeczy Osobiste
7567,2024-03-25,6520,Wrocław Gł. - Ełk,Kalisz,Walizka / Plecak
7568,2024-03-25,6520,Wrocław Gł. - Ełk,Kalisz,Ubranie
7569,2024-03-25,48102,Bielsko-Biała Gł. - Ustka,Oława,Portfel
7570,2024-03-24,5604,Gdynia-Wrocław,Gdynia Grabówek,Dokument/Y
7571,2024-03-24,3700,Przemyśl -Poznń,Poznań Główny,Portfel
7572,2024-03-24,27100,Lublin Gł. - Zielona Góra Gł.,Poznań Główny,Portfel
7573,2024-03-24,81114,Kołobrzeg - Łódź Fabryczna,Żyrardów,Saszetka / Nerka
7574,2024-03-24,3524,Kraków Gł. - Olsztyn Gł.,Ciechanów,Walizka / Plecak
7575,2024-03-24,4526,Katowice - Gdynia Gł.,Łęczyca,Portfel
7576,2024-03-24,3504,Kraków Gł. - Gdynia Gł.,Warszawa Wschodnia,Reklamówka / Torba
7577,2024-03-23,1934,Lublin-Warszawa Zachodnia,Warszawa Zachodnia,Rzeczy Osobiste
7578,2024-03-23,5700,Gdynia Gł. - Poznań Gł.,Poznań Główny,Walizka / Plecak
7579,2024-03-23,8304,Szczecin Gł. - Przemyśl Gł.,Sędziszów Małopolski,Walizka / Plecak
7580,2024-03-23,5600,Gdynia Gł. - Wrocław Gł.,Wrocław Główny,Walizka / Plecak
7581,2024-03-23,36100,Kraków Gł. - Wrocław Gł.,Katowice,Telefon
7582,2024-03-22,57102,Olsztyn-Poznan,Poznań Główny,Walizka / Plecak
7583,2024-03-22,68102,Wrocław-Słupsk,Sławno,Walizka / Plecak
7584,2024-03-22,68102,Wrocław Gł. - Słupsk,Sławno,Walizka / Plecak
7585,2024-03-22,78172,Poznań-Ustka,Ustka,Rzeczy Osobiste
7586,2024-03-22,71100,Zielona Góra Gł. - Warszawa Wsch.,Zielona Góra Główna,Sprzęt Elektroniczny
7587,2024-03-22,3604,Przemyśl Gł. - Wrocław Gł.,Wrocław Główny,Ubranie
7588,2024-03-22,78172,Poznań Gł. - Ustka,Ustka,Rzeczy Osobiste
7589,2024-03-22,6303,Wrocław Gł Przemyśl Gł,Przemyśl Główny,Telefon
7590,2024-03-20,6302,Wrocław Gł-Przemyśl Gł,Przemyśl Bakończyce,Sprzęt Elektroniczny
7591,2024-03-21,6500,Jelenia Góra-Gdynia,Gdynia Leszczynki,Dokument/Y
7592,2024-03-21,16106,Białystok - Wrocław Gł.,Łódź Widzew,Reklamówka / Torba
7593,2024-03-21,83170,Kołobrzeg - Kraków Główny,Kraków Główny,Dokument/Y
7594,2024-03-21,3512,Kraków Gł. - Gdynia Gł.,Bydgoszcz Główna,Rzeczy Osobiste
7595,2024-03-21,6124,Wrocław Gł. - Białystok,Częstochowa,Walizka / Plecak
7596,2024-03-19,6504,Wrocław-Gdynia,Gdynia Leszczynki,Rzeczy Osobiste
7597,2024-03-20,6304,Wrocław Gł. - Przemyśl Gł.,Łańcut,Sprzęt Elektroniczny
7598,2024-03-20,65104,Wrocław Gł. - Olsztyn Gł.,Kowalewo Pomorskie,Walizka / Plecak
7599,2024-03-20,81114,Kołobrzeg - Łódź Fabryczna,Łódź Fabryczna,Walizka / Plecak
7600,2024-03-20,3510,Kraków Gł. - Gdynia Gł.,Gdynia Główna,Sprzęt Elektroniczny
7601,2024-03-20,35172,Kraków Gł. - Gdynia Gł.,Gdynia Główna,Walizka / Plecak
7602,2024-03-19,5122,Olsztyn-Łódź Fabryczna,Łódź Fabryczna,Rzeczy Osobiste
7603,2024-03-19,17104,Warszawa Wsch. - Poznań Gł.,Poznań Główny,Reklamówka / Torba
7604,2024-03-19,5700,Gdynia-Poznan,Poznań Główny,Sprzęt Elektroniczny
7605,2024-03-19,5110,Gdynia Gł. - Warszawa Zach.,Legionowo,Telefon
7606,2024-03-19,5306,Gdynia Gł. - Kraków Gł.,Kraków Główny,Reklamówka / Torba
7607,2024-03-18,11102,W-Wa-Terespol,Warszawa Grochów,Książka
7608,2024-03-18,68103/2,Wrocław-Słupsk,Białogard,Ubranie
7609,2024-03-18,bocznica,,Kraków Główny,Telefon
7610,2024-03-16,5122,Olsztyn Główny-Łódź Fabryczna,Łódź Fabryczna,Kosztowności
7611,2024-03-17,82101,,Lublin,Saszetka / Nerka
7612,2024-03-17,5406,Gdynia Gł. - Bielsko-Biała Gł.,Bielsko-Biała Główna,Ubranie
7613,2024-03-17,5360,Gdynia Gł. - Zakopane,Zakopane,Akcesoria Dla Zwierząt
7614,2024-03-17,4526,Katowice - Gdynia Gł.,Gdynia Główna,Reklamówka / Torba
7615,2024-03-17,27100,Lublin Gł. - Zielona Góra Gł.,Łowicz Główny,Walizka / Plecak
7616,2024-03-17,1312,Warszawa Wsch. - Kraków Gł.,Kraków Główny,Ubranie
7617,2024-03-17,71004,Berlin - Warszawa,Frankfurt,Sprzęt Elektroniczny
7618,2024-03-17,8300,Kołobrzeg - Kraków Główny,Kraków Główny,Etui
7619,2024-03-17,3514,Przemyśl-Gdynia Gł,Inowrocław,Sprzęt Elektroniczny
7620,2024-03-15,25100,Chełm-Bydgoszcz Gł,Bydgoszcz Główna,Ubranie
7621,2024-03-16,38100,Rzeszów Gł-Kołobrzeg,Kutno,Sprzęt Elektroniczny
7622,2024-03-17,12100,Warszawa Zach. - Chełm,Chełm,Dokument/Y
7623,2024-03-17,113,Praha-Vršovice - Warszawa Gdańska,Dąbrowa Górnicza,Saszetka / Nerka
7624,2024-03-17,57100,Olsztyn Gł. - Zielona Góra Gł.,Toruń Główny,Portfel
7625,2024-03-17,1100,,Łódź Fabryczna,Reklamówka / Torba
7626,2024-03-17,5122,,Łódź Fabryczna,Walizka / Plecak
7627,2024-03-16,3504,Kraków Gł. - Gdynia Gł.,Sopot,Walizka / Plecak
7628,2024-03-16,11100,Warszawa -Terespol,Terespol,Walizka / Plecak
7629,2024-03-15,5310,Gdynia Główna - Kraków Główny,Kraków Główny,Dokument/Y
7630,2024-03-16,5300,Gdynia Główna - Kraków Główny,Kraków Główny,Telefon
7631,2024-03-16,,Szczecin Gł-Łódź,Łódź Widzew,Walizka / Plecak
7632,2024-03-16,5122,Olsztyn Glowny-Łódź Fabryczna,Łódź Fabryczna,Rzeczy Osobiste
7633,2024-03-15,10100,Warszawa Wsch. - Białystok,Sarnaki,Reklamówka / Torba
7634,2024-03-15,2520,Lublin Gł. - Bydgoszcz Gł.,Bydgoszcz Główna,Sprzęt Elektroniczny
7635,2024-03-15,59,Berlin Hbf - Gdynia Gł.,Gdańsk Wrzeszcz,Saszetka / Nerka
7636,2024-03-15,6125,Wrocław Gł.- Białystok,Białystok,Ubranie
7637,2024-03-14,1100,Białystok -Łódź Fabryczna,Łódź Fabryczna,Telefon
7638,2024-03-14,13106,Warszawa Gdańska - Przemyśl Gł.,Ostrowiec Świętokrzyski,Rzeczy Osobiste
7639,2024-03-14,57106,Gdynia Gł. - Poznań Gł.,Bydgoszcz Główna,Telefon
7640,2024-03-14,75104,Zielona Góra Gł. - Gdynia Gł.,Bydgoszcz Główna,Kosztowności
7641,2024-03-14,5312,Gdynia-Kraków,Kraków Główny,Reklamówka / Torba
7642,2024-03-14,28104,Hrubieszów Miasto - Świnoujście,Konin,Telefon
7643,2024-03-11,5312,Gdynia-Kraków,Kraków Główny,Etui
7644,2024-03-14,13100,Warszawa Wsch. - Przemyśl Gł.,Dębica,Dokument/Y
7645,2024-03-14,105,Warszawa Wsch. - Wien Hbf,Rybnik,Reklamówka / Torba
7646,2024-03-14,3604,Przemyśl Gł. - Wrocław Gł.,Krzeszowice,Walizka / Plecak
7647,2024-03-13,5304,Gdynia Gł. - Kraków Gł.,Kraków Główny,Rzeczy Osobiste
7648,2024-03-13,8300,Kołobrzeg - Kraków Gł.,Warszawa Zachodnia,Rzeczy Osobiste
7649,2024-03-13,4520,Bielsko-Biała Gł. - Gdynia Gł.,Gdynia Główna,Walizka / Plecak
7650,2024-03-12,5314,Gdynia-Przemyśl,Gdynia Leszczynki,Walizka / Plecak
7651,2024-03-12,4500,Bielsko-Biała Gł. - Gdynia Gł.,Iława Główna,Ubranie
7652,2024-03-12,4502,Gliwice - Gdynia Gł.,Gliwice,Rzeczy Osobiste
7653,2024-03-12,83172,Świnoujście - Przemyśl Gł.,Kraków Płaszów,Rzeczy Osobiste
7654,2024-03-11,2100,Lublin-Łódź Fabryczna,Łódź Fabryczna,Ubranie
7655,2024-03-11,17102,Warszawa Wsch. - Zielona Góra Gł.,Poznań Główny,Sprzęt Elektroniczny
7656,2024-03-11,17006,Warszawa - Berlin Hbf,Poznań Główny,Sprzęt Elektroniczny
7657,2024-03-08,4520,Bielsko Biała-Gdynia,Gdynia Grabówek,Rzeczy Osobiste
7658,2024-03-10,57106,Gdynia-Poznań,Gdynia Leszczynki,Dokument/Y
7659,2024-03-09,6502,Wrocław-Gdynia,Gdynia Leszczynki,Ubranie
7660,2024-03-10,1533,Łódź Fabryczna-Gdynia Główna,Gdynia Leszczynki,Sprzęt Elektroniczny
7661,2024-03-10,5360,Gdynia-Zakopane,Gdynia Grabówek,Sprzęt Elektroniczny
7662,2024-03-09,17104,,Poznań Główny,Saszetka / Nerka
7663,2024-03-11,6304,Wrocław Gł. - Przemyśl Gł.,Przemyśl Główny,Ubranie
7664,2024-03-09,48102/3,Bielsko Biała- Ustka,Bielsko-Biała Główna,Książka
7665,2024-03-09,12010,Warszawa Wsch-Dorohusk,Warszawa Wschodnia,Portfel
7666,2024-03-09,3723,,Poznań Główny,Telefon
7667,2024-03-09,45,Berlin Hbf - Warszawa Wsch.,Warszawa Wschodnia,Rzeczy Osobiste
7668,2024-03-09,65102,Wrocław Gł. - Olsztyn Gł.,Poznań Główny,Walizka / Plecak
7669,2024-03-09,75102,Poznań Gł. - Olsztyn Gł.,Olsztyn Główny,Walizka / Plecak
7670,2024-03-08,81100,Szczecin Gł. - Warszawa Wsch.,Warszawa Wschodnia,Walizka / Plecak
7671,2024-03-08,5100,Gdynia Gł. - Warszawa Centr.,Gdynia Główna,Walizka / Plecak
7672,2024-03-08,4506,Bielsko-Biała Gł. - Gdynia Gł.,Gdynia Główna,Dokument/Y
7673,2024-03-07,250,,Warszawa Grochów,Saszetka / Nerka
7674,2024-03-08,,,Warszawa Grochów,Saszetka / Nerka
7675,2024-03-08,,,Warszawa Grochów,Kosztowności
7676,2024-03-07,71011,,Warszawa Olszynka Grochowska,Artykuły Medyczne
7677,2024-03-08,85106,Szczecin Gł. - Olsztyn Gł.,Olsztyn Główny,Reklamówka / Torba
7678,2024-03-08,3806,Kraków Gł. - Kołobrzeg,Wrocław Główny,Portfel
7679,2024-03-08,5328,Olsztyn Gł-Kraków Gł,Kraków Prokocim,Artykuły Muzyczne
7680,2024-03-07,81114,Kołobrzeg-Łódź Fabryczna,Warszawa Zachodnia,Sprzęt Elektroniczny
7681,2024-03-07,68102,Wrocław Gł. - Słupsk,Jastrowie,Sprzęt Elektroniczny
7682,2024-03-06,,,Warszawa Olszynka Grochowska,Sprzęt Elektroniczny
7683,2024-03-07,6504,Wrocław Gł. - Gdynia Gł.,Laskowice Pomorskie,Walizka / Plecak
7684,2024-03-06,5220,Bydgoszcz Gł.-Lublin Gl.,Lublin,Reklamówka / Torba
7685,2024-03-06,61104,Wrocław Gł-Białystok,Warszawa Wschodnia,Okulary W Etui
7686,2024-03-06,83170,Kołobrzeg - Kraków Główny,Kraków Główny,Portfel
7687,2024-02-22,3720,,Poznań Główny,Dokument/Y
7688,2024-02-19,27100,,Zielona Góra Główna,Parasol
7689,2024-03-03,8306,Kołobrzeg -Kraków Główny,Kraków Główny,Książka
7690,2024-03-04,85108,Szczecin Gł. - Olsztyn Gł.,Tczew,Walizka Podróżna
7691,2024-03-04,12160,Warszawa Centr. - Lublin Gł.,Dęblin,Książka Adhd U Dorosłych
7692,2024-03-03,1003,Warszawa Zach-Białystok,Białystok,Książka
7693,2024-03-04,3700,Przemyśl Gł - Poznań Gł,Poznań Główny,Portfel
7694,2024-03-03,11150,Warszawa Wsch.-Terespol,Międzyrzec Podlaski,Walizka
7695,2024-03-03,5102,Gdynia Gł. - Warszawa Centr.,Gdynia Główna,Plecak Z Zawartością
7696,2024-03-03,5304,Gdynia Gł. - Kraków Gł.,85,Kurtka Welniana
7697,2024-03-02,3524,Kraków Gł. - Olsztyn Gł.,Olsztyn Główny,Książka
7698,2024-03-02,8320,Szczecin Główny - Kraków Główny,Kraków Główny,Słuchawki
7699,2024-03-02,59,Berlin Hbf - Gdynia Gł.,Bydgoszcz Główna,Plecak Niebieski Z Książką
7700,2024-03-02,28102,Lublin Gł. - Szczecin Gł.,Zielona Góra Główna,Saszetka Na Dokumenty
7701,2024-03-02,71104,Poznań Gł. - Warszawa Wsch.,Warszawa Wschodnia,Reklamówka Biała
7702,2024-03-02,13108,Łódź Fabryczna - Kraków Gł.,Kraków Główny,Zegarek
7703,2024-03-02,91130,Łódź Fabryczna - Warszawa Wsch.,Warszawa Centralna,Smartfon
7704,2024-03-02,6102,Jelenia Góra - Warszawa Wsch.,Jelenia Góra,Powerbank
7705,2024-03-01,1310,Warszawa Wsch. - Kraków Gł.,Kraków Główny,Okulary
7706,2024-03-01,19130,Warszawa Wsch. - Łódź Fabryczna,Łódź Fabryczna,Książka
7707,2024-02-29,81104,Szczecin-Białystok,Białystok,Książka
7708,2024-02-29,1908,Warszawa Główna-Łódz Fabryczna,Łódź Fabryczna,Portfel
7709,2024-02-29,9102,Łódź Fabryczna - Warszawa Wsch.,Żyrardów,Portfel
7710,2024-02-28,81104,Szczecin Gł.-Białystok,Białystok,Książka
7711,2024-02-28,85102,Szczecin Gł. - Olsztyn Gł.,Gdańsk Główny,Portfel
7712,2024-02-28,84102,Ustka - Bielsko-Biała Gł.,Białogard,Ksiazka Elektroniczna
7713,2024-02-28,28100,Lublin Gł Szczecin Gł,Ożarów Mazowiecki,Telefon Kom. Realme
7714,2024-02-28,28100,Lublin Gł. - Szczecin Gł.,Ożarów Mazowiecki,Telefon Komórkowy
7715,2024-02-27,78103,Zbąszynek - Gorzów Wlkp.,Gorzów Wielkopolski,Książka
7716,2024-02-25,6125,Wrocław Gł.-Białystok,Białystok,Książka
7717,2024-02-25,4123,Bielsko B.G.-Białystok,Białystok,Książka
7718,2024-02-27,62102,Wrocław Gł. - Lublin Gł.,Lublin Główny,Książka
7719,2024-02-19,17104,Warszawa - Poznań,Poznań Główny,Białe Słuchawki
7720,2024-02-27,83170,Kołobrzeg - Kraków Gł.,Kraków Główny,Telefon Komórkowy
7721,2024-02-26,6124,Wrocław Gł. - Białystok,Szepietowo,Szalik
7722,2024-02-26,48100,Katowice - Słupsk,Szczecinek,Torba Materiałowa
7723,2024-02-25,1306,Warszawa Wschodnia - Kraków Główny,Kraków Główny,Termos
7724,2024-02-26,37102,,Poznań Główny,Doeód Osobisty
7725,2024-02-26,38170,Kraków Gł. - Kołobrzeg,Rumia,Plecak
7726,2024-02-26,83192,Szczecin Gł. - Zakopane,Kępno,Etui Na Dokumenty
7727,2024-02-25,31104,Przemyśl Gł. - Warszawa Wsch.,Warszawa Wschodnia,Walizka
7728,2024-02-25,25100,Chełm - Bydgoszcz Gł.,Warszawa Centralna,Książeczka Wojskowa
7729,2024-02-25,5306,Gdynia Gł. - Kraków Gł.,Warszawa Centralna,Telefon Komórkowy Biały Marki Iphone Kolor Biały
7730,2024-02-25,16106,Białystok - Wrocław Gł.,Koluszki,Ładowarka
7731,2024-02-24,5400,Gdynia Gł. - Gliwice,Gliwice,Parasol
7732,2024-02-24,61102,Wrocław Gł. - Warszawa Wsch.,Ostrów Wielkopolski,Czarny Worek
7733,2024-02-23,3720,Kraków Gł. - Poznań Gł.,Kalisz,Słuchawki
7734,2024-02-23,3524,Kraków Gł. - Olsztyn Gł.,Olsztyn Główny,Torba
7735,2024-02-23,48102,Bielsko-Biała Gł. - Ustka,Słupsk,Tablet
7736,2024-02-22,8306,Kołobrzeg - Kraków Gł.,Katowice,Saszetka
7737,2024-02-22,1104,Terespol - Łódź Fabryczna,Siedlce,Karta Debetowa
7738,2024-02-22,18114,Łódź Fabryczna - Kołobrzeg,Słupsk,Telefon
7739,2024-02-22,58,Gdynia Gł. - Berlin Hbf,Tczew,Czarna Saszetka
7740,2024-02-22,37100,Kraków Gł. - Poznań Gł.,Częstochowa Stradom,Skórzana Torebka Na Pasku
7741,2024-02-21,5406,Gdynia Gł. - Bielsko-Biała Gł.,Bielsko-Biała Główna,Bluza
7742,2024-02-21,59,Berlin Hbf - Gdynia Gł.,Gdynia Główna,Słuchawki
7743,2024-02-21,38192,Zakopane - Szczecin Gł.,Zakopane,"Torba Damska , Koloru Czarnego."
7744,2024-02-20,5406,Gdynia Gł. - Bielsko-Biała Gł.,Tychy,Telefon
7745,2024-02-20,5420,,Katowice,Plecak
7746,2024-02-19,27100,,Zielona Góra Główna,Czarny Parasol
7747,2024-02-19,5308,Gdynia Gł. - Rzeszów Główny,Rzeszów Główny,Torba Na Ramię
7748,2024-02-19,6122,Wrocław Gł. - Warszawa Wsch.,Wrocław Główny,Bagaże
7749,2024-02-18,6150,Szklarska Por.G. - Warszawa Wsch.,Lubliniec,Portfel
7750,2024-02-18,6125,Wrocław-Białystok,Białystok,Książka
7751,2024-02-18,3800,Kraków Gł. - Kołobrzeg,Gdynia Główna,Czytnik Ebook Kindle
7752,2024-02-18,11102,Warszawa Wsch. - Terespol,Terespol,Kalendarz
7753,2024-02-18,3122,Kraków Gł. - Warszawa Wsch.,Kielce Główne,Torba Podróżna
7754,2024-02-18,87100,Gorzów Wlkp. - Zbąszynek,Opalenica,Portfel
7755,2024-02-18,4520,Bielsko-Biała Gł. - Gdynia Gł.,Aleksandrów Kujawski,Plecak Damski
7756,2024-02-18,4520,Bielsko-Biała Gł. - Gdynia Gł.,Aleksandrów Kujawski,Walizka Podróżna
7757,2024-02-17,3120,Zakopane - Warszawa Wsch.,Kielce Główne,Plecak
7758,2024-02-17,11106,Warszawa Wschodnia-Terespol,Terespol,Legitymacja Szkolna
7759,2024-02-17,3522,Kraków Gł. - Olsztyn Gł.,Działdowo,Etui Do Sluchawek
7760,2024-02-17,,,,Torba Czarna W Białe Kółka
7761,2024-02-17,78172,Poznań Gł. - Ustka,Jastrowie,Robot Kuchenny Bosch
7762,2024-02-17,78172,Poznań Gł. - Ustka,Chodzież,Torba Turystyczna
7763,2024-02-16,81102,Swinoujscie-Suwałki,Białystok,Legitymacja Szkolna
7764,2024-02-16,3524,Kraków Gł. - Olsztyn Gł.,Nasielsk,Torba
7765,2024-02-16,85102,Szczecin Gł. - Olsztyn Gł.,Gdańsk Wrzeszcz,Słuchawki
7766,2024-02-16,25100,Chełm - Bydgoszcz Gł.,Kutno,Plecak
7767,2024-02-16,5324,Olsztyn Gł. - Kraków Gł.,Kraków Główny,Czapka
7768,2024-02-15,11106,Warszawa Wschodnia-Terespol,Biała Podlaska,Plecak
7769,2024-02-15,17104,Warszawa Wsch. - Poznań Gł.,Koło,Czapka
7770,2024-02-15,45,Berlin Hbf - Warszawa Wsch.,Frankfurt,Portfel
7771,2024-02-14,17100,Warszawa Wsch. - Zielona Góra Gł.,Zielona Góra Główna,Czapka
7772,2024-02-14,17104,,Poznań Główny,Granatowa Walizka
7773,2024-02-14,83170,Kołobrzeg - Kraków Gł.,Skarżysko-Kamienna,Torebka
7774,2024-02-14,27100,,Zielona Góra Główna,Słuchawki Marki Marshll
7775,2024-02-13,113,Praha-Vršovice - Warszawa Gdańska,Zawiercie,Smartfon
7776,2024-02-12,48100,Katowice - Słupsk,Sławno,Telefon
7777,2024-02-09,43001,Praha Versovice - Przemysl Główny,Przemyśl Główny,Walizka
7778,2024-02-12,81110,Piła Gł. - Warszawa Wsch.,Warszawa Centralna,Portfel Z Dokumentami I Gotówką
7779,2024-02-11,85100,Szczecin Gł. - Gdańsk Gł.,Gdańsk Główny,Parasolka
7780,2024-02-11,1304,Warszawa Wschodnia-Kraków Gł.,Kraków Główny,Słuchawki
7781,2024-02-11,4506,Bielsko-Biała Gł. - Gdynia Gł.,Gdańsk Oliwa,Walizka
7782,2024-02-11,1526,Warszawa Wsch- Bydgoszcz Gł,Łowicz Główny,Ciemnozielony Plecak Puma
7783,2024-02-10,65103,Wrocław Główny- Olsztyn Główny,Olsztyn Główny,Czarne Słuchawki
7784,2024-02-10,28104,Hrubieszów Miasto - Świnoujście,Sochaczew,Telefon Komórkowy
7785,2024-02-10,28104,Hrubieszów Miasto - Świnoujście,Sochaczew,Statyw
7786,2024-02-09,5360,Gdynia Gł. - Zakopane,Łódź Widzew,Torebka Nerka Czarna W Środku Portfel Z Dokumentami I 310 Zł Gotówki Oraz Parasol Czarny I Czapka W Tym Samym Kolorze
7787,2024-02-09,73104,Zielona Góra Gł. - Przemyśl Gł.,Przemyśl Główny,Plecak Niebieski
7788,2024-02-09,18100,Warszawa Wsch. - Szczecin Gł.,Wronki,Klucze Do Samochodu
7789,2024-02-07,,,Łódź Fabryczna,Teczka
7790,2024-02-08,5406,Gdynia Gł. - Bielsko-Biała Gł.,Bielsko-Biała Główna,Mała Walizka
7791,2024-02-08,3514,Krakow-Gdynia,,Telefon Samsung
7792,2024-02-08,18102,Suwałki - Świnoujście,Koło,"Torba  Czarna  Z Logo ,,Puma,,"
7793,2024-02-08,7320,Poznań Gł. - Kraków Gł.,Kraków Główny,Torba
7794,2024-02-08,18102,Suwałki - Świnoujście,Konin,Walizka
7795,2024-02-07,82100,Szczecin Gł. - Lublin Gł.,Lublin Główny,Beżowe Futerko
7796,2024-02-07,3512,Kraków Gł. - Gdynia Gł.,Gdynia Główna,Książka
7797,2024-02-07,1310,Warszawa-Kraków,Kraków Główny,Etui Na Słuchawki
7798,2024-02-07,52101,Bydgoszcz Gł./Lublin Gł.,Lublin,Dokumenty
7799,2024-02-06,57100,Olsztyn Gł. - Zielona Góra Gł.,Zielona Góra Główna,Książki
7800,2024-02-06,6302,Wrocław Gł. - Przemyśl Gł.,Bochnia,Telefon Komórkowy
7801,2024-02-05,3800,Kraków Gł. - Kołobrzeg,Kołobrzeg,Ładowarka Do Telefonu
7802,2024-02-05,38100,Lublin Główny-Gorzów Wielkopolski,Lublin,Papierowa Torba Z Pojemnikami Za Żywność
7803,2024-02-04,1201,Łódź Fabryczna -Lublin,Lublin,Legitymacja Studencka
7804,2024-02-03,6120,Wrocław Gł. - Warszawa Wsch.,Łask,Telefon
7805,2024-02-03,68101,Wrocław Gł. - Kołobrzeg,Poznań Główny,Torba
7806,2024-02-02,57100,Olsztyn Gł. - Zielona Góra Gł.,Zbąszyń,"Nerka, Portfel, Chusteczki Higieniczne"
7807,2024-02-02,61100,Szklarska Por.G. - Warszawa Wsch.,Sędzisław,Rękawiczki
7808,2024-02-01,87172,Ustka - Poznań Gł.,Szczecinek,Telefon Komórkowy
7809,2024-02-01,62102,Wrocław Gł. - Lublin Gł.,Lublin Główny,Książka
7810,2024-02-01,5312,Gdynia Gł. - Kraków Gł.,Gniezno,Zegarek
